Record Length,2.500000e+03,,   0.000117000000,   9.60000,
Sample Interval,4.000000e-09,,   0.000117004000,   9.60000,
Trigger Point,-2.925000000000e+04,,   0.000117008000,   9.60000,
,,,   0.000117012000,  10.00000,
,,,   0.000117016000,   9.80000,
,,,   0.000117020000,   9.80000,
Source,MATH,,   0.000117024000,   9.80000,
Vertical Units,V,,   0.000117028000,   9.80000,
Vertical Scale,5.000000e+00,,   0.000117032000,   9.60000,
Vertical Offset,0.000000e+00,,   0.000117036000,   9.60000,
Horizontal Units,s,,   0.000117040000,  10.00000,
Horizontal Scale,1.000000e-06,,   0.000117044000,   9.40000,
Pt Fmt,Y,,   0.000117048000,   9.80000,
Yzero,0.000000e+00,,   0.000117052000,  10.00000,
Probe Atten,1.000000e+00,,   0.000117056000,   9.80000,
Model Number,TDS2004C,,   0.000117060000,   9.80000,
Serial Number,C012246,,   0.000117064000,   9.60000,
Firmware Version,FV:v24.18,,   0.000117068000,   9.60000,
,,,0.000117072000,   9.60000,
,,,0.000117076000,   9.60000,
,,,0.000117080000,   9.80000,
,,,0.000117084000,   9.60000,
,,,0.000117088000,   9.60000,
,,,0.000117092000,   9.60000,
,,,0.000117096000,   9.60000,
,,,0.000117100000,   9.40000,
,,,0.000117104000,   9.60000,
,,,0.000117108000,  10.00000,
,,,0.000117112000,  10.00000,
,,,0.000117116000,   9.80000,
,,,0.000117120000,   9.60000,
,,,0.000117124000,   9.80000,
,,,0.000117128000,   9.80000,
,,,0.000117132000,   9.80000,
,,,0.000117136000,   9.80000,
,,,0.000117140000,  10.00000,
,,,0.000117144000,   9.60000,
,,,0.000117148000,   9.80000,
,,,0.000117152000,   9.80000,
,,,0.000117156000,   9.60000,
,,,0.000117160000,   9.60000,
,,,0.000117164000,   9.80000,
,,,0.000117168000,   9.60000,
,,,0.000117172000,  10.00000,
,,,0.000117176000,  10.00000,
,,,0.000117180000,   9.60000,
,,,0.000117184000,   9.80000,
,,,0.000117188000,   9.40000,
,,,0.000117192000,   9.20000,
,,,0.000117196000,  10.00000,
,,,0.000117200000,   9.60000,
,,,0.000117204000,   9.80000,
,,,0.000117208000,  10.00000,
,,,0.000117212000,   9.80000,
,,,0.000117216000,   9.80000,
,,,0.000117220000,   9.80000,
,,,0.000117224000,  10.20000,
,,,0.000117228000,   9.80000,
,,,0.000117232000,   9.80000,
,,,0.000117236000,   9.80000,
,,,0.000117240000,   9.60000,
,,,0.000117244000,   9.80000,
,,,0.000117248000,   9.80000,
,,,0.000117252000,   9.60000,
,,,0.000117256000,   9.80000,
,,,0.000117260000,  10.00000,
,,,0.000117264000,   9.60000,
,,,0.000117268000,   9.80000,
,,,0.000117272000,   9.80000,
,,,0.000117276000,   9.80000,
,,,0.000117280000,   9.60000,
,,,0.000117284000,   9.60000,
,,,0.000117288000,   9.60000,
,,,0.000117292000,   9.80000,
,,,0.000117296000,   9.60000,
,,,0.000117300000,   9.80000,
,,,0.000117304000,   9.60000,
,,,0.000117308000,  10.00000,
,,,0.000117312000,   9.60000,
,,,0.000117316000,   9.80000,
,,,0.000117320000,   9.80000,
,,,0.000117324000,   9.60000,
,,,0.000117328000,   9.80000,
,,,0.000117332000,  10.00000,
,,,0.000117336000,   9.60000,
,,,0.000117340000,   9.60000,
,,,0.000117344000,   9.40000,
,,,0.000117348000,   9.80000,
,,,0.000117352000,   9.60000,
,,,0.000117356000,   9.60000,
,,,0.000117360000,   9.80000,
,,,0.000117364000,   9.80000,
,,,0.000117368000,   9.60000,
,,,0.000117372000,  10.00000,
,,,0.000117376000,   9.80000,
,,,0.000117380000,   9.80000,
,,,0.000117384000,   9.80000,
,,,0.000117388000,   9.80000,
,,,0.000117392000,  10.00000,
,,,0.000117396000,   9.60000,
,,,0.000117400000,   9.60000,
,,,0.000117404000,   9.80000,
,,,0.000117408000,  10.00000,
,,,0.000117412000,  10.00000,
,,,0.000117416000,  10.00000,
,,,0.000117420000,   9.80000,
,,,0.000117424000,   9.80000,
,,,0.000117428000,   9.80000,
,,,0.000117432000,   9.80000,
,,,0.000117436000,   9.80000,
,,,0.000117440000,   9.20000,
,,,0.000117444000,   9.80000,
,,,0.000117448000,   9.80000,
,,,0.000117452000,   9.60000,
,,,0.000117456000,  10.00000,
,,,0.000117460000,   9.80000,
,,,0.000117464000,   9.80000,
,,,0.000117468000,   9.80000,
,,,0.000117472000,   9.60000,
,,,0.000117476000,   9.60000,
,,,0.000117480000,   9.60000,
,,,0.000117484000,   9.80000,
,,,0.000117488000,   9.80000,
,,,0.000117492000,  10.00000,
,,,0.000117496000,   9.80000,
,,,0.000117500000,   9.80000,
,,,0.000117504000,   9.80000,
,,,0.000117508000,  10.00000,
,,,0.000117512000,   9.60000,
,,,0.000117516000,   9.60000,
,,,0.000117520000,  10.00000,
,,,0.000117524000,   9.80000,
,,,0.000117528000,   9.60000,
,,,0.000117532000,   9.60000,
,,,0.000117536000,   9.80000,
,,,0.000117540000,   9.40000,
,,,0.000117544000,   9.60000,
,,,0.000117548000,  10.00000,
,,,0.000117552000,   9.80000,
,,,0.000117556000,   9.60000,
,,,0.000117560000,   9.60000,
,,,0.000117564000,  10.00000,
,,,0.000117568000,  10.00000,
,,,0.000117572000,  10.20000,
,,,0.000117576000,  10.00000,
,,,0.000117580000,  10.00000,
,,,0.000117584000,  10.00000,
,,,0.000117588000,   9.60000,
,,,0.000117592000,   9.80000,
,,,0.000117596000,  10.00000,
,,,0.000117600000,   9.60000,
,,,0.000117604000,   9.80000,
,,,0.000117608000,   9.80000,
,,,0.000117612000,  10.00000,
,,,0.000117616000,   9.80000,
,,,0.000117620000,   9.80000,
,,,0.000117624000,   9.80000,
,,,0.000117628000,   9.80000,
,,,0.000117632000,   9.80000,
,,,0.000117636000,   9.80000,
,,,0.000117640000,   9.80000,
,,,0.000117644000,   9.80000,
,,,0.000117648000,   9.60000,
,,,0.000117652000,  10.00000,
,,,0.000117656000,  10.00000,
,,,0.000117660000,   9.80000,
,,,0.000117664000,   9.80000,
,,,0.000117668000,   9.80000,
,,,0.000117672000,   9.80000,
,,,0.000117676000,   9.80000,
,,,0.000117680000,   9.80000,
,,,0.000117684000,   9.80000,
,,,0.000117688000,  10.00000,
,,,0.000117692000,   9.60000,
,,,0.000117696000,   9.80000,
,,,0.000117700000,   9.80000,
,,,0.000117704000,  10.20000,
,,,0.000117708000,   9.80000,
,,,0.000117712000,   9.80000,
,,,0.000117716000,  10.20000,
,,,0.000117720000,   9.80000,
,,,0.000117724000,  10.00000,
,,,0.000117728000,   9.80000,
,,,0.000117732000,   9.80000,
,,,0.000117736000,   9.60000,
,,,0.000117740000,   9.60000,
,,,0.000117744000,   9.60000,
,,,0.000117748000,   9.80000,
,,,0.000117752000,   9.60000,
,,,0.000117756000,   9.60000,
,,,0.000117760000,   9.80000,
,,,0.000117764000,   9.60000,
,,,0.000117768000,  10.00000,
,,,0.000117772000,  10.00000,
,,,0.000117776000,   9.80000,
,,,0.000117780000,   9.80000,
,,,0.000117784000,   9.60000,
,,,0.000117788000,  10.00000,
,,,0.000117792000,   9.60000,
,,,0.000117796000,   9.60000,
,,,0.000117800000,   9.60000,
,,,0.000117804000,   9.80000,
,,,0.000117808000,   9.60000,
,,,0.000117812000,   9.80000,
,,,0.000117816000,  10.00000,
,,,0.000117820000,  10.00000,
,,,0.000117824000,   9.80000,
,,,0.000117828000,   9.60000,
,,,0.000117832000,  10.00000,
,,,0.000117836000,   9.60000,
,,,0.000117840000,   9.80000,
,,,0.000117844000,   9.60000,
,,,0.000117848000,   9.60000,
,,,0.000117852000,   9.80000,
,,,0.000117856000,   9.60000,
,,,0.000117860000,   9.80000,
,,,0.000117864000,   9.80000,
,,,0.000117868000,   9.60000,
,,,0.000117872000,   9.80000,
,,,0.000117876000,   9.80000,
,,,0.000117880000,   9.80000,
,,,0.000117884000,   9.60000,
,,,0.000117888000,   9.60000,
,,,0.000117892000,   9.80000,
,,,0.000117896000,   9.80000,
,,,0.000117900000,   9.80000,
,,,0.000117904000,  10.00000,
,,,0.000117908000,   9.80000,
,,,0.000117912000,   9.80000,
,,,0.000117916000,  10.00000,
,,,0.000117920000,   9.80000,
,,,0.000117924000,   9.80000,
,,,0.000117928000,   9.60000,
,,,0.000117932000,  10.00000,
,,,0.000117936000,   9.60000,
,,,0.000117940000,   9.60000,
,,,0.000117944000,  10.00000,
,,,0.000117948000,   9.60000,
,,,0.000117952000,   9.80000,
,,,0.000117956000,   9.60000,
,,,0.000117960000,   9.40000,
,,,0.000117964000,   9.80000,
,,,0.000117968000,   9.80000,
,,,0.000117972000,   9.60000,
,,,0.000117976000,   9.60000,
,,,0.000117980000,   9.80000,
,,,0.000117984000,   9.60000,
,,,0.000117988000,   9.80000,
,,,0.000117992000,   9.60000,
,,,0.000117996000,   9.60000,
,,,0.000118000000,   9.80000,
,,,0.000118004000,   9.80000,
,,,0.000118008000,  10.20000,
,,,0.000118012000,  10.00000,
,,,0.000118016000,  10.00000,
,,,0.000118020000,  10.00000,
,,,0.000118024000,  10.00000,
,,,0.000118028000,   9.80000,
,,,0.000118032000,   9.80000,
,,,0.000118036000,  10.00000,
,,,0.000118040000,   9.60000,
,,,0.000118044000,   9.80000,
,,,0.000118048000,   9.80000,
,,,0.000118052000,  10.00000,
,,,0.000118056000,   9.80000,
,,,0.000118060000,   9.80000,
,,,0.000118064000,   9.80000,
,,,0.000118068000,   9.80000,
,,,0.000118072000,   9.60000,
,,,0.000118076000,   9.80000,
,,,0.000118080000,   9.80000,
,,,0.000118084000,  10.00000,
,,,0.000118088000,   9.80000,
,,,0.000118092000,   9.80000,
,,,0.000118096000,   9.60000,
,,,0.000118100000,  10.20000,
,,,0.000118104000,   9.80000,
,,,0.000118108000,   9.80000,
,,,0.000118112000,  10.00000,
,,,0.000118116000,  10.00000,
,,,0.000118120000,   9.80000,
,,,0.000118124000,  10.00000,
,,,0.000118128000,  10.00000,
,,,0.000118132000,   9.40000,
,,,0.000118136000,   9.20000,
,,,0.000118140000,   9.60000,
,,,0.000118144000,   9.60000,
,,,0.000118148000,   9.80000,
,,,0.000118152000,   9.80000,
,,,0.000118156000,   9.80000,
,,,0.000118160000,   9.80000,
,,,0.000118164000,  10.40000,
,,,0.000118168000,   9.80000,
,,,0.000118172000,   9.80000,
,,,0.000118176000,   9.60000,
,,,0.000118180000,   9.60000,
,,,0.000118184000,  10.20000,
,,,0.000118188000,   9.60000,
,,,0.000118192000,   9.80000,
,,,0.000118196000,   9.80000,
,,,0.000118200000,   9.80000,
,,,0.000118204000,  10.00000,
,,,0.000118208000,   9.80000,
,,,0.000118212000,   9.80000,
,,,0.000118216000,   9.80000,
,,,0.000118220000,   9.80000,
,,,0.000118224000,   9.80000,
,,,0.000118228000,  10.00000,
,,,0.000118232000,   9.60000,
,,,0.000118236000,   9.60000,
,,,0.000118240000,   9.80000,
,,,0.000118244000,   9.80000,
,,,0.000118248000,   9.80000,
,,,0.000118252000,   9.80000,
,,,0.000118256000,   9.60000,
,,,0.000118260000,   9.60000,
,,,0.000118264000,   9.40000,
,,,0.000118268000,   9.60000,
,,,0.000118272000,   9.80000,
,,,0.000118276000,   9.60000,
,,,0.000118280000,   9.80000,
,,,0.000118284000,   9.80000,
,,,0.000118288000,   9.60000,
,,,0.000118292000,   9.80000,
,,,0.000118296000,   9.80000,
,,,0.000118300000,  10.00000,
,,,0.000118304000,   9.60000,
,,,0.000118308000,   9.80000,
,,,0.000118312000,   9.80000,
,,,0.000118316000,   9.80000,
,,,0.000118320000,   9.60000,
,,,0.000118324000,   9.60000,
,,,0.000118328000,   9.80000,
,,,0.000118332000,   9.80000,
,,,0.000118336000,   9.80000,
,,,0.000118340000,   9.80000,
,,,0.000118344000,   9.80000,
,,,0.000118348000,   9.80000,
,,,0.000118352000,   9.60000,
,,,0.000118356000,   9.40000,
,,,0.000118360000,  10.00000,
,,,0.000118364000,  10.00000,
,,,0.000118368000,   9.80000,
,,,0.000118372000,   9.80000,
,,,0.000118376000,   9.80000,
,,,0.000118380000,   9.60000,
,,,0.000118384000,  10.00000,
,,,0.000118388000,   9.80000,
,,,0.000118392000,   9.80000,
,,,0.000118396000,   9.80000,
,,,0.000118400000,  10.00000,
,,,0.000118404000,   9.80000,
,,,0.000118408000,   9.80000,
,,,0.000118412000,   9.80000,
,,,0.000118416000,  10.00000,
,,,0.000118420000,   9.80000,
,,,0.000118424000,   9.60000,
,,,0.000118428000,   9.40000,
,,,0.000118432000,   9.80000,
,,,0.000118436000,  10.00000,
,,,0.000118440000,   9.60000,
,,,0.000118444000,   9.80000,
,,,0.000118448000,  10.20000,
,,,0.000118452000,  10.00000,
,,,0.000118456000,   9.80000,
,,,0.000118460000,   9.60000,
,,,0.000118464000,  10.00000,
,,,0.000118468000,  10.00000,
,,,0.000118472000,   9.60000,
,,,0.000118476000,   9.40000,
,,,0.000118480000,  10.00000,
,,,0.000118484000,   9.60000,
,,,0.000118488000,   9.80000,
,,,0.000118492000,   9.80000,
,,,0.000118496000,  10.20000,
,,,0.000118500000,  10.00000,
,,,0.000118504000,   9.80000,
,,,0.000118508000,  10.00000,
,,,0.000118512000,   9.80000,
,,,0.000118516000,   9.60000,
,,,0.000118520000,   9.80000,
,,,0.000118524000,   9.80000,
,,,0.000118528000,   9.60000,
,,,0.000118532000,   9.80000,
,,,0.000118536000,  10.00000,
,,,0.000118540000,   9.80000,
,,,0.000118544000,   9.40000,
,,,0.000118548000,   9.80000,
,,,0.000118552000,   9.60000,
,,,0.000118556000,   9.80000,
,,,0.000118560000,  10.00000,
,,,0.000118564000,   9.80000,
,,,0.000118568000,   9.80000,
,,,0.000118572000,   9.80000,
,,,0.000118576000,   9.80000,
,,,0.000118580000,  10.00000,
,,,0.000118584000,   9.60000,
,,,0.000118588000,   9.60000,
,,,0.000118592000,  10.00000,
,,,0.000118596000,  10.00000,
,,,0.000118600000,   9.80000,
,,,0.000118604000,   9.80000,
,,,0.000118608000,  10.00000,
,,,0.000118612000,   9.80000,
,,,0.000118616000,   9.80000,
,,,0.000118620000,   9.80000,
,,,0.000118624000,   9.60000,
,,,0.000118628000,   9.60000,
,,,0.000118632000,   9.80000,
,,,0.000118636000,   9.80000,
,,,0.000118640000,   9.40000,
,,,0.000118644000,   9.60000,
,,,0.000118648000,   9.40000,
,,,0.000118652000,   9.40000,
,,,0.000118656000,   9.60000,
,,,0.000118660000,   9.80000,
,,,0.000118664000,   9.60000,
,,,0.000118668000,  10.00000,
,,,0.000118672000,   9.80000,
,,,0.000118676000,   9.60000,
,,,0.000118680000,   9.60000,
,,,0.000118684000,   9.60000,
,,,0.000118688000,   9.60000,
,,,0.000118692000,  10.00000,
,,,0.000118696000,  10.00000,
,,,0.000118700000,   9.60000,
,,,0.000118704000,   9.60000,
,,,0.000118708000,   9.40000,
,,,0.000118712000,   9.80000,
,,,0.000118716000,   9.80000,
,,,0.000118720000,   9.40000,
,,,0.000118724000,  10.20000,
,,,0.000118728000,   9.60000,
,,,0.000118732000,   9.80000,
,,,0.000118736000,   9.80000,
,,,0.000118740000,   9.60000,
,,,0.000118744000,  10.20000,
,,,0.000118748000,   9.80000,
,,,0.000118752000,   9.80000,
,,,0.000118756000,   9.80000,
,,,0.000118760000,  10.00000,
,,,0.000118764000,   9.40000,
,,,0.000118768000,   9.60000,
,,,0.000118772000,   9.80000,
,,,0.000118776000,   9.60000,
,,,0.000118780000,  10.00000,
,,,0.000118784000,  10.00000,
,,,0.000118788000,   9.60000,
,,,0.000118792000,   9.80000,
,,,0.000118796000,   9.80000,
,,,0.000118800000,  10.00000,
,,,0.000118804000,   9.60000,
,,,0.000118808000,   9.80000,
,,,0.000118812000,   9.80000,
,,,0.000118816000,   9.80000,
,,,0.000118820000,   9.80000,
,,,0.000118824000,   9.60000,
,,,0.000118828000,   9.80000,
,,,0.000118832000,   9.80000,
,,,0.000118836000,   9.60000,
,,,0.000118840000,   9.40000,
,,,0.000118844000,   9.80000,
,,,0.000118848000,   9.60000,
,,,0.000118852000,   9.80000,
,,,0.000118856000,   9.60000,
,,,0.000118860000,   9.60000,
,,,0.000118864000,   9.80000,
,,,0.000118868000,   9.60000,
,,,0.000118872000,   9.60000,
,,,0.000118876000,   9.80000,
,,,0.000118880000,   9.60000,
,,,0.000118884000,   9.80000,
,,,0.000118888000,   9.80000,
,,,0.000118892000,  10.00000,
,,,0.000118896000,   9.60000,
,,,0.000118900000,   9.60000,
,,,0.000118904000,   9.60000,
,,,0.000118908000,   9.80000,
,,,0.000118912000,   9.60000,
,,,0.000118916000,  10.00000,
,,,0.000118920000,  10.00000,
,,,0.000118924000,   9.60000,
,,,0.000118928000,   9.60000,
,,,0.000118932000,   9.60000,
,,,0.000118936000,   9.80000,
,,,0.000118940000,   9.80000,
,,,0.000118944000,   9.80000,
,,,0.000118948000,   9.60000,
,,,0.000118952000,   9.80000,
,,,0.000118956000,  10.20000,
,,,0.000118960000,   9.60000,
,,,0.000118964000,   9.60000,
,,,0.000118968000,   9.80000,
,,,0.000118972000,   9.80000,
,,,0.000118976000,   9.80000,
,,,0.000118980000,   9.60000,
,,,0.000118984000,   9.80000,
,,,0.000118988000,   9.80000,
,,,0.000118992000,  10.00000,
,,,0.000118996000,   9.80000,
,,,0.000119000000,   9.80000,
,,,0.000119004000,  10.00000,
,,,0.000119008000,   9.80000,
,,,0.000119012000,   9.60000,
,,,0.000119016000,   9.60000,
,,,0.000119020000,  10.00000,
,,,0.000119024000,   9.60000,
,,,0.000119028000,   9.80000,
,,,0.000119032000,   9.80000,
,,,0.000119036000,   9.60000,
,,,0.000119040000,  10.00000,
,,,0.000119044000,  10.00000,
,,,0.000119048000,   9.80000,
,,,0.000119052000,   9.60000,
,,,0.000119056000,   9.80000,
,,,0.000119060000,   9.60000,
,,,0.000119064000,   9.60000,
,,,0.000119068000,   9.80000,
,,,0.000119072000,   9.60000,
,,,0.000119076000,   9.60000,
,,,0.000119080000,   9.80000,
,,,0.000119084000,   9.80000,
,,,0.000119088000,   9.60000,
,,,0.000119092000,  10.00000,
,,,0.000119096000,  10.00000,
,,,0.000119100000,   9.60000,
,,,0.000119104000,   9.80000,
,,,0.000119108000,   9.80000,
,,,0.000119112000,   9.80000,
,,,0.000119116000,   9.40000,
,,,0.000119120000,  10.00000,
,,,0.000119124000,   9.80000,
,,,0.000119128000,   9.60000,
,,,0.000119132000,   9.80000,
,,,0.000119136000,   9.80000,
,,,0.000119140000,   9.80000,
,,,0.000119144000,   9.40000,
,,,0.000119148000,   9.60000,
,,,0.000119152000,  10.00000,
,,,0.000119156000,  10.00000,
,,,0.000119160000,   9.80000,
,,,0.000119164000,   9.60000,
,,,0.000119168000,   9.80000,
,,,0.000119172000,   9.40000,
,,,0.000119176000,   9.80000,
,,,0.000119180000,  10.00000,
,,,0.000119184000,   9.60000,
,,,0.000119188000,   9.80000,
,,,0.000119192000,   9.80000,
,,,0.000119196000,  10.00000,
,,,0.000119200000,   9.80000,
,,,0.000119204000,   9.80000,
,,,0.000119208000,   9.60000,
,,,0.000119212000,   9.60000,
,,,0.000119216000,   9.80000,
,,,0.000119220000,   9.60000,
,,,0.000119224000,  10.00000,
,,,0.000119228000,   9.80000,
,,,0.000119232000,  10.00000,
,,,0.000119236000,  10.00000,
,,,0.000119240000,  10.00000,
,,,0.000119244000,   9.80000,
,,,0.000119248000,  10.00000,
,,,0.000119252000,  10.00000,
,,,0.000119256000,   9.80000,
,,,0.000119260000,   9.80000,
,,,0.000119264000,  10.00000,
,,,0.000119268000,  10.00000,
,,,0.000119272000,  10.00000,
,,,0.000119276000,   9.60000,
,,,0.000119280000,   9.80000,
,,,0.000119284000,   9.80000,
,,,0.000119288000,   9.80000,
,,,0.000119292000,  10.00000,
,,,0.000119296000,   9.60000,
,,,0.000119300000,   9.80000,
,,,0.000119304000,   9.80000,
,,,0.000119308000,   9.80000,
,,,0.000119312000,   9.80000,
,,,0.000119316000,   9.60000,
,,,0.000119320000,   9.40000,
,,,0.000119324000,   9.80000,
,,,0.000119328000,   9.60000,
,,,0.000119332000,   9.60000,
,,,0.000119336000,   9.80000,
,,,0.000119340000,   9.40000,
,,,0.000119344000,   9.60000,
,,,0.000119348000,   9.80000,
,,,0.000119352000,  10.00000,
,,,0.000119356000,   9.60000,
,,,0.000119360000,   9.80000,
,,,0.000119364000,   9.40000,
,,,0.000119368000,   9.60000,
,,,0.000119372000,  10.00000,
,,,0.000119376000,   9.60000,
,,,0.000119380000,   9.60000,
,,,0.000119384000,   9.80000,
,,,0.000119388000,   9.80000,
,,,0.000119392000,   9.80000,
,,,0.000119396000,  10.00000,
,,,0.000119400000,  10.00000,
,,,0.000119404000,   9.80000,
,,,0.000119408000,   9.80000,
,,,0.000119412000,   9.60000,
,,,0.000119416000,   9.80000,
,,,0.000119420000,   9.80000,
,,,0.000119424000,   9.60000,
,,,0.000119428000,  10.00000,
,,,0.000119432000,   9.60000,
,,,0.000119436000,  10.00000,
,,,0.000119440000,   9.80000,
,,,0.000119444000,   9.80000,
,,,0.000119448000,   9.80000,
,,,0.000119452000,   9.60000,
,,,0.000119456000,   9.40000,
,,,0.000119460000,  10.00000,
,,,0.000119464000,   9.80000,
,,,0.000119468000,   9.60000,
,,,0.000119472000,   9.60000,
,,,0.000119476000,   9.60000,
,,,0.000119480000,   9.80000,
,,,0.000119484000,   9.80000,
,,,0.000119488000,   9.80000,
,,,0.000119492000,   9.60000,
,,,0.000119496000,   9.40000,
,,,0.000119500000,  10.00000,
,,,0.000119504000,   9.60000,
,,,0.000119508000,   9.60000,
,,,0.000119512000,   9.80000,
,,,0.000119516000,  10.00000,
,,,0.000119520000,   9.60000,
,,,0.000119524000,   9.80000,
,,,0.000119528000,  10.00000,
,,,0.000119532000,   9.80000,
,,,0.000119536000,   9.80000,
,,,0.000119540000,   9.40000,
,,,0.000119544000,   9.60000,
,,,0.000119548000,  10.00000,
,,,0.000119552000,  10.00000,
,,,0.000119556000,  10.00000,
,,,0.000119560000,   9.80000,
,,,0.000119564000,   9.60000,
,,,0.000119568000,   9.40000,
,,,0.000119572000,   9.80000,
,,,0.000119576000,   9.60000,
,,,0.000119580000,   9.80000,
,,,0.000119584000,   9.80000,
,,,0.000119588000,  10.00000,
,,,0.000119592000,  10.00000,
,,,0.000119596000,   9.80000,
,,,0.000119600000,  10.00000,
,,,0.000119604000,  10.00000,
,,,0.000119608000,   9.80000,
,,,0.000119612000,   9.80000,
,,,0.000119616000,   9.40000,
,,,0.000119620000,   9.80000,
,,,0.000119624000,   9.80000,
,,,0.000119628000,   9.60000,
,,,0.000119632000,   9.60000,
,,,0.000119636000,   9.80000,
,,,0.000119640000,   9.60000,
,,,0.000119644000,   9.80000,
,,,0.000119648000,  10.00000,
,,,0.000119652000,  10.20000,
,,,0.000119656000,   9.80000,
,,,0.000119660000,   9.80000,
,,,0.000119664000,   9.60000,
,,,0.000119668000,  10.20000,
,,,0.000119672000,   9.60000,
,,,0.000119676000,   9.60000,
,,,0.000119680000,   9.80000,
,,,0.000119684000,  10.00000,
,,,0.000119688000,   9.60000,
,,,0.000119692000,  10.00000,
,,,0.000119696000,  10.00000,
,,,0.000119700000,  10.00000,
,,,0.000119704000,   9.60000,
,,,0.000119708000,  10.20000,
,,,0.000119712000,   9.80000,
,,,0.000119716000,   9.80000,
,,,0.000119720000,   9.80000,
,,,0.000119724000,   9.80000,
,,,0.000119728000,   9.80000,
,,,0.000119732000,   9.80000,
,,,0.000119736000,   9.60000,
,,,0.000119740000,  10.00000,
,,,0.000119744000,   9.80000,
,,,0.000119748000,   9.80000,
,,,0.000119752000,   9.80000,
,,,0.000119756000,   9.80000,
,,,0.000119760000,   9.60000,
,,,0.000119764000,   9.80000,
,,,0.000119768000,   9.80000,
,,,0.000119772000,   9.60000,
,,,0.000119776000,   9.80000,
,,,0.000119780000,   9.40000,
,,,0.000119784000,   9.80000,
,,,0.000119788000,   9.60000,
,,,0.000119792000,   9.60000,
,,,0.000119796000,  10.00000,
,,,0.000119800000,   9.80000,
,,,0.000119804000,   9.80000,
,,,0.000119808000,   9.80000,
,,,0.000119812000,  10.00000,
,,,0.000119816000,   9.60000,
,,,0.000119820000,   9.80000,
,,,0.000119824000,   9.60000,
,,,0.000119828000,   9.80000,
,,,0.000119832000,   9.40000,
,,,0.000119836000,   9.80000,
,,,0.000119840000,   9.40000,
,,,0.000119844000,   9.40000,
,,,0.000119848000,   9.60000,
,,,0.000119852000,   9.60000,
,,,0.000119856000,   9.80000,
,,,0.000119860000,   9.80000,
,,,0.000119864000,   9.60000,
,,,0.000119868000,   9.60000,
,,,0.000119872000,   9.60000,
,,,0.000119876000,   9.60000,
,,,0.000119880000,   9.60000,
,,,0.000119884000,   9.80000,
,,,0.000119888000,   9.60000,
,,,0.000119892000,   9.60000,
,,,0.000119896000,   9.80000,
,,,0.000119900000,  10.00000,
,,,0.000119904000,   9.80000,
,,,0.000119908000,   9.60000,
,,,0.000119912000,  10.00000,
,,,0.000119916000,   9.60000,
,,,0.000119920000,   9.60000,
,,,0.000119924000,  10.00000,
,,,0.000119928000,   9.80000,
,,,0.000119932000,  10.00000,
,,,0.000119936000,  10.00000,
,,,0.000119940000,   9.40000,
,,,0.000119944000,  10.00000,
,,,0.000119948000,  10.00000,
,,,0.000119952000,   9.80000,
,,,0.000119956000,   9.20000,
,,,0.000119960000,   9.60000,
,,,0.000119964000,   9.60000,
,,,0.000119968000,  10.00000,
,,,0.000119972000,  10.00000,
,,,0.000119976000,   9.80000,
,,,0.000119980000,   9.80000,
,,,0.000119984000,  10.00000,
,,,0.000119988000,  10.00000,
,,,0.000119992000,   9.60000,
,,,0.000119996000,  10.00000,
,,,0.000120000000,   9.60000,
,,,0.000120004000,   9.80000,
,,,0.000120008000,   9.60000,
,,,0.000120012000,   9.60000,
,,,0.000120016000,   9.80000,
,,,0.000120020000,   9.60000,
,,,0.000120024000,   9.60000,
,,,0.000120028000,   9.80000,
,,,0.000120032000,  10.00000,
,,,0.000120036000,   9.60000,
,,,0.000120040000,   9.80000,
,,,0.000120044000,   9.80000,
,,,0.000120048000,   9.80000,
,,,0.000120052000,   9.80000,
,,,0.000120056000,   9.80000,
,,,0.000120060000,   9.60000,
,,,0.000120064000,   9.80000,
,,,0.000120068000,   9.80000,
,,,0.000120072000,   9.80000,
,,,0.000120076000,   9.80000,
,,,0.000120080000,  10.00000,
,,,0.000120084000,  10.00000,
,,,0.000120088000,   9.80000,
,,,0.000120092000,  10.00000,
,,,0.000120096000,   9.80000,
,,,0.000120100000,   9.80000,
,,,0.000120104000,  10.20000,
,,,0.000120108000,   9.80000,
,,,0.000120112000,   9.80000,
,,,0.000120116000,   9.80000,
,,,0.000120120000,   9.60000,
,,,0.000120124000,   9.80000,
,,,0.000120128000,   9.60000,
,,,0.000120132000,   9.80000,
,,,0.000120136000,   9.80000,
,,,0.000120140000,   9.60000,
,,,0.000120144000,  10.00000,
,,,0.000120148000,   9.80000,
,,,0.000120152000,   9.80000,
,,,0.000120156000,   9.80000,
,,,0.000120160000,   9.40000,
,,,0.000120164000,   9.80000,
,,,0.000120168000,   9.60000,
,,,0.000120172000,   9.80000,
,,,0.000120176000,   9.60000,
,,,0.000120180000,   9.80000,
,,,0.000120184000,   9.60000,
,,,0.000120188000,  10.00000,
,,,0.000120192000,  10.00000,
,,,0.000120196000,  10.00000,
,,,0.000120200000,  10.00000,
,,,0.000120204000,   9.60000,
,,,0.000120208000,   9.80000,
,,,0.000120212000,   9.60000,
,,,0.000120216000,   9.80000,
,,,0.000120220000,   9.80000,
,,,0.000120224000,   9.60000,
,,,0.000120228000,   9.60000,
,,,0.000120232000,   9.80000,
,,,0.000120236000,   9.80000,
,,,0.000120240000,   9.60000,
,,,0.000120244000,   9.60000,
,,,0.000120248000,   9.20000,
,,,0.000120252000,   9.40000,
,,,0.000120256000,   9.80000,
,,,0.000120260000,   9.80000,
,,,0.000120264000,   9.60000,
,,,0.000120268000,   9.60000,
,,,0.000120272000,   9.80000,
,,,0.000120276000,   9.60000,
,,,0.000120280000,   9.80000,
,,,0.000120284000,   9.60000,
,,,0.000120288000,   9.40000,
,,,0.000120292000,   9.80000,
,,,0.000120296000,   9.80000,
,,,0.000120300000,   9.80000,
,,,0.000120304000,   9.80000,
,,,0.000120308000,  10.00000,
,,,0.000120312000,   9.60000,
,,,0.000120316000,   9.80000,
,,,0.000120320000,  10.00000,
,,,0.000120324000,   9.40000,
,,,0.000120328000,   9.60000,
,,,0.000120332000,   9.60000,
,,,0.000120336000,   9.60000,
,,,0.000120340000,   9.60000,
,,,0.000120344000,  10.20000,
,,,0.000120348000,  10.00000,
,,,0.000120352000,   9.80000,
,,,0.000120356000,   9.40000,
,,,0.000120360000,   9.60000,
,,,0.000120364000,  10.00000,
,,,0.000120368000,   9.60000,
,,,0.000120372000,   9.60000,
,,,0.000120376000,   9.80000,
,,,0.000120380000,   9.80000,
,,,0.000120384000,  10.00000,
,,,0.000120388000,  10.00000,
,,,0.000120392000,  10.20000,
,,,0.000120396000,   9.60000,
,,,0.000120400000,  10.00000,
,,,0.000120404000,  10.00000,
,,,0.000120408000,   9.60000,
,,,0.000120412000,   9.80000,
,,,0.000120416000,   9.60000,
,,,0.000120420000,   9.60000,
,,,0.000120424000,   9.80000,
,,,0.000120428000,   9.80000,
,,,0.000120432000,   9.80000,
,,,0.000120436000,   9.80000,
,,,0.000120440000,   9.60000,
,,,0.000120444000,   9.80000,
,,,0.000120448000,   9.80000,
,,,0.000120452000,   9.60000,
,,,0.000120456000,   9.60000,
,,,0.000120460000,   9.80000,
,,,0.000120464000,   9.60000,
,,,0.000120468000,   9.80000,
,,,0.000120472000,   9.60000,
,,,0.000120476000,  10.00000,
,,,0.000120480000,   9.80000,
,,,0.000120484000,   9.80000,
,,,0.000120488000,  10.00000,
,,,0.000120492000,   9.60000,
,,,0.000120496000,   9.80000,
,,,0.000120500000,   9.80000,
,,,0.000120504000,   9.80000,
,,,0.000120508000,   9.40000,
,,,0.000120512000,   9.80000,
,,,0.000120516000,   9.80000,
,,,0.000120520000,   9.80000,
,,,0.000120524000,   9.60000,
,,,0.000120528000,   9.60000,
,,,0.000120532000,   9.80000,
,,,0.000120536000,   9.80000,
,,,0.000120540000,  10.20000,
,,,0.000120544000,   9.60000,
,,,0.000120548000,   9.80000,
,,,0.000120552000,   9.60000,
,,,0.000120556000,   9.80000,
,,,0.000120560000,   9.80000,
,,,0.000120564000,   9.60000,
,,,0.000120568000,   9.80000,
,,,0.000120572000,   9.60000,
,,,0.000120576000,   9.60000,
,,,0.000120580000,   9.60000,
,,,0.000120584000,   9.40000,
,,,0.000120588000,  10.00000,
,,,0.000120592000,   9.40000,
,,,0.000120596000,  10.00000,
,,,0.000120600000,   9.60000,
,,,0.000120604000,  10.00000,
,,,0.000120608000,   9.60000,
,,,0.000120612000,   9.80000,
,,,0.000120616000,   9.60000,
,,,0.000120620000,   9.60000,
,,,0.000120624000,   9.60000,
,,,0.000120628000,   9.80000,
,,,0.000120632000,   9.40000,
,,,0.000120636000,   9.60000,
,,,0.000120640000,   9.80000,
,,,0.000120644000,   9.40000,
,,,0.000120648000,   9.60000,
,,,0.000120652000,   9.40000,
,,,0.000120656000,   9.60000,
,,,0.000120660000,   9.20000,
,,,0.000120664000,   9.60000,
,,,0.000120668000,   9.60000,
,,,0.000120672000,   9.60000,
,,,0.000120676000,  10.00000,
,,,0.000120680000,   9.60000,
,,,0.000120684000,   9.40000,
,,,0.000120688000,   9.80000,
,,,0.000120692000,   9.80000,
,,,0.000120696000,   9.80000,
,,,0.000120700000,   9.60000,
,,,0.000120704000,  10.00000,
,,,0.000120708000,   9.60000,
,,,0.000120712000,   9.40000,
,,,0.000120716000,   9.60000,
,,,0.000120720000,   9.80000,
,,,0.000120724000,   9.80000,
,,,0.000120728000,   9.60000,
,,,0.000120732000,   9.80000,
,,,0.000120736000,   9.60000,
,,,0.000120740000,   9.60000,
,,,0.000120744000,  10.00000,
,,,0.000120748000,   9.80000,
,,,0.000120752000,   9.60000,
,,,0.000120756000,   9.40000,
,,,0.000120760000,   9.80000,
,,,0.000120764000,   9.80000,
,,,0.000120768000,   9.40000,
,,,0.000120772000,   9.80000,
,,,0.000120776000,  10.00000,
,,,0.000120780000,  10.00000,
,,,0.000120784000,  10.00000,
,,,0.000120788000,  10.00000,
,,,0.000120792000,   9.80000,
,,,0.000120796000,   9.80000,
,,,0.000120800000,   9.60000,
,,,0.000120804000,   9.40000,
,,,0.000120808000,   9.80000,
,,,0.000120812000,   9.80000,
,,,0.000120816000,   9.40000,
,,,0.000120820000,   9.80000,
,,,0.000120824000,   9.60000,
,,,0.000120828000,   9.60000,
,,,0.000120832000,  10.00000,
,,,0.000120836000,   9.60000,
,,,0.000120840000,   9.80000,
,,,0.000120844000,   9.80000,
,,,0.000120848000,   9.80000,
,,,0.000120852000,   9.60000,
,,,0.000120856000,   9.80000,
,,,0.000120860000,   9.40000,
,,,0.000120864000,   9.80000,
,,,0.000120868000,   9.80000,
,,,0.000120872000,  10.00000,
,,,0.000120876000,   9.60000,
,,,0.000120880000,  10.00000,
,,,0.000120884000,   9.40000,
,,,0.000120888000,   9.80000,
,,,0.000120892000,   9.80000,
,,,0.000120896000,  10.00000,
,,,0.000120900000,   9.80000,
,,,0.000120904000,   9.80000,
,,,0.000120908000,   9.60000,
,,,0.000120912000,   9.40000,
,,,0.000120916000,   9.80000,
,,,0.000120920000,   9.80000,
,,,0.000120924000,   9.60000,
,,,0.000120928000,   9.80000,
,,,0.000120932000,   9.80000,
,,,0.000120936000,  10.20000,
,,,0.000120940000,   9.40000,
,,,0.000120944000,   9.80000,
,,,0.000120948000,   9.60000,
,,,0.000120952000,   9.80000,
,,,0.000120956000,   9.80000,
,,,0.000120960000,   9.40000,
,,,0.000120964000,   9.60000,
,,,0.000120968000,   9.60000,
,,,0.000120972000,   9.80000,
,,,0.000120976000,   9.60000,
,,,0.000120980000,   9.80000,
,,,0.000120984000,  10.00000,
,,,0.000120988000,   9.60000,
,,,0.000120992000,   9.60000,
,,,0.000120996000,   9.60000,
,,,0.000121000000,   9.80000,
,,,0.000121004000,   9.40000,
,,,0.000121008000,   9.60000,
,,,0.000121012000,   9.60000,
,,,0.000121016000,   9.40000,
,,,0.000121020000,   9.60000,
,,,0.000121024000,   9.40000,
,,,0.000121028000,   9.60000,
,,,0.000121032000,   9.80000,
,,,0.000121036000,   9.40000,
,,,0.000121040000,   9.40000,
,,,0.000121044000,   9.40000,
,,,0.000121048000,   9.60000,
,,,0.000121052000,   9.40000,
,,,0.000121056000,   9.80000,
,,,0.000121060000,   9.60000,
,,,0.000121064000,   9.80000,
,,,0.000121068000,   9.60000,
,,,0.000121072000,   9.80000,
,,,0.000121076000,   9.60000,
,,,0.000121080000,   9.40000,
,,,0.000121084000,   9.80000,
,,,0.000121088000,   9.80000,
,,,0.000121092000,   9.60000,
,,,0.000121096000,   9.60000,
,,,0.000121100000,  10.00000,
,,,0.000121104000,   9.60000,
,,,0.000121108000,   9.60000,
,,,0.000121112000,   9.40000,
,,,0.000121116000,   9.60000,
,,,0.000121120000,   9.60000,
,,,0.000121124000,   9.60000,
,,,0.000121128000,   9.40000,
,,,0.000121132000,   9.40000,
,,,0.000121136000,  10.00000,
,,,0.000121140000,   9.60000,
,,,0.000121144000,   9.80000,
,,,0.000121148000,   9.40000,
,,,0.000121152000,   9.40000,
,,,0.000121156000,  10.00000,
,,,0.000121160000,   9.60000,
,,,0.000121164000,   9.60000,
,,,0.000121168000,   9.40000,
,,,0.000121172000,   9.80000,
,,,0.000121176000,  10.00000,
,,,0.000121180000,   9.40000,
,,,0.000121184000,   9.80000,
,,,0.000121188000,   9.80000,
,,,0.000121192000,   9.80000,
,,,0.000121196000,   9.60000,
,,,0.000121200000,   9.60000,
,,,0.000121204000,   9.60000,
,,,0.000121208000,   9.60000,
,,,0.000121212000,   9.40000,
,,,0.000121216000,   9.60000,
,,,0.000121220000,   9.80000,
,,,0.000121224000,   9.60000,
,,,0.000121228000,   9.80000,
,,,0.000121232000,   9.40000,
,,,0.000121236000,   9.80000,
,,,0.000121240000,   9.60000,
,,,0.000121244000,   9.60000,
,,,0.000121248000,   9.80000,
,,,0.000121252000,   9.80000,
,,,0.000121256000,   9.60000,
,,,0.000121260000,   9.60000,
,,,0.000121264000,   9.60000,
,,,0.000121268000,  10.00000,
,,,0.000121272000,   9.80000,
,,,0.000121276000,   9.80000,
,,,0.000121280000,   9.80000,
,,,0.000121284000,   9.80000,
,,,0.000121288000,   9.60000,
,,,0.000121292000,   9.60000,
,,,0.000121296000,   9.60000,
,,,0.000121300000,   9.20000,
,,,0.000121304000,   9.60000,
,,,0.000121308000,   9.60000,
,,,0.000121312000,   9.40000,
,,,0.000121316000,   9.40000,
,,,0.000121320000,   9.60000,
,,,0.000121324000,   9.80000,
,,,0.000121328000,   9.80000,
,,,0.000121332000,  10.00000,
,,,0.000121336000,   9.40000,
,,,0.000121340000,   9.80000,
,,,0.000121344000,   9.40000,
,,,0.000121348000,   9.60000,
,,,0.000121352000,   9.80000,
,,,0.000121356000,   9.60000,
,,,0.000121360000,   9.40000,
,,,0.000121364000,   9.60000,
,,,0.000121368000,   9.80000,
,,,0.000121372000,   9.40000,
,,,0.000121376000,   9.60000,
,,,0.000121380000,  10.00000,
,,,0.000121384000,  10.00000,
,,,0.000121388000,   9.40000,
,,,0.000121392000,   9.60000,
,,,0.000121396000,   9.80000,
,,,0.000121400000,   9.20000,
,,,0.000121404000,   9.40000,
,,,0.000121408000,   9.40000,
,,,0.000121412000,   9.40000,
,,,0.000121416000,   9.40000,
,,,0.000121420000,   9.80000,
,,,0.000121424000,   9.40000,
,,,0.000121428000,   9.40000,
,,,0.000121432000,   9.60000,
,,,0.000121436000,   9.20000,
,,,0.000121440000,   9.80000,
,,,0.000121444000,   9.40000,
,,,0.000121448000,   9.60000,
,,,0.000121452000,   9.60000,
,,,0.000121456000,   9.60000,
,,,0.000121460000,   9.40000,
,,,0.000121464000,   9.40000,
,,,0.000121468000,   9.60000,
,,,0.000121472000,   9.60000,
,,,0.000121476000,   9.60000,
,,,0.000121480000,   9.40000,
,,,0.000121484000,   9.80000,
,,,0.000121488000,   9.60000,
,,,0.000121492000,   9.40000,
,,,0.000121496000,   9.60000,
,,,0.000121500000,   9.40000,
,,,0.000121504000,   9.40000,
,,,0.000121508000,   9.60000,
,,,0.000121512000,   9.40000,
,,,0.000121516000,   9.60000,
,,,0.000121520000,   9.20000,
,,,0.000121524000,   9.40000,
,,,0.000121528000,   9.80000,
,,,0.000121532000,   9.80000,
,,,0.000121536000,   9.60000,
,,,0.000121540000,   9.60000,
,,,0.000121544000,   9.60000,
,,,0.000121548000,   9.20000,
,,,0.000121552000,   9.80000,
,,,0.000121556000,   9.40000,
,,,0.000121560000,   9.40000,
,,,0.000121564000,   9.60000,
,,,0.000121568000,   9.80000,
,,,0.000121572000,   9.60000,
,,,0.000121576000,   9.40000,
,,,0.000121580000,   9.60000,
,,,0.000121584000,   9.80000,
,,,0.000121588000,   9.60000,
,,,0.000121592000,   9.60000,
,,,0.000121596000,   9.40000,
,,,0.000121600000,   9.60000,
,,,0.000121604000,   9.60000,
,,,0.000121608000,   9.40000,
,,,0.000121612000,   9.60000,
,,,0.000121616000,   9.80000,
,,,0.000121620000,   9.40000,
,,,0.000121624000,   9.80000,
,,,0.000121628000,   9.40000,
,,,0.000121632000,   9.60000,
,,,0.000121636000,   9.60000,
,,,0.000121640000,   9.60000,
,,,0.000121644000,   9.60000,
,,,0.000121648000,   9.60000,
,,,0.000121652000,   9.40000,
,,,0.000121656000,   9.40000,
,,,0.000121660000,   9.60000,
,,,0.000121664000,   9.60000,
,,,0.000121668000,   9.40000,
,,,0.000121672000,   9.40000,
,,,0.000121676000,   9.40000,
,,,0.000121680000,   9.40000,
,,,0.000121684000,   9.60000,
,,,0.000121688000,   9.80000,
,,,0.000121692000,   9.60000,
,,,0.000121696000,   9.40000,
,,,0.000121700000,   9.40000,
,,,0.000121704000,   9.40000,
,,,0.000121708000,   9.60000,
,,,0.000121712000,   9.40000,
,,,0.000121716000,   9.60000,
,,,0.000121720000,   9.60000,
,,,0.000121724000,   9.60000,
,,,0.000121728000,   9.80000,
,,,0.000121732000,   9.60000,
,,,0.000121736000,   9.20000,
,,,0.000121740000,   9.40000,
,,,0.000121744000,   9.20000,
,,,0.000121748000,   9.60000,
,,,0.000121752000,   9.00000,
,,,0.000121756000,   9.20000,
,,,0.000121760000,   9.20000,
,,,0.000121764000,   9.60000,
,,,0.000121768000,   9.20000,
,,,0.000121772000,   9.40000,
,,,0.000121776000,   9.40000,
,,,0.000121780000,   9.40000,
,,,0.000121784000,   9.60000,
,,,0.000121788000,   9.40000,
,,,0.000121792000,   9.60000,
,,,0.000121796000,   9.40000,
,,,0.000121800000,   9.40000,
,,,0.000121804000,   9.60000,
,,,0.000121808000,   9.20000,
,,,0.000121812000,   9.40000,
,,,0.000121816000,   9.20000,
,,,0.000121820000,   9.40000,
,,,0.000121824000,   9.20000,
,,,0.000121828000,   9.20000,
,,,0.000121832000,   9.20000,
,,,0.000121836000,   9.60000,
,,,0.000121840000,   9.60000,
,,,0.000121844000,   9.60000,
,,,0.000121848000,   9.20000,
,,,0.000121852000,   9.40000,
,,,0.000121856000,   9.20000,
,,,0.000121860000,   9.40000,
,,,0.000121864000,   9.40000,
,,,0.000121868000,   9.20000,
,,,0.000121872000,   9.40000,
,,,0.000121876000,   9.40000,
,,,0.000121880000,   9.40000,
,,,0.000121884000,   9.00000,
,,,0.000121888000,   9.20000,
,,,0.000121892000,   9.60000,
,,,0.000121896000,   9.20000,
,,,0.000121900000,   9.20000,
,,,0.000121904000,   9.40000,
,,,0.000121908000,   9.40000,
,,,0.000121912000,   9.40000,
,,,0.000121916000,   9.20000,
,,,0.000121920000,   9.20000,
,,,0.000121924000,   9.40000,
,,,0.000121928000,   9.20000,
,,,0.000121932000,   9.20000,
,,,0.000121936000,   9.20000,
,,,0.000121940000,   9.20000,
,,,0.000121944000,   9.00000,
,,,0.000121948000,   9.40000,
,,,0.000121952000,   9.40000,
,,,0.000121956000,   9.00000,
,,,0.000121960000,   9.00000,
,,,0.000121964000,   9.40000,
,,,0.000121968000,   9.60000,
,,,0.000121972000,   9.20000,
,,,0.000121976000,   9.40000,
,,,0.000121980000,   9.40000,
,,,0.000121984000,   9.20000,
,,,0.000121988000,   9.20000,
,,,0.000121992000,   9.20000,
,,,0.000121996000,   9.40000,
,,,0.000122000000,   9.20000,
,,,0.000122004000,   9.40000,
,,,0.000122008000,   9.20000,
,,,0.000122012000,   9.60000,
,,,0.000122016000,   9.20000,
,,,0.000122020000,   9.20000,
,,,0.000122024000,   9.40000,
,,,0.000122028000,   9.40000,
,,,0.000122032000,   9.20000,
,,,0.000122036000,   9.20000,
,,,0.000122040000,   8.80000,
,,,0.000122044000,   9.00000,
,,,0.000122048000,   8.60000,
,,,0.000122052000,   8.00000,
,,,0.000122056000,   6.60000,
,,,0.000122060000,   5.60000,
,,,0.000122064000,   4.20000,
,,,0.000122068000,   3.40000,
,,,0.000122072000,   2.20000,
,,,0.000122076000,   1.00000,
,,,0.000122080000,  -0.20000,
,,,0.000122084000,  -0.80000,
,,,0.000122088000,  -2.00000,
,,,0.000122092000,  -2.80000,
,,,0.000122096000,  -3.80000,
,,,0.000122100000,  -4.40000,
,,,0.000122104000,  -4.60000,
,,,0.000122108000,  -5.40000,
,,,0.000122112000,  -5.60000,
,,,0.000122116000,  -6.20000,
,,,0.000122120000,  -6.60000,
,,,0.000122124000,  -6.80000,
,,,0.000122128000,  -7.40000,
,,,0.000122132000,  -7.80000,
,,,0.000122136000,  -7.80000,
,,,0.000122140000,  -8.00000,
,,,0.000122144000,  -8.20000,
,,,0.000122148000,  -8.60000,
,,,0.000122152000,  -8.80000,
,,,0.000122156000,  -9.00000,
,,,0.000122160000,  -8.80000,
,,,0.000122164000,  -9.00000,
,,,0.000122168000,  -9.00000,
,,,0.000122172000,  -9.00000,
,,,0.000122176000,  -9.20000,
,,,0.000122180000,  -9.40000,
,,,0.000122184000,  -9.40000,
,,,0.000122188000,  -9.40000,
,,,0.000122192000,  -9.60000,
,,,0.000122196000,  -9.60000,
,,,0.000122200000,  -9.80000,
,,,0.000122204000, -10.00000,
,,,0.000122208000, -10.00000,
,,,0.000122212000, -10.00000,
,,,0.000122216000,  -9.80000,
,,,0.000122220000, -10.00000,
,,,0.000122224000, -10.20000,
,,,0.000122228000, -10.20000,
,,,0.000122232000, -10.20000,
,,,0.000122236000, -10.20000,
,,,0.000122240000, -10.20000,
,,,0.000122244000, -10.20000,
,,,0.000122248000, -10.20000,
,,,0.000122252000, -10.20000,
,,,0.000122256000, -10.20000,
,,,0.000122260000, -10.00000,
,,,0.000122264000, -10.20000,
,,,0.000122268000, -10.20000,
,,,0.000122272000, -10.00000,
,,,0.000122276000, -10.20000,
,,,0.000122280000, -10.60000,
,,,0.000122284000, -10.60000,
,,,0.000122288000, -10.20000,
,,,0.000122292000, -10.40000,
,,,0.000122296000, -10.40000,
,,,0.000122300000, -10.20000,
,,,0.000122304000, -10.20000,
,,,0.000122308000, -10.20000,
,,,0.000122312000, -10.40000,
,,,0.000122316000, -10.40000,
,,,0.000122320000, -10.40000,
,,,0.000122324000, -10.20000,
,,,0.000122328000, -10.40000,
,,,0.000122332000, -10.40000,
,,,0.000122336000, -10.40000,
,,,0.000122340000, -10.40000,
,,,0.000122344000, -10.00000,
,,,0.000122348000, -10.40000,
,,,0.000122352000, -10.60000,
,,,0.000122356000, -10.20000,
,,,0.000122360000, -10.00000,
,,,0.000122364000, -10.20000,
,,,0.000122368000, -10.40000,
,,,0.000122372000, -10.60000,
,,,0.000122376000, -10.40000,
,,,0.000122380000, -10.60000,
,,,0.000122384000, -10.40000,
,,,0.000122388000, -10.40000,
,,,0.000122392000, -10.00000,
,,,0.000122396000, -10.20000,
,,,0.000122400000, -10.60000,
,,,0.000122404000, -10.40000,
,,,0.000122408000, -10.40000,
,,,0.000122412000, -10.80000,
,,,0.000122416000, -10.40000,
,,,0.000122420000, -10.20000,
,,,0.000122424000, -10.20000,
,,,0.000122428000, -10.60000,
,,,0.000122432000, -10.00000,
,,,0.000122436000, -10.40000,
,,,0.000122440000, -10.20000,
,,,0.000122444000, -10.60000,
,,,0.000122448000, -10.40000,
,,,0.000122452000, -10.20000,
,,,0.000122456000, -10.20000,
,,,0.000122460000, -10.00000,
,,,0.000122464000, -10.60000,
,,,0.000122468000, -10.60000,
,,,0.000122472000, -10.40000,
,,,0.000122476000, -10.00000,
,,,0.000122480000, -10.20000,
,,,0.000122484000, -10.60000,
,,,0.000122488000, -10.40000,
,,,0.000122492000, -10.40000,
,,,0.000122496000, -10.60000,
,,,0.000122500000, -10.40000,
,,,0.000122504000, -10.60000,
,,,0.000122508000, -10.40000,
,,,0.000122512000, -10.20000,
,,,0.000122516000, -10.20000,
,,,0.000122520000, -10.00000,
,,,0.000122524000, -10.40000,
,,,0.000122528000, -10.20000,
,,,0.000122532000, -10.40000,
,,,0.000122536000, -10.40000,
,,,0.000122540000, -10.40000,
,,,0.000122544000, -10.60000,
,,,0.000122548000, -10.60000,
,,,0.000122552000, -10.40000,
,,,0.000122556000, -10.60000,
,,,0.000122560000, -10.20000,
,,,0.000122564000, -10.20000,
,,,0.000122568000, -10.00000,
,,,0.000122572000, -10.20000,
,,,0.000122576000, -10.40000,
,,,0.000122580000, -10.60000,
,,,0.000122584000, -10.00000,
,,,0.000122588000, -10.60000,
,,,0.000122592000, -10.40000,
,,,0.000122596000, -10.20000,
,,,0.000122600000, -10.80000,
,,,0.000122604000, -10.60000,
,,,0.000122608000, -10.40000,
,,,0.000122612000, -10.40000,
,,,0.000122616000, -10.20000,
,,,0.000122620000, -10.20000,
,,,0.000122624000, -10.60000,
,,,0.000122628000, -10.40000,
,,,0.000122632000, -10.40000,
,,,0.000122636000, -10.40000,
,,,0.000122640000, -10.40000,
,,,0.000122644000, -10.40000,
,,,0.000122648000, -10.40000,
,,,0.000122652000, -10.20000,
,,,0.000122656000, -10.00000,
,,,0.000122660000, -10.20000,
,,,0.000122664000, -10.20000,
,,,0.000122668000, -10.40000,
,,,0.000122672000, -10.20000,
,,,0.000122676000, -10.40000,
,,,0.000122680000, -10.40000,
,,,0.000122684000, -10.00000,
,,,0.000122688000, -10.40000,
,,,0.000122692000, -10.40000,
,,,0.000122696000, -10.20000,
,,,0.000122700000, -10.20000,
,,,0.000122704000, -10.20000,
,,,0.000122708000, -10.40000,
,,,0.000122712000, -10.20000,
,,,0.000122716000, -10.20000,
,,,0.000122720000, -10.20000,
,,,0.000122724000, -10.00000,
,,,0.000122728000, -10.40000,
,,,0.000122732000, -10.40000,
,,,0.000122736000, -10.40000,
,,,0.000122740000, -10.00000,
,,,0.000122744000, -10.20000,
,,,0.000122748000, -10.20000,
,,,0.000122752000, -10.40000,
,,,0.000122756000, -10.40000,
,,,0.000122760000, -10.20000,
,,,0.000122764000, -10.40000,
,,,0.000122768000, -10.20000,
,,,0.000122772000, -10.20000,
,,,0.000122776000, -10.40000,
,,,0.000122780000, -10.40000,
,,,0.000122784000, -10.40000,
,,,0.000122788000, -10.20000,
,,,0.000122792000, -10.20000,
,,,0.000122796000, -10.20000,
,,,0.000122800000, -10.20000,
,,,0.000122804000, -10.20000,
,,,0.000122808000, -10.40000,
,,,0.000122812000, -10.20000,
,,,0.000122816000, -10.20000,
,,,0.000122820000, -10.20000,
,,,0.000122824000, -10.40000,
,,,0.000122828000, -10.40000,
,,,0.000122832000, -10.40000,
,,,0.000122836000, -10.40000,
,,,0.000122840000, -10.40000,
,,,0.000122844000, -10.60000,
,,,0.000122848000, -10.40000,
,,,0.000122852000, -10.20000,
,,,0.000122856000, -10.60000,
,,,0.000122860000, -10.20000,
,,,0.000122864000, -10.40000,
,,,0.000122868000, -10.20000,
,,,0.000122872000, -10.20000,
,,,0.000122876000, -10.40000,
,,,0.000122880000, -10.20000,
,,,0.000122884000, -10.40000,
,,,0.000122888000, -10.40000,
,,,0.000122892000, -10.40000,
,,,0.000122896000, -10.40000,
,,,0.000122900000, -10.40000,
,,,0.000122904000, -10.40000,
,,,0.000122908000, -10.20000,
,,,0.000122912000, -10.20000,
,,,0.000122916000, -10.00000,
,,,0.000122920000, -10.40000,
,,,0.000122924000, -10.60000,
,,,0.000122928000, -10.40000,
,,,0.000122932000, -10.40000,
,,,0.000122936000, -10.20000,
,,,0.000122940000, -10.40000,
,,,0.000122944000, -10.40000,
,,,0.000122948000, -10.40000,
,,,0.000122952000, -10.20000,
,,,0.000122956000, -10.20000,
,,,0.000122960000, -10.20000,
,,,0.000122964000, -10.20000,
,,,0.000122968000, -10.40000,
,,,0.000122972000, -10.40000,
,,,0.000122976000, -10.20000,
,,,0.000122980000, -10.20000,
,,,0.000122984000, -10.40000,
,,,0.000122988000, -10.40000,
,,,0.000122992000, -10.40000,
,,,0.000122996000, -10.60000,
,,,0.000123000000, -10.40000,
,,,0.000123004000, -10.40000,
,,,0.000123008000, -10.40000,
,,,0.000123012000, -10.20000,
,,,0.000123016000, -10.40000,
,,,0.000123020000, -10.40000,
,,,0.000123024000, -10.20000,
,,,0.000123028000, -10.00000,
,,,0.000123032000, -10.40000,
,,,0.000123036000, -10.60000,
,,,0.000123040000, -10.20000,
,,,0.000123044000, -10.40000,
,,,0.000123048000, -10.40000,
,,,0.000123052000, -10.00000,
,,,0.000123056000, -10.40000,
,,,0.000123060000, -10.40000,
,,,0.000123064000, -10.40000,
,,,0.000123068000, -10.20000,
,,,0.000123072000, -10.20000,
,,,0.000123076000, -10.40000,
,,,0.000123080000, -10.00000,
,,,0.000123084000, -10.20000,
,,,0.000123088000, -10.60000,
,,,0.000123092000, -10.20000,
,,,0.000123096000, -10.40000,
,,,0.000123100000, -10.40000,
,,,0.000123104000, -10.20000,
,,,0.000123108000, -10.60000,
,,,0.000123112000, -10.20000,
,,,0.000123116000, -10.40000,
,,,0.000123120000, -10.00000,
,,,0.000123124000, -10.20000,
,,,0.000123128000, -10.20000,
,,,0.000123132000, -10.40000,
,,,0.000123136000, -10.20000,
,,,0.000123140000, -10.40000,
,,,0.000123144000, -10.40000,
,,,0.000123148000, -10.20000,
,,,0.000123152000, -10.00000,
,,,0.000123156000, -10.00000,
,,,0.000123160000, -10.40000,
,,,0.000123164000, -10.20000,
,,,0.000123168000, -10.00000,
,,,0.000123172000, -10.40000,
,,,0.000123176000, -10.40000,
,,,0.000123180000, -10.40000,
,,,0.000123184000, -10.40000,
,,,0.000123188000, -10.20000,
,,,0.000123192000, -10.20000,
,,,0.000123196000, -10.40000,
,,,0.000123200000, -10.00000,
,,,0.000123204000, -10.40000,
,,,0.000123208000, -10.40000,
,,,0.000123212000, -10.40000,
,,,0.000123216000, -10.20000,
,,,0.000123220000, -10.20000,
,,,0.000123224000, -10.20000,
,,,0.000123228000, -10.20000,
,,,0.000123232000, -10.20000,
,,,0.000123236000, -10.60000,
,,,0.000123240000, -10.20000,
,,,0.000123244000, -10.40000,
,,,0.000123248000, -10.00000,
,,,0.000123252000, -10.20000,
,,,0.000123256000, -10.00000,
,,,0.000123260000, -10.20000,
,,,0.000123264000, -10.40000,
,,,0.000123268000, -10.20000,
,,,0.000123272000, -10.20000,
,,,0.000123276000, -10.40000,
,,,0.000123280000, -10.40000,
,,,0.000123284000, -10.60000,
,,,0.000123288000, -10.40000,
,,,0.000123292000, -10.40000,
,,,0.000123296000, -10.40000,
,,,0.000123300000, -10.20000,
,,,0.000123304000, -10.40000,
,,,0.000123308000, -10.40000,
,,,0.000123312000, -10.00000,
,,,0.000123316000, -10.40000,
,,,0.000123320000, -10.60000,
,,,0.000123324000, -10.60000,
,,,0.000123328000, -10.20000,
,,,0.000123332000, -10.00000,
,,,0.000123336000, -10.40000,
,,,0.000123340000, -10.40000,
,,,0.000123344000, -10.60000,
,,,0.000123348000, -10.40000,
,,,0.000123352000, -10.20000,
,,,0.000123356000, -10.00000,
,,,0.000123360000, -10.00000,
,,,0.000123364000, -10.20000,
,,,0.000123368000, -10.20000,
,,,0.000123372000, -10.20000,
,,,0.000123376000, -10.20000,
,,,0.000123380000, -10.60000,
,,,0.000123384000, -10.60000,
,,,0.000123388000, -10.20000,
,,,0.000123392000, -10.40000,
,,,0.000123396000, -10.40000,
,,,0.000123400000, -10.40000,
,,,0.000123404000, -10.60000,
,,,0.000123408000, -10.20000,
,,,0.000123412000, -10.40000,
,,,0.000123416000, -10.40000,
,,,0.000123420000, -10.20000,
,,,0.000123424000, -10.40000,
,,,0.000123428000, -10.40000,
,,,0.000123432000, -10.40000,
,,,0.000123436000, -10.40000,
,,,0.000123440000, -10.40000,
,,,0.000123444000, -10.40000,
,,,0.000123448000, -10.20000,
,,,0.000123452000, -10.20000,
,,,0.000123456000, -10.00000,
,,,0.000123460000, -10.20000,
,,,0.000123464000, -10.20000,
,,,0.000123468000, -10.20000,
,,,0.000123472000, -10.20000,
,,,0.000123476000, -10.00000,
,,,0.000123480000, -10.40000,
,,,0.000123484000, -10.40000,
,,,0.000123488000, -10.00000,
,,,0.000123492000, -10.20000,
,,,0.000123496000, -10.20000,
,,,0.000123500000, -10.20000,
,,,0.000123504000, -10.40000,
,,,0.000123508000, -10.60000,
,,,0.000123512000, -10.00000,
,,,0.000123516000, -10.20000,
,,,0.000123520000, -10.20000,
,,,0.000123524000, -10.20000,
,,,0.000123528000, -10.40000,
,,,0.000123532000, -10.40000,
,,,0.000123536000, -10.40000,
,,,0.000123540000, -10.60000,
,,,0.000123544000, -10.60000,
,,,0.000123548000,  -9.80000,
,,,0.000123552000, -10.20000,
,,,0.000123556000, -10.20000,
,,,0.000123560000, -10.00000,
,,,0.000123564000, -10.20000,
,,,0.000123568000, -10.20000,
,,,0.000123572000, -10.40000,
,,,0.000123576000, -10.40000,
,,,0.000123580000, -10.00000,
,,,0.000123584000, -10.20000,
,,,0.000123588000, -10.20000,
,,,0.000123592000, -10.20000,
,,,0.000123596000, -10.20000,
,,,0.000123600000, -10.40000,
,,,0.000123604000, -10.40000,
,,,0.000123608000, -10.40000,
,,,0.000123612000, -10.20000,
,,,0.000123616000, -10.20000,
,,,0.000123620000, -10.20000,
,,,0.000123624000, -10.20000,
,,,0.000123628000, -10.20000,
,,,0.000123632000, -10.40000,
,,,0.000123636000, -10.40000,
,,,0.000123640000, -10.60000,
,,,0.000123644000, -10.40000,
,,,0.000123648000, -10.20000,
,,,0.000123652000, -10.40000,
,,,0.000123656000, -10.40000,
,,,0.000123660000, -10.60000,
,,,0.000123664000, -10.20000,
,,,0.000123668000,  -9.80000,
,,,0.000123672000, -10.20000,
,,,0.000123676000, -10.60000,
,,,0.000123680000, -10.40000,
,,,0.000123684000, -10.40000,
,,,0.000123688000, -10.40000,
,,,0.000123692000, -10.20000,
,,,0.000123696000, -10.20000,
,,,0.000123700000, -10.40000,
,,,0.000123704000, -10.40000,
,,,0.000123708000, -10.20000,
,,,0.000123712000, -10.20000,
,,,0.000123716000, -10.20000,
,,,0.000123720000, -10.20000,
,,,0.000123724000, -10.60000,
,,,0.000123728000, -10.20000,
,,,0.000123732000, -10.40000,
,,,0.000123736000, -10.40000,
,,,0.000123740000, -10.60000,
,,,0.000123744000, -10.20000,
,,,0.000123748000, -10.40000,
,,,0.000123752000, -10.20000,
,,,0.000123756000, -10.00000,
,,,0.000123760000, -10.40000,
,,,0.000123764000, -10.20000,
,,,0.000123768000, -10.40000,
,,,0.000123772000, -10.00000,
,,,0.000123776000, -10.20000,
,,,0.000123780000, -10.20000,
,,,0.000123784000, -10.00000,
,,,0.000123788000, -10.40000,
,,,0.000123792000, -10.60000,
,,,0.000123796000, -10.40000,
,,,0.000123800000, -10.40000,
,,,0.000123804000, -10.40000,
,,,0.000123808000, -10.40000,
,,,0.000123812000, -10.40000,
,,,0.000123816000, -10.20000,
,,,0.000123820000, -10.40000,
,,,0.000123824000, -10.40000,
,,,0.000123828000, -10.40000,
,,,0.000123832000, -10.40000,
,,,0.000123836000, -10.20000,
,,,0.000123840000, -10.40000,
,,,0.000123844000, -10.00000,
,,,0.000123848000, -10.20000,
,,,0.000123852000, -10.20000,
,,,0.000123856000, -10.20000,
,,,0.000123860000, -10.00000,
,,,0.000123864000, -10.60000,
,,,0.000123868000, -10.20000,
,,,0.000123872000, -10.00000,
,,,0.000123876000, -10.00000,
,,,0.000123880000, -10.40000,
,,,0.000123884000, -10.00000,
,,,0.000123888000, -10.40000,
,,,0.000123892000, -10.60000,
,,,0.000123896000, -10.40000,
,,,0.000123900000, -10.20000,
,,,0.000123904000, -10.20000,
,,,0.000123908000, -10.20000,
,,,0.000123912000, -10.00000,
,,,0.000123916000, -10.40000,
,,,0.000123920000, -10.20000,
,,,0.000123924000, -10.40000,
,,,0.000123928000, -10.20000,
,,,0.000123932000, -10.20000,
,,,0.000123936000, -10.40000,
,,,0.000123940000, -10.40000,
,,,0.000123944000, -10.00000,
,,,0.000123948000,  -9.80000,
,,,0.000123952000, -10.20000,
,,,0.000123956000, -10.20000,
,,,0.000123960000, -10.00000,
,,,0.000123964000, -10.20000,
,,,0.000123968000, -10.20000,
,,,0.000123972000, -10.40000,
,,,0.000123976000, -10.20000,
,,,0.000123980000, -10.00000,
,,,0.000123984000, -10.20000,
,,,0.000123988000, -10.40000,
,,,0.000123992000, -10.40000,
,,,0.000123996000, -10.40000,
,,,0.000124000000, -10.40000,
,,,0.000124004000, -10.40000,
,,,0.000124008000, -10.20000,
,,,0.000124012000, -10.20000,
,,,0.000124016000, -10.20000,
,,,0.000124020000, -10.60000,
,,,0.000124024000, -10.00000,
,,,0.000124028000, -10.20000,
,,,0.000124032000, -10.20000,
,,,0.000124036000, -10.60000,
,,,0.000124040000, -10.20000,
,,,0.000124044000, -10.40000,
,,,0.000124048000, -10.00000,
,,,0.000124052000, -10.20000,
,,,0.000124056000, -10.20000,
,,,0.000124060000, -10.20000,
,,,0.000124064000, -10.00000,
,,,0.000124068000, -10.20000,
,,,0.000124072000, -10.40000,
,,,0.000124076000, -10.20000,
,,,0.000124080000, -10.20000,
,,,0.000124084000, -10.20000,
,,,0.000124088000, -10.20000,
,,,0.000124092000, -10.20000,
,,,0.000124096000, -10.20000,
,,,0.000124100000, -10.40000,
,,,0.000124104000,  -9.80000,
,,,0.000124108000, -10.20000,
,,,0.000124112000, -10.20000,
,,,0.000124116000, -10.60000,
,,,0.000124120000, -10.40000,
,,,0.000124124000, -10.20000,
,,,0.000124128000, -10.40000,
,,,0.000124132000, -10.40000,
,,,0.000124136000, -10.40000,
,,,0.000124140000, -10.00000,
,,,0.000124144000, -10.20000,
,,,0.000124148000,  -9.80000,
,,,0.000124152000, -10.00000,
,,,0.000124156000, -10.40000,
,,,0.000124160000, -10.40000,
,,,0.000124164000, -10.40000,
,,,0.000124168000, -10.20000,
,,,0.000124172000, -10.40000,
,,,0.000124176000, -10.40000,
,,,0.000124180000, -10.20000,
,,,0.000124184000, -10.40000,
,,,0.000124188000, -10.40000,
,,,0.000124192000, -10.20000,
,,,0.000124196000, -10.00000,
,,,0.000124200000, -10.40000,
,,,0.000124204000, -10.20000,
,,,0.000124208000, -10.40000,
,,,0.000124212000, -10.20000,
,,,0.000124216000, -10.40000,
,,,0.000124220000, -10.40000,
,,,0.000124224000, -10.20000,
,,,0.000124228000, -10.40000,
,,,0.000124232000, -10.40000,
,,,0.000124236000, -10.20000,
,,,0.000124240000, -10.00000,
,,,0.000124244000, -10.40000,
,,,0.000124248000, -10.40000,
,,,0.000124252000, -10.00000,
,,,0.000124256000,  -9.80000,
,,,0.000124260000, -10.20000,
,,,0.000124264000, -10.40000,
,,,0.000124268000, -10.00000,
,,,0.000124272000, -10.20000,
,,,0.000124276000, -10.40000,
,,,0.000124280000, -10.20000,
,,,0.000124284000, -10.40000,
,,,0.000124288000, -10.00000,
,,,0.000124292000, -10.20000,
,,,0.000124296000, -10.20000,
,,,0.000124300000, -10.00000,
,,,0.000124304000, -10.20000,
,,,0.000124308000,  -9.80000,
,,,0.000124312000, -10.40000,
,,,0.000124316000, -10.40000,
,,,0.000124320000, -10.60000,
,,,0.000124324000, -10.20000,
,,,0.000124328000, -10.40000,
,,,0.000124332000, -10.20000,
,,,0.000124336000, -10.20000,
,,,0.000124340000, -10.40000,
,,,0.000124344000, -10.00000,
,,,0.000124348000, -10.20000,
,,,0.000124352000, -10.40000,
,,,0.000124356000, -10.40000,
,,,0.000124360000, -10.20000,
,,,0.000124364000, -10.20000,
,,,0.000124368000, -10.40000,
,,,0.000124372000, -10.20000,
,,,0.000124376000, -10.20000,
,,,0.000124380000, -10.20000,
,,,0.000124384000, -10.20000,
,,,0.000124388000, -10.20000,
,,,0.000124392000, -10.40000,
,,,0.000124396000, -10.20000,
,,,0.000124400000, -10.20000,
,,,0.000124404000, -10.00000,
,,,0.000124408000, -10.20000,
,,,0.000124412000, -10.20000,
,,,0.000124416000, -10.40000,
,,,0.000124420000, -10.40000,
,,,0.000124424000, -10.20000,
,,,0.000124428000, -10.40000,
,,,0.000124432000, -10.40000,
,,,0.000124436000, -10.40000,
,,,0.000124440000, -10.20000,
,,,0.000124444000, -10.20000,
,,,0.000124448000, -10.00000,
,,,0.000124452000, -10.20000,
,,,0.000124456000, -10.40000,
,,,0.000124460000, -10.20000,
,,,0.000124464000, -10.40000,
,,,0.000124468000, -10.40000,
,,,0.000124472000, -10.40000,
,,,0.000124476000, -10.60000,
,,,0.000124480000, -10.20000,
,,,0.000124484000, -10.20000,
,,,0.000124488000, -10.40000,
,,,0.000124492000, -10.20000,
,,,0.000124496000, -10.20000,
,,,0.000124500000, -10.20000,
,,,0.000124504000, -10.20000,
,,,0.000124508000, -10.40000,
,,,0.000124512000, -10.40000,
,,,0.000124516000, -10.60000,
,,,0.000124520000, -10.00000,
,,,0.000124524000, -10.60000,
,,,0.000124528000, -10.20000,
,,,0.000124532000, -10.40000,
,,,0.000124536000, -10.20000,
,,,0.000124540000, -10.20000,
,,,0.000124544000, -10.20000,
,,,0.000124548000, -10.20000,
,,,0.000124552000, -10.60000,
,,,0.000124556000, -10.40000,
,,,0.000124560000, -10.40000,
,,,0.000124564000,  -9.80000,
,,,0.000124568000, -10.20000,
,,,0.000124572000, -10.80000,
,,,0.000124576000, -10.40000,
,,,0.000124580000, -10.40000,
,,,0.000124584000, -10.20000,
,,,0.000124588000, -10.40000,
,,,0.000124592000, -10.40000,
,,,0.000124596000, -10.20000,
,,,0.000124600000, -10.40000,
,,,0.000124604000, -10.20000,
,,,0.000124608000, -10.20000,
,,,0.000124612000, -10.40000,
,,,0.000124616000, -10.40000,
,,,0.000124620000, -10.60000,
,,,0.000124624000, -10.40000,
,,,0.000124628000, -10.40000,
,,,0.000124632000, -10.20000,
,,,0.000124636000, -10.00000,
,,,0.000124640000, -10.40000,
,,,0.000124644000, -10.20000,
,,,0.000124648000, -10.00000,
,,,0.000124652000, -10.00000,
,,,0.000124656000, -10.80000,
,,,0.000124660000, -10.40000,
,,,0.000124664000, -10.00000,
,,,0.000124668000, -10.40000,
,,,0.000124672000, -10.40000,
,,,0.000124676000, -10.00000,
,,,0.000124680000, -10.40000,
,,,0.000124684000, -10.20000,
,,,0.000124688000, -10.20000,
,,,0.000124692000, -10.20000,
,,,0.000124696000, -10.20000,
,,,0.000124700000, -10.20000,
,,,0.000124704000, -10.00000,
,,,0.000124708000, -10.40000,
,,,0.000124712000, -10.20000,
,,,0.000124716000, -10.20000,
,,,0.000124720000, -10.00000,
,,,0.000124724000, -10.20000,
,,,0.000124728000, -10.40000,
,,,0.000124732000, -10.20000,
,,,0.000124736000, -10.40000,
,,,0.000124740000,  -9.80000,
,,,0.000124744000, -10.40000,
,,,0.000124748000, -10.00000,
,,,0.000124752000, -10.20000,
,,,0.000124756000, -10.60000,
,,,0.000124760000, -10.40000,
,,,0.000124764000, -10.40000,
,,,0.000124768000, -10.20000,
,,,0.000124772000, -10.60000,
,,,0.000124776000, -10.20000,
,,,0.000124780000, -10.60000,
,,,0.000124784000, -10.20000,
,,,0.000124788000, -10.40000,
,,,0.000124792000, -10.40000,
,,,0.000124796000, -10.20000,
,,,0.000124800000, -10.20000,
,,,0.000124804000, -10.00000,
,,,0.000124808000, -10.40000,
,,,0.000124812000, -10.40000,
,,,0.000124816000, -10.20000,
,,,0.000124820000, -10.20000,
,,,0.000124824000, -10.40000,
,,,0.000124828000, -10.20000,
,,,0.000124832000, -10.20000,
,,,0.000124836000, -10.20000,
,,,0.000124840000, -10.20000,
,,,0.000124844000, -10.40000,
,,,0.000124848000, -10.20000,
,,,0.000124852000, -10.40000,
,,,0.000124856000, -10.40000,
,,,0.000124860000, -10.20000,
,,,0.000124864000, -10.40000,
,,,0.000124868000, -10.40000,
,,,0.000124872000, -10.20000,
,,,0.000124876000, -10.40000,
,,,0.000124880000, -10.20000,
,,,0.000124884000, -10.40000,
,,,0.000124888000, -10.20000,
,,,0.000124892000, -10.20000,
,,,0.000124896000, -10.00000,
,,,0.000124900000, -10.40000,
,,,0.000124904000, -10.60000,
,,,0.000124908000, -10.40000,
,,,0.000124912000, -10.60000,
,,,0.000124916000, -10.20000,
,,,0.000124920000, -10.40000,
,,,0.000124924000, -10.40000,
,,,0.000124928000, -10.40000,
,,,0.000124932000, -10.00000,
,,,0.000124936000, -10.20000,
,,,0.000124940000, -10.20000,
,,,0.000124944000, -10.20000,
,,,0.000124948000, -10.40000,
,,,0.000124952000, -10.40000,
,,,0.000124956000, -10.20000,
,,,0.000124960000, -10.00000,
,,,0.000124964000, -10.40000,
,,,0.000124968000, -10.40000,
,,,0.000124972000, -10.40000,
,,,0.000124976000, -10.40000,
,,,0.000124980000, -10.60000,
,,,0.000124984000, -10.40000,
,,,0.000124988000, -10.20000,
,,,0.000124992000, -10.40000,
,,,0.000124996000, -10.40000,
,,,0.000125000000, -10.60000,
,,,0.000125004000, -10.20000,
,,,0.000125008000, -10.40000,
,,,0.000125012000, -10.40000,
,,,0.000125016000, -10.40000,
,,,0.000125020000, -10.40000,
,,,0.000125024000, -10.40000,
,,,0.000125028000, -10.40000,
,,,0.000125032000, -10.00000,
,,,0.000125036000, -10.20000,
,,,0.000125040000, -10.20000,
,,,0.000125044000, -10.40000,
,,,0.000125048000, -10.00000,
,,,0.000125052000, -10.20000,
,,,0.000125056000, -10.40000,
,,,0.000125060000, -10.00000,
,,,0.000125064000, -10.40000,
,,,0.000125068000, -10.20000,
,,,0.000125072000, -10.20000,
,,,0.000125076000, -10.40000,
,,,0.000125080000, -10.40000,
,,,0.000125084000, -10.60000,
,,,0.000125088000, -10.40000,
,,,0.000125092000, -10.40000,
,,,0.000125096000,  -9.80000,
,,,0.000125100000, -10.00000,
,,,0.000125104000, -10.40000,
,,,0.000125108000, -10.20000,
,,,0.000125112000, -10.20000,
,,,0.000125116000, -10.40000,
,,,0.000125120000, -10.20000,
,,,0.000125124000, -10.20000,
,,,0.000125128000, -10.20000,
,,,0.000125132000, -10.00000,
,,,0.000125136000, -10.20000,
,,,0.000125140000, -10.60000,
,,,0.000125144000, -10.00000,
,,,0.000125148000, -10.00000,
,,,0.000125152000, -10.60000,
,,,0.000125156000, -10.40000,
,,,0.000125160000, -10.40000,
,,,0.000125164000, -10.20000,
,,,0.000125168000, -10.40000,
,,,0.000125172000, -10.20000,
,,,0.000125176000, -10.20000,
,,,0.000125180000, -10.20000,
,,,0.000125184000, -10.60000,
,,,0.000125188000, -10.40000,
,,,0.000125192000, -10.20000,
,,,0.000125196000, -10.00000,
,,,0.000125200000, -10.40000,
,,,0.000125204000, -10.20000,
,,,0.000125208000, -10.40000,
,,,0.000125212000, -10.20000,
,,,0.000125216000, -10.20000,
,,,0.000125220000, -10.40000,
,,,0.000125224000, -10.20000,
,,,0.000125228000, -10.40000,
,,,0.000125232000, -10.20000,
,,,0.000125236000, -10.20000,
,,,0.000125240000, -10.00000,
,,,0.000125244000, -10.40000,
,,,0.000125248000, -10.20000,
,,,0.000125252000, -10.00000,
,,,0.000125256000, -10.20000,
,,,0.000125260000, -10.60000,
,,,0.000125264000, -10.40000,
,,,0.000125268000, -10.60000,
,,,0.000125272000, -10.40000,
,,,0.000125276000, -10.40000,
,,,0.000125280000, -10.20000,
,,,0.000125284000, -10.20000,
,,,0.000125288000, -10.20000,
,,,0.000125292000, -10.40000,
,,,0.000125296000, -10.40000,
,,,0.000125300000, -10.20000,
,,,0.000125304000, -10.80000,
,,,0.000125308000, -10.40000,
,,,0.000125312000, -10.00000,
,,,0.000125316000, -10.40000,
,,,0.000125320000, -10.40000,
,,,0.000125324000, -10.40000,
,,,0.000125328000, -10.20000,
,,,0.000125332000, -10.00000,
,,,0.000125336000, -10.00000,
,,,0.000125340000, -10.40000,
,,,0.000125344000, -10.60000,
,,,0.000125348000, -10.20000,
,,,0.000125352000, -10.00000,
,,,0.000125356000, -10.20000,
,,,0.000125360000, -10.40000,
,,,0.000125364000, -10.40000,
,,,0.000125368000, -10.40000,
,,,0.000125372000, -10.40000,
,,,0.000125376000, -10.20000,
,,,0.000125380000, -10.40000,
,,,0.000125384000, -10.20000,
,,,0.000125388000, -10.40000,
,,,0.000125392000, -10.40000,
,,,0.000125396000, -10.60000,
,,,0.000125400000, -10.40000,
,,,0.000125404000, -10.20000,
,,,0.000125408000, -10.40000,
,,,0.000125412000, -10.00000,
,,,0.000125416000, -10.40000,
,,,0.000125420000, -10.40000,
,,,0.000125424000, -10.20000,
,,,0.000125428000, -10.00000,
,,,0.000125432000, -10.20000,
,,,0.000125436000, -10.20000,
,,,0.000125440000, -10.00000,
,,,0.000125444000, -10.00000,
,,,0.000125448000, -10.20000,
,,,0.000125452000, -10.60000,
,,,0.000125456000,  -9.80000,
,,,0.000125460000, -10.40000,
,,,0.000125464000, -10.20000,
,,,0.000125468000, -10.00000,
,,,0.000125472000, -10.40000,
,,,0.000125476000, -10.00000,
,,,0.000125480000, -10.20000,
,,,0.000125484000, -10.20000,
,,,0.000125488000, -10.20000,
,,,0.000125492000, -10.00000,
,,,0.000125496000, -10.00000,
,,,0.000125500000, -10.20000,
,,,0.000125504000, -10.20000,
,,,0.000125508000, -10.40000,
,,,0.000125512000, -10.20000,
,,,0.000125516000, -10.20000,
,,,0.000125520000, -10.40000,
,,,0.000125524000, -10.40000,
,,,0.000125528000, -10.40000,
,,,0.000125532000, -10.00000,
,,,0.000125536000, -10.20000,
,,,0.000125540000, -10.20000,
,,,0.000125544000, -10.00000,
,,,0.000125548000, -10.20000,
,,,0.000125552000, -10.20000,
,,,0.000125556000, -10.20000,
,,,0.000125560000, -10.00000,
,,,0.000125564000, -10.20000,
,,,0.000125568000, -10.40000,
,,,0.000125572000, -10.40000,
,,,0.000125576000, -10.00000,
,,,0.000125580000, -10.40000,
,,,0.000125584000, -10.00000,
,,,0.000125588000, -10.20000,
,,,0.000125592000, -10.20000,
,,,0.000125596000, -10.40000,
,,,0.000125600000, -10.20000,
,,,0.000125604000, -10.40000,
,,,0.000125608000, -10.00000,
,,,0.000125612000, -10.20000,
,,,0.000125616000, -10.60000,
,,,0.000125620000, -10.40000,
,,,0.000125624000, -10.40000,
,,,0.000125628000, -10.20000,
,,,0.000125632000, -10.00000,
,,,0.000125636000, -10.20000,
,,,0.000125640000, -10.60000,
,,,0.000125644000, -10.20000,
,,,0.000125648000, -10.40000,
,,,0.000125652000, -10.40000,
,,,0.000125656000, -10.40000,
,,,0.000125660000, -10.40000,
,,,0.000125664000, -10.40000,
,,,0.000125668000, -10.20000,
,,,0.000125672000, -10.20000,
,,,0.000125676000, -10.40000,
,,,0.000125680000, -10.20000,
,,,0.000125684000, -10.20000,
,,,0.000125688000, -10.20000,
,,,0.000125692000, -10.60000,
,,,0.000125696000, -10.20000,
,,,0.000125700000, -10.40000,
,,,0.000125704000, -10.40000,
,,,0.000125708000, -10.20000,
,,,0.000125712000, -10.40000,
,,,0.000125716000, -10.40000,
,,,0.000125720000, -10.40000,
,,,0.000125724000, -10.40000,
,,,0.000125728000, -10.60000,
,,,0.000125732000, -10.60000,
,,,0.000125736000, -10.20000,
,,,0.000125740000, -10.00000,
,,,0.000125744000, -10.40000,
,,,0.000125748000, -10.40000,
,,,0.000125752000, -10.20000,
,,,0.000125756000, -10.60000,
,,,0.000125760000, -10.40000,
,,,0.000125764000, -10.40000,
,,,0.000125768000, -10.40000,
,,,0.000125772000, -10.40000,
,,,0.000125776000, -10.60000,
,,,0.000125780000, -10.40000,
,,,0.000125784000, -10.20000,
,,,0.000125788000, -10.20000,
,,,0.000125792000, -10.40000,
,,,0.000125796000, -10.40000,
,,,0.000125800000, -10.40000,
,,,0.000125804000, -10.20000,
,,,0.000125808000, -10.40000,
,,,0.000125812000, -10.60000,
,,,0.000125816000, -10.20000,
,,,0.000125820000, -10.20000,
,,,0.000125824000, -10.00000,
,,,0.000125828000, -10.20000,
,,,0.000125832000, -10.60000,
,,,0.000125836000, -10.20000,
,,,0.000125840000, -10.20000,
,,,0.000125844000, -10.80000,
,,,0.000125848000, -10.60000,
,,,0.000125852000, -10.40000,
,,,0.000125856000, -10.60000,
,,,0.000125860000, -10.60000,
,,,0.000125864000, -10.00000,
,,,0.000125868000, -10.40000,
,,,0.000125872000, -10.00000,
,,,0.000125876000, -10.40000,
,,,0.000125880000, -10.20000,
,,,0.000125884000, -10.40000,
,,,0.000125888000, -10.00000,
,,,0.000125892000, -10.20000,
,,,0.000125896000, -10.40000,
,,,0.000125900000, -10.60000,
,,,0.000125904000, -10.40000,
,,,0.000125908000, -10.00000,
,,,0.000125912000, -10.40000,
,,,0.000125916000, -10.40000,
,,,0.000125920000, -10.40000,
,,,0.000125924000, -10.40000,
,,,0.000125928000, -10.00000,
,,,0.000125932000, -10.20000,
,,,0.000125936000, -10.00000,
,,,0.000125940000, -10.20000,
,,,0.000125944000, -10.20000,
,,,0.000125948000, -10.20000,
,,,0.000125952000, -10.40000,
,,,0.000125956000, -10.20000,
,,,0.000125960000, -10.20000,
,,,0.000125964000, -10.40000,
,,,0.000125968000, -10.80000,
,,,0.000125972000, -10.40000,
,,,0.000125976000, -10.20000,
,,,0.000125980000, -10.20000,
,,,0.000125984000, -10.20000,
,,,0.000125988000, -10.00000,
,,,0.000125992000, -10.20000,
,,,0.000125996000, -10.60000,
,,,0.000126000000, -10.60000,
,,,0.000126004000, -10.20000,
,,,0.000126008000, -10.20000,
,,,0.000126012000, -10.40000,
,,,0.000126016000, -10.60000,
,,,0.000126020000, -10.20000,
,,,0.000126024000, -10.60000,
,,,0.000126028000, -10.00000,
,,,0.000126032000, -10.20000,
,,,0.000126036000, -10.40000,
,,,0.000126040000, -10.20000,
,,,0.000126044000, -10.60000,
,,,0.000126048000, -10.40000,
,,,0.000126052000, -10.40000,
,,,0.000126056000, -10.60000,
,,,0.000126060000, -10.60000,
,,,0.000126064000, -10.40000,
,,,0.000126068000, -10.60000,
,,,0.000126072000, -10.40000,
,,,0.000126076000, -10.20000,
,,,0.000126080000, -10.00000,
,,,0.000126084000,  -9.80000,
,,,0.000126088000, -10.60000,
,,,0.000126092000, -10.40000,
,,,0.000126096000, -10.40000,
,,,0.000126100000, -10.40000,
,,,0.000126104000, -10.00000,
,,,0.000126108000, -10.40000,
,,,0.000126112000, -10.20000,
,,,0.000126116000, -10.40000,
,,,0.000126120000, -10.20000,
,,,0.000126124000, -10.00000,
,,,0.000126128000, -10.00000,
,,,0.000126132000, -10.20000,
,,,0.000126136000, -10.20000,
,,,0.000126140000, -10.40000,
,,,0.000126144000, -10.20000,
,,,0.000126148000, -10.20000,
,,,0.000126152000, -10.60000,
,,,0.000126156000, -10.40000,
,,,0.000126160000, -10.40000,
,,,0.000126164000, -10.60000,
,,,0.000126168000, -10.60000,
,,,0.000126172000, -10.40000,
,,,0.000126176000, -10.60000,
,,,0.000126180000, -10.20000,
,,,0.000126184000, -10.40000,
,,,0.000126188000, -10.20000,
,,,0.000126192000, -10.40000,
,,,0.000126196000, -10.20000,
,,,0.000126200000, -10.40000,
,,,0.000126204000, -10.40000,
,,,0.000126208000, -10.40000,
,,,0.000126212000, -10.40000,
,,,0.000126216000, -10.60000,
,,,0.000126220000, -10.00000,
,,,0.000126224000, -10.40000,
,,,0.000126228000, -10.40000,
,,,0.000126232000, -10.20000,
,,,0.000126236000, -10.20000,
,,,0.000126240000, -10.40000,
,,,0.000126244000, -10.60000,
,,,0.000126248000, -10.20000,
,,,0.000126252000, -10.40000,
,,,0.000126256000, -10.40000,
,,,0.000126260000, -10.00000,
,,,0.000126264000, -10.60000,
,,,0.000126268000, -10.20000,
,,,0.000126272000, -10.20000,
,,,0.000126276000, -10.40000,
,,,0.000126280000, -10.60000,
,,,0.000126284000, -10.00000,
,,,0.000126288000, -10.00000,
,,,0.000126292000, -10.40000,
,,,0.000126296000, -10.40000,
,,,0.000126300000, -10.60000,
,,,0.000126304000, -10.00000,
,,,0.000126308000, -10.20000,
,,,0.000126312000, -10.40000,
,,,0.000126316000, -10.40000,
,,,0.000126320000, -10.00000,
,,,0.000126324000, -10.00000,
,,,0.000126328000, -10.20000,
,,,0.000126332000, -10.40000,
,,,0.000126336000, -10.00000,
,,,0.000126340000, -10.40000,
,,,0.000126344000, -10.20000,
,,,0.000126348000, -10.40000,
,,,0.000126352000, -10.00000,
,,,0.000126356000, -10.20000,
,,,0.000126360000, -10.20000,
,,,0.000126364000, -10.80000,
,,,0.000126368000, -10.40000,
,,,0.000126372000, -10.60000,
,,,0.000126376000, -10.40000,
,,,0.000126380000, -10.00000,
,,,0.000126384000, -10.00000,
,,,0.000126388000, -10.00000,
,,,0.000126392000, -10.00000,
,,,0.000126396000, -10.40000,
,,,0.000126400000, -10.00000,
,,,0.000126404000, -10.40000,
,,,0.000126408000, -10.40000,
,,,0.000126412000, -10.20000,
,,,0.000126416000, -10.40000,
,,,0.000126420000, -10.20000,
,,,0.000126424000, -10.20000,
,,,0.000126428000, -10.20000,
,,,0.000126432000, -10.40000,
,,,0.000126436000, -10.40000,
,,,0.000126440000, -10.00000,
,,,0.000126444000, -10.20000,
,,,0.000126448000, -10.40000,
,,,0.000126452000, -10.40000,
,,,0.000126456000, -10.20000,
,,,0.000126460000, -10.40000,
,,,0.000126464000, -10.20000,
,,,0.000126468000, -10.40000,
,,,0.000126472000, -10.20000,
,,,0.000126476000, -10.40000,
,,,0.000126480000, -10.40000,
,,,0.000126484000, -10.20000,
,,,0.000126488000, -10.20000,
,,,0.000126492000, -10.40000,
,,,0.000126496000, -10.40000,
,,,0.000126500000, -10.00000,
,,,0.000126504000, -10.40000,
,,,0.000126508000, -10.20000,
,,,0.000126512000, -10.60000,
,,,0.000126516000, -10.20000,
,,,0.000126520000, -10.40000,
,,,0.000126524000, -10.00000,
,,,0.000126528000, -10.20000,
,,,0.000126532000, -10.40000,
,,,0.000126536000, -10.20000,
,,,0.000126540000, -10.40000,
,,,0.000126544000, -10.00000,
,,,0.000126548000, -10.40000,
,,,0.000126552000, -10.20000,
,,,0.000126556000, -10.20000,
,,,0.000126560000, -10.40000,
,,,0.000126564000, -10.20000,
,,,0.000126568000, -10.40000,
,,,0.000126572000, -10.20000,
,,,0.000126576000, -10.40000,
,,,0.000126580000, -10.00000,
,,,0.000126584000, -10.40000,
,,,0.000126588000, -10.40000,
,,,0.000126592000, -10.20000,
,,,0.000126596000, -10.20000,
,,,0.000126600000, -10.60000,
,,,0.000126604000, -10.80000,
,,,0.000126608000, -10.20000,
,,,0.000126612000, -10.20000,
,,,0.000126616000,  -9.80000,
,,,0.000126620000, -10.20000,
,,,0.000126624000, -10.20000,
,,,0.000126628000, -10.00000,
,,,0.000126632000, -10.20000,
,,,0.000126636000, -10.60000,
,,,0.000126640000, -10.40000,
,,,0.000126644000, -10.20000,
,,,0.000126648000, -10.40000,
,,,0.000126652000, -10.20000,
,,,0.000126656000, -10.00000,
,,,0.000126660000, -10.40000,
,,,0.000126664000, -10.00000,
,,,0.000126668000, -10.40000,
,,,0.000126672000, -10.20000,
,,,0.000126676000, -10.20000,
,,,0.000126680000,  -9.80000,
,,,0.000126684000, -10.00000,
,,,0.000126688000, -10.20000,
,,,0.000126692000, -10.60000,
,,,0.000126696000, -10.40000,
,,,0.000126700000, -10.00000,
,,,0.000126704000, -10.20000,
,,,0.000126708000, -10.40000,
,,,0.000126712000, -10.40000,
,,,0.000126716000, -10.20000,
,,,0.000126720000, -10.00000,
,,,0.000126724000, -10.40000,
,,,0.000126728000, -10.40000,
,,,0.000126732000, -10.20000,
,,,0.000126736000, -10.00000,
,,,0.000126740000, -10.20000,
,,,0.000126744000, -10.20000,
,,,0.000126748000, -10.20000,
,,,0.000126752000, -10.00000,
,,,0.000126756000, -10.40000,
,,,0.000126760000, -10.60000,
,,,0.000126764000, -10.20000,
,,,0.000126768000, -10.60000,
,,,0.000126772000, -10.60000,
,,,0.000126776000, -10.40000,
,,,0.000126780000, -10.00000,
,,,0.000126784000, -10.20000,
,,,0.000126788000, -10.20000,
,,,0.000126792000, -10.40000,
,,,0.000126796000, -10.20000,
,,,0.000126800000, -10.40000,
,,,0.000126804000, -10.40000,
,,,0.000126808000, -10.40000,
,,,0.000126812000, -10.20000,
,,,0.000126816000, -10.20000,
,,,0.000126820000, -10.00000,
,,,0.000126824000, -10.00000,
,,,0.000126828000, -10.40000,
,,,0.000126832000, -10.20000,
,,,0.000126836000, -10.20000,
,,,0.000126840000, -10.20000,
,,,0.000126844000, -10.40000,
,,,0.000126848000, -10.60000,
,,,0.000126852000, -10.40000,
,,,0.000126856000, -10.40000,
,,,0.000126860000, -10.20000,
,,,0.000126864000, -10.60000,
,,,0.000126868000, -10.00000,
,,,0.000126872000, -10.40000,
,,,0.000126876000, -10.40000,
,,,0.000126880000, -10.40000,
,,,0.000126884000, -10.40000,
,,,0.000126888000, -10.60000,
,,,0.000126892000, -10.40000,
,,,0.000126896000, -10.20000,
,,,0.000126900000, -10.40000,
,,,0.000126904000, -10.40000,
,,,0.000126908000, -10.40000,
,,,0.000126912000, -10.40000,
,,,0.000126916000, -10.20000,
,,,0.000126920000, -10.20000,
,,,0.000126924000, -10.00000,
,,,0.000126928000, -10.00000,
,,,0.000126932000, -10.20000,
,,,0.000126936000, -10.40000,
,,,0.000126940000, -10.20000,
,,,0.000126944000, -10.40000,
,,,0.000126948000, -10.20000,
,,,0.000126952000, -10.20000,
,,,0.000126956000, -10.40000,
,,,0.000126960000, -10.40000,
,,,0.000126964000, -10.60000,
,,,0.000126968000, -10.20000,
,,,0.000126972000, -10.20000,
,,,0.000126976000, -10.20000,
,,,0.000126980000, -10.20000,
,,,0.000126984000, -10.20000,
,,,0.000126988000, -10.20000,
,,,0.000126992000, -10.40000,
,,,0.000126996000, -10.40000,
