Record Length,2.500000e+03,,   0.000047270000, -33.60000,
Sample Interval,1.000000e-09,,   0.000047271000, -33.60000,
Trigger Point,-4.727000000000e+04,,   0.000047272000, -33.60000,
,,,   0.000047273000, -34.40000,
,,,   0.000047274000, -34.40000,
,,,   0.000047275000, -33.60000,
Source,MATH,,   0.000047276000, -33.60000,
Vertical Units,V,,   0.000047277000, -33.60000,
Vertical Scale,2.000000e+01,,   0.000047278000, -33.60000,
Vertical Offset,0.000000e+00,,   0.000047279000, -33.60000,
Horizontal Units,s,,   0.000047280000, -33.60000,
Horizontal Scale,2.500000e-07,,   0.000047281000, -33.60000,
Pt Fmt,Y,,   0.000047282000, -33.60000,
Yzero,0.000000e+00,,   0.000047283000, -32.80000,
Probe Atten,1.000000e+00,,   0.000047284000, -34.40000,
Model Number,TDS2004C,,   0.000047285000, -33.60000,
Serial Number,C012246,,   0.000047286000, -33.60000,
Firmware Version,FV:v24.18,,   0.000047287000, -32.80000,
,,,0.000047288000, -33.60000,
,,,0.000047289000, -32.80000,
,,,0.000047290000, -33.60000,
,,,0.000047291000, -33.60000,
,,,0.000047292000, -32.80000,
,,,0.000047293000, -34.40000,
,,,0.000047294000, -33.60000,
,,,0.000047295000, -33.60000,
,,,0.000047296000, -33.60000,
,,,0.000047297000, -34.40000,
,,,0.000047298000, -32.80000,
,,,0.000047299000, -33.60000,
,,,0.000047300000, -33.60000,
,,,0.000047301000, -33.60000,
,,,0.000047302000, -32.80000,
,,,0.000047303000, -33.60000,
,,,0.000047304000, -35.20000,
,,,0.000047305000, -33.60000,
,,,0.000047306000, -34.40000,
,,,0.000047307000, -32.80000,
,,,0.000047308000, -32.80000,
,,,0.000047309000, -35.20000,
,,,0.000047310000, -34.40000,
,,,0.000047311000, -33.60000,
,,,0.000047312000, -34.40000,
,,,0.000047313000, -33.60000,
,,,0.000047314000, -32.80000,
,,,0.000047315000, -34.40000,
,,,0.000047316000, -33.60000,
,,,0.000047317000, -33.60000,
,,,0.000047318000, -33.60000,
,,,0.000047319000, -33.60000,
,,,0.000047320000, -32.80000,
,,,0.000047321000, -32.80000,
,,,0.000047322000, -33.60000,
,,,0.000047323000, -32.80000,
,,,0.000047324000, -34.40000,
,,,0.000047325000, -32.80000,
,,,0.000047326000, -33.60000,
,,,0.000047327000, -33.60000,
,,,0.000047328000, -33.60000,
,,,0.000047329000, -33.60000,
,,,0.000047330000, -32.80000,
,,,0.000047331000, -33.60000,
,,,0.000047332000, -34.40000,
,,,0.000047333000, -34.40000,
,,,0.000047334000, -32.80000,
,,,0.000047335000, -32.80000,
,,,0.000047336000, -33.60000,
,,,0.000047337000, -35.20000,
,,,0.000047338000, -32.80000,
,,,0.000047339000, -33.60000,
,,,0.000047340000, -33.60000,
,,,0.000047341000, -33.60000,
,,,0.000047342000, -32.80000,
,,,0.000047343000, -33.60000,
,,,0.000047344000, -35.20000,
,,,0.000047345000, -33.60000,
,,,0.000047346000, -33.60000,
,,,0.000047347000, -34.40000,
,,,0.000047348000, -33.60000,
,,,0.000047349000, -32.80000,
,,,0.000047350000, -33.60000,
,,,0.000047351000, -33.60000,
,,,0.000047352000, -33.60000,
,,,0.000047353000, -32.80000,
,,,0.000047354000, -33.60000,
,,,0.000047355000, -33.60000,
,,,0.000047356000, -33.60000,
,,,0.000047357000, -33.60000,
,,,0.000047358000, -32.80000,
,,,0.000047359000, -33.60000,
,,,0.000047360000, -35.20000,
,,,0.000047361000, -33.60000,
,,,0.000047362000, -32.80000,
,,,0.000047363000, -32.80000,
,,,0.000047364000, -32.80000,
,,,0.000047365000, -33.60000,
,,,0.000047366000, -34.40000,
,,,0.000047367000, -33.60000,
,,,0.000047368000, -32.80000,
,,,0.000047369000, -33.60000,
,,,0.000047370000, -32.80000,
,,,0.000047371000, -33.60000,
,,,0.000047372000, -34.40000,
,,,0.000047373000, -32.80000,
,,,0.000047374000, -33.60000,
,,,0.000047375000, -32.80000,
,,,0.000047376000, -34.40000,
,,,0.000047377000, -33.60000,
,,,0.000047378000, -34.40000,
,,,0.000047379000, -34.40000,
,,,0.000047380000, -33.60000,
,,,0.000047381000, -34.40000,
,,,0.000047382000, -32.00000,
,,,0.000047383000, -34.40000,
,,,0.000047384000, -34.40000,
,,,0.000047385000, -32.80000,
,,,0.000047386000, -32.80000,
,,,0.000047387000, -34.40000,
,,,0.000047388000, -32.80000,
,,,0.000047389000, -32.80000,
,,,0.000047390000, -33.60000,
,,,0.000047391000, -33.60000,
,,,0.000047392000, -33.60000,
,,,0.000047393000, -33.60000,
,,,0.000047394000, -34.40000,
,,,0.000047395000, -34.40000,
,,,0.000047396000, -35.20000,
,,,0.000047397000, -33.60000,
,,,0.000047398000, -33.60000,
,,,0.000047399000, -33.60000,
,,,0.000047400000, -32.80000,
,,,0.000047401000, -33.60000,
,,,0.000047402000, -34.40000,
,,,0.000047403000, -33.60000,
,,,0.000047404000, -33.60000,
,,,0.000047405000, -33.60000,
,,,0.000047406000, -33.60000,
,,,0.000047407000, -34.40000,
,,,0.000047408000, -34.40000,
,,,0.000047409000, -32.80000,
,,,0.000047410000, -34.40000,
,,,0.000047411000, -33.60000,
,,,0.000047412000, -33.60000,
,,,0.000047413000, -32.80000,
,,,0.000047414000, -33.60000,
,,,0.000047415000, -32.80000,
,,,0.000047416000, -32.00000,
,,,0.000047417000, -32.80000,
,,,0.000047418000, -33.60000,
,,,0.000047419000, -33.60000,
,,,0.000047420000, -34.40000,
,,,0.000047421000, -32.80000,
,,,0.000047422000, -34.40000,
,,,0.000047423000, -33.60000,
,,,0.000047424000, -33.60000,
,,,0.000047425000, -34.40000,
,,,0.000047426000, -33.60000,
,,,0.000047427000, -32.80000,
,,,0.000047428000, -33.60000,
,,,0.000047429000, -32.00000,
,,,0.000047430000, -32.80000,
,,,0.000047431000, -32.80000,
,,,0.000047432000, -32.80000,
,,,0.000047433000, -32.80000,
,,,0.000047434000, -33.60000,
,,,0.000047435000, -34.40000,
,,,0.000047436000, -32.80000,
,,,0.000047437000, -32.80000,
,,,0.000047438000, -33.60000,
,,,0.000047439000, -32.80000,
,,,0.000047440000, -33.60000,
,,,0.000047441000, -32.80000,
,,,0.000047442000, -33.60000,
,,,0.000047443000, -34.40000,
,,,0.000047444000, -34.40000,
,,,0.000047445000, -33.60000,
,,,0.000047446000, -34.40000,
,,,0.000047447000, -32.80000,
,,,0.000047448000, -33.60000,
,,,0.000047449000, -32.00000,
,,,0.000047450000, -33.60000,
,,,0.000047451000, -33.60000,
,,,0.000047452000, -32.80000,
,,,0.000047453000, -32.80000,
,,,0.000047454000, -33.60000,
,,,0.000047455000, -32.80000,
,,,0.000047456000, -32.80000,
,,,0.000047457000, -33.60000,
,,,0.000047458000, -34.40000,
,,,0.000047459000, -33.60000,
,,,0.000047460000, -34.40000,
,,,0.000047461000, -32.80000,
,,,0.000047462000, -34.40000,
,,,0.000047463000, -33.60000,
,,,0.000047464000, -32.80000,
,,,0.000047465000, -33.60000,
,,,0.000047466000, -34.40000,
,,,0.000047467000, -32.80000,
,,,0.000047468000, -33.60000,
,,,0.000047469000, -33.60000,
,,,0.000047470000, -33.60000,
,,,0.000047471000, -33.60000,
,,,0.000047472000, -33.60000,
,,,0.000047473000, -32.80000,
,,,0.000047474000, -33.60000,
,,,0.000047475000, -32.80000,
,,,0.000047476000, -33.60000,
,,,0.000047477000, -33.60000,
,,,0.000047478000, -34.40000,
,,,0.000047479000, -33.60000,
,,,0.000047480000, -33.60000,
,,,0.000047481000, -32.00000,
,,,0.000047482000, -33.60000,
,,,0.000047483000, -33.60000,
,,,0.000047484000, -32.00000,
,,,0.000047485000, -32.80000,
,,,0.000047486000, -34.40000,
,,,0.000047487000, -33.60000,
,,,0.000047488000, -32.80000,
,,,0.000047489000, -32.80000,
,,,0.000047490000, -32.80000,
,,,0.000047491000, -33.60000,
,,,0.000047492000, -32.80000,
,,,0.000047493000, -32.80000,
,,,0.000047494000, -33.60000,
,,,0.000047495000, -34.40000,
,,,0.000047496000, -33.60000,
,,,0.000047497000, -33.60000,
,,,0.000047498000, -33.60000,
,,,0.000047499000, -32.80000,
,,,0.000047500000, -32.80000,
,,,0.000047501000, -32.80000,
,,,0.000047502000, -33.60000,
,,,0.000047503000, -33.60000,
,,,0.000047504000, -33.60000,
,,,0.000047505000, -32.80000,
,,,0.000047506000, -32.80000,
,,,0.000047507000, -34.40000,
,,,0.000047508000, -32.80000,
,,,0.000047509000, -34.40000,
,,,0.000047510000, -32.80000,
,,,0.000047511000, -34.40000,
,,,0.000047512000, -32.80000,
,,,0.000047513000, -32.80000,
,,,0.000047514000, -32.00000,
,,,0.000047515000, -34.40000,
,,,0.000047516000, -33.60000,
,,,0.000047517000, -33.60000,
,,,0.000047518000, -32.80000,
,,,0.000047519000, -33.60000,
,,,0.000047520000, -32.80000,
,,,0.000047521000, -33.60000,
,,,0.000047522000, -33.60000,
,,,0.000047523000, -33.60000,
,,,0.000047524000, -33.60000,
,,,0.000047525000, -33.60000,
,,,0.000047526000, -32.80000,
,,,0.000047527000, -33.60000,
,,,0.000047528000, -32.00000,
,,,0.000047529000, -33.60000,
,,,0.000047530000, -33.60000,
,,,0.000047531000, -32.80000,
,,,0.000047532000, -33.60000,
,,,0.000047533000, -34.40000,
,,,0.000047534000, -34.40000,
,,,0.000047535000, -33.60000,
,,,0.000047536000, -32.80000,
,,,0.000047537000, -32.80000,
,,,0.000047538000, -32.80000,
,,,0.000047539000, -34.40000,
,,,0.000047540000, -32.80000,
,,,0.000047541000, -32.80000,
,,,0.000047542000, -33.60000,
,,,0.000047543000, -33.60000,
,,,0.000047544000, -33.60000,
,,,0.000047545000, -34.40000,
,,,0.000047546000, -33.60000,
,,,0.000047547000, -32.80000,
,,,0.000047548000, -33.60000,
,,,0.000047549000, -33.60000,
,,,0.000047550000, -34.40000,
,,,0.000047551000, -33.60000,
,,,0.000047552000, -34.40000,
,,,0.000047553000, -33.60000,
,,,0.000047554000, -32.80000,
,,,0.000047555000, -32.80000,
,,,0.000047556000, -34.40000,
,,,0.000047557000, -32.80000,
,,,0.000047558000, -34.40000,
,,,0.000047559000, -33.60000,
,,,0.000047560000, -33.60000,
,,,0.000047561000, -32.80000,
,,,0.000047562000, -33.60000,
,,,0.000047563000, -33.60000,
,,,0.000047564000, -34.40000,
,,,0.000047565000, -34.40000,
,,,0.000047566000, -34.40000,
,,,0.000047567000, -34.40000,
,,,0.000047568000, -33.60000,
,,,0.000047569000, -33.60000,
,,,0.000047570000, -34.40000,
,,,0.000047571000, -33.60000,
,,,0.000047572000, -33.60000,
,,,0.000047573000, -32.80000,
,,,0.000047574000, -32.00000,
,,,0.000047575000, -33.60000,
,,,0.000047576000, -34.40000,
,,,0.000047577000, -33.60000,
,,,0.000047578000, -33.60000,
,,,0.000047579000, -33.60000,
,,,0.000047580000, -33.60000,
,,,0.000047581000, -34.40000,
,,,0.000047582000, -34.40000,
,,,0.000047583000, -33.60000,
,,,0.000047584000, -32.80000,
,,,0.000047585000, -32.80000,
,,,0.000047586000, -32.80000,
,,,0.000047587000, -33.60000,
,,,0.000047588000, -34.40000,
,,,0.000047589000, -33.60000,
,,,0.000047590000, -33.60000,
,,,0.000047591000, -33.60000,
,,,0.000047592000, -32.80000,
,,,0.000047593000, -34.40000,
,,,0.000047594000, -34.40000,
,,,0.000047595000, -33.60000,
,,,0.000047596000, -34.40000,
,,,0.000047597000, -34.40000,
,,,0.000047598000, -33.60000,
,,,0.000047599000, -33.60000,
,,,0.000047600000, -34.40000,
,,,0.000047601000, -35.20000,
,,,0.000047602000, -34.40000,
,,,0.000047603000, -34.40000,
,,,0.000047604000, -34.40000,
,,,0.000047605000, -34.40000,
,,,0.000047606000, -35.20000,
,,,0.000047607000, -33.60000,
,,,0.000047608000, -34.40000,
,,,0.000047609000, -34.40000,
,,,0.000047610000, -34.40000,
,,,0.000047611000, -32.80000,
,,,0.000047612000, -34.40000,
,,,0.000047613000, -34.40000,
,,,0.000047614000, -33.60000,
,,,0.000047615000, -35.20000,
,,,0.000047616000, -33.60000,
,,,0.000047617000, -33.60000,
,,,0.000047618000, -33.60000,
,,,0.000047619000, -34.40000,
,,,0.000047620000, -33.60000,
,,,0.000047621000, -34.40000,
,,,0.000047622000, -35.20000,
,,,0.000047623000, -33.60000,
,,,0.000047624000, -33.60000,
,,,0.000047625000, -33.60000,
,,,0.000047626000, -34.40000,
,,,0.000047627000, -32.80000,
,,,0.000047628000, -33.60000,
,,,0.000047629000, -34.40000,
,,,0.000047630000, -34.40000,
,,,0.000047631000, -34.40000,
,,,0.000047632000, -33.60000,
,,,0.000047633000, -35.20000,
,,,0.000047634000, -33.60000,
,,,0.000047635000, -33.60000,
,,,0.000047636000, -34.40000,
,,,0.000047637000, -32.80000,
,,,0.000047638000, -34.40000,
,,,0.000047639000, -33.60000,
,,,0.000047640000, -33.60000,
,,,0.000047641000, -33.60000,
,,,0.000047642000, -33.60000,
,,,0.000047643000, -34.40000,
,,,0.000047644000, -35.20000,
,,,0.000047645000, -34.40000,
,,,0.000047646000, -33.60000,
,,,0.000047647000, -33.60000,
,,,0.000047648000, -34.40000,
,,,0.000047649000, -33.60000,
,,,0.000047650000, -34.40000,
,,,0.000047651000, -34.40000,
,,,0.000047652000, -33.60000,
,,,0.000047653000, -32.80000,
,,,0.000047654000, -33.60000,
,,,0.000047655000, -33.60000,
,,,0.000047656000, -35.20000,
,,,0.000047657000, -35.20000,
,,,0.000047658000, -34.40000,
,,,0.000047659000, -33.60000,
,,,0.000047660000, -34.40000,
,,,0.000047661000, -34.40000,
,,,0.000047662000, -33.60000,
,,,0.000047663000, -35.20000,
,,,0.000047664000, -34.40000,
,,,0.000047665000, -34.40000,
,,,0.000047666000, -34.40000,
,,,0.000047667000, -34.40000,
,,,0.000047668000, -34.40000,
,,,0.000047669000, -34.40000,
,,,0.000047670000, -33.60000,
,,,0.000047671000, -34.40000,
,,,0.000047672000, -34.40000,
,,,0.000047673000, -34.40000,
,,,0.000047674000, -34.40000,
,,,0.000047675000, -33.60000,
,,,0.000047676000, -33.60000,
,,,0.000047677000, -34.40000,
,,,0.000047678000, -33.60000,
,,,0.000047679000, -32.80000,
,,,0.000047680000, -34.40000,
,,,0.000047681000, -34.40000,
,,,0.000047682000, -33.60000,
,,,0.000047683000, -34.40000,
,,,0.000047684000, -34.40000,
,,,0.000047685000, -34.40000,
,,,0.000047686000, -33.60000,
,,,0.000047687000, -33.60000,
,,,0.000047688000, -33.60000,
,,,0.000047689000, -34.40000,
,,,0.000047690000, -33.60000,
,,,0.000047691000, -33.60000,
,,,0.000047692000, -33.60000,
,,,0.000047693000, -34.40000,
,,,0.000047694000, -33.60000,
,,,0.000047695000, -33.60000,
,,,0.000047696000, -34.40000,
,,,0.000047697000, -34.40000,
,,,0.000047698000, -34.40000,
,,,0.000047699000, -35.20000,
,,,0.000047700000, -35.20000,
,,,0.000047701000, -34.40000,
,,,0.000047702000, -35.20000,
,,,0.000047703000, -35.20000,
,,,0.000047704000, -35.20000,
,,,0.000047705000, -35.20000,
,,,0.000047706000, -33.60000,
,,,0.000047707000, -35.20000,
,,,0.000047708000, -33.60000,
,,,0.000047709000, -34.40000,
,,,0.000047710000, -33.60000,
,,,0.000047711000, -33.60000,
,,,0.000047712000, -34.40000,
,,,0.000047713000, -33.60000,
,,,0.000047714000, -33.60000,
,,,0.000047715000, -32.80000,
,,,0.000047716000, -33.60000,
,,,0.000047717000, -33.60000,
,,,0.000047718000, -33.60000,
,,,0.000047719000, -32.80000,
,,,0.000047720000, -34.40000,
,,,0.000047721000, -34.40000,
,,,0.000047722000, -33.60000,
,,,0.000047723000, -33.60000,
,,,0.000047724000, -33.60000,
,,,0.000047725000, -34.40000,
,,,0.000047726000, -33.60000,
,,,0.000047727000, -33.60000,
,,,0.000047728000, -34.40000,
,,,0.000047729000, -33.60000,
,,,0.000047730000, -33.60000,
,,,0.000047731000, -33.60000,
,,,0.000047732000, -33.60000,
,,,0.000047733000, -33.60000,
,,,0.000047734000, -35.20000,
,,,0.000047735000, -33.60000,
,,,0.000047736000, -33.60000,
,,,0.000047737000, -34.40000,
,,,0.000047738000, -34.40000,
,,,0.000047739000, -33.60000,
,,,0.000047740000, -35.20000,
,,,0.000047741000, -33.60000,
,,,0.000047742000, -34.40000,
,,,0.000047743000, -34.40000,
,,,0.000047744000, -33.60000,
,,,0.000047745000, -33.60000,
,,,0.000047746000, -32.80000,
,,,0.000047747000, -32.00000,
,,,0.000047748000, -33.60000,
,,,0.000047749000, -32.80000,
,,,0.000047750000, -33.60000,
,,,0.000047751000, -32.80000,
,,,0.000047752000, -33.60000,
,,,0.000047753000, -34.40000,
,,,0.000047754000, -33.60000,
,,,0.000047755000, -33.60000,
,,,0.000047756000, -34.40000,
,,,0.000047757000, -34.40000,
,,,0.000047758000, -32.80000,
,,,0.000047759000, -34.40000,
,,,0.000047760000, -32.80000,
,,,0.000047761000, -33.60000,
,,,0.000047762000, -33.60000,
,,,0.000047763000, -33.60000,
,,,0.000047764000, -32.80000,
,,,0.000047765000, -32.80000,
,,,0.000047766000, -33.60000,
,,,0.000047767000, -33.60000,
,,,0.000047768000, -33.60000,
,,,0.000047769000, -33.60000,
,,,0.000047770000, -33.60000,
,,,0.000047771000, -32.80000,
,,,0.000047772000, -34.40000,
,,,0.000047773000, -33.60000,
,,,0.000047774000, -32.80000,
,,,0.000047775000, -34.40000,
,,,0.000047776000, -34.40000,
,,,0.000047777000, -33.60000,
,,,0.000047778000, -33.60000,
,,,0.000047779000, -34.40000,
,,,0.000047780000, -32.00000,
,,,0.000047781000, -32.80000,
,,,0.000047782000, -33.60000,
,,,0.000047783000, -32.80000,
,,,0.000047784000, -32.80000,
,,,0.000047785000, -32.00000,
,,,0.000047786000, -32.80000,
,,,0.000047787000, -32.80000,
,,,0.000047788000, -32.80000,
,,,0.000047789000, -32.80000,
,,,0.000047790000, -33.60000,
,,,0.000047791000, -34.40000,
,,,0.000047792000, -34.40000,
,,,0.000047793000, -32.80000,
,,,0.000047794000, -32.80000,
,,,0.000047795000, -33.60000,
,,,0.000047796000, -32.80000,
,,,0.000047797000, -32.80000,
,,,0.000047798000, -32.80000,
,,,0.000047799000, -32.80000,
,,,0.000047800000, -33.60000,
,,,0.000047801000, -33.60000,
,,,0.000047802000, -33.60000,
,,,0.000047803000, -33.60000,
,,,0.000047804000, -34.40000,
,,,0.000047805000, -32.80000,
,,,0.000047806000, -33.60000,
,,,0.000047807000, -33.60000,
,,,0.000047808000, -33.60000,
,,,0.000047809000, -32.80000,
,,,0.000047810000, -32.80000,
,,,0.000047811000, -33.60000,
,,,0.000047812000, -33.60000,
,,,0.000047813000, -33.60000,
,,,0.000047814000, -33.60000,
,,,0.000047815000, -32.80000,
,,,0.000047816000, -34.40000,
,,,0.000047817000, -32.80000,
,,,0.000047818000, -33.60000,
,,,0.000047819000, -33.60000,
,,,0.000047820000, -33.60000,
,,,0.000047821000, -33.60000,
,,,0.000047822000, -33.60000,
,,,0.000047823000, -32.80000,
,,,0.000047824000, -34.40000,
,,,0.000047825000, -32.80000,
,,,0.000047826000, -32.80000,
,,,0.000047827000, -32.80000,
,,,0.000047828000, -32.80000,
,,,0.000047829000, -32.00000,
,,,0.000047830000, -33.60000,
,,,0.000047831000, -32.80000,
,,,0.000047832000, -33.60000,
,,,0.000047833000, -32.80000,
,,,0.000047834000, -33.60000,
,,,0.000047835000, -32.80000,
,,,0.000047836000, -33.60000,
,,,0.000047837000, -32.80000,
,,,0.000047838000, -33.60000,
,,,0.000047839000, -34.40000,
,,,0.000047840000, -34.40000,
,,,0.000047841000, -32.80000,
,,,0.000047842000, -34.40000,
,,,0.000047843000, -33.60000,
,,,0.000047844000, -33.60000,
,,,0.000047845000, -32.80000,
,,,0.000047846000, -33.60000,
,,,0.000047847000, -33.60000,
,,,0.000047848000, -32.80000,
,,,0.000047849000, -34.40000,
,,,0.000047850000, -33.60000,
,,,0.000047851000, -33.60000,
,,,0.000047852000, -33.60000,
,,,0.000047853000, -33.60000,
,,,0.000047854000, -33.60000,
,,,0.000047855000, -33.60000,
,,,0.000047856000, -34.40000,
,,,0.000047857000, -33.60000,
,,,0.000047858000, -34.40000,
,,,0.000047859000, -32.80000,
,,,0.000047860000, -33.60000,
,,,0.000047861000, -33.60000,
,,,0.000047862000, -34.40000,
,,,0.000047863000, -33.60000,
,,,0.000047864000, -32.80000,
,,,0.000047865000, -33.60000,
,,,0.000047866000, -32.80000,
,,,0.000047867000, -33.60000,
,,,0.000047868000, -32.80000,
,,,0.000047869000, -33.60000,
,,,0.000047870000, -33.60000,
,,,0.000047871000, -33.60000,
,,,0.000047872000, -32.00000,
,,,0.000047873000, -33.60000,
,,,0.000047874000, -33.60000,
,,,0.000047875000, -33.60000,
,,,0.000047876000, -33.60000,
,,,0.000047877000, -34.40000,
,,,0.000047878000, -33.60000,
,,,0.000047879000, -32.80000,
,,,0.000047880000, -32.80000,
,,,0.000047881000, -32.80000,
,,,0.000047882000, -33.60000,
,,,0.000047883000, -32.80000,
,,,0.000047884000, -33.60000,
,,,0.000047885000, -33.60000,
,,,0.000047886000, -33.60000,
,,,0.000047887000, -33.60000,
,,,0.000047888000, -33.60000,
,,,0.000047889000, -33.60000,
,,,0.000047890000, -32.80000,
,,,0.000047891000, -33.60000,
,,,0.000047892000, -33.60000,
,,,0.000047893000, -32.00000,
,,,0.000047894000, -32.00000,
,,,0.000047895000, -32.00000,
,,,0.000047896000, -33.60000,
,,,0.000047897000, -32.80000,
,,,0.000047898000, -32.80000,
,,,0.000047899000, -32.00000,
,,,0.000047900000, -32.80000,
,,,0.000047901000, -32.00000,
,,,0.000047902000, -32.00000,
,,,0.000047903000, -33.60000,
,,,0.000047904000, -32.80000,
,,,0.000047905000, -33.60000,
,,,0.000047906000, -32.00000,
,,,0.000047907000, -33.60000,
,,,0.000047908000, -31.20000,
,,,0.000047909000, -32.80000,
,,,0.000047910000, -32.80000,
,,,0.000047911000, -32.80000,
,,,0.000047912000, -32.80000,
,,,0.000047913000, -32.80000,
,,,0.000047914000, -33.60000,
,,,0.000047915000, -32.80000,
,,,0.000047916000, -32.80000,
,,,0.000047917000, -33.60000,
,,,0.000047918000, -32.80000,
,,,0.000047919000, -33.60000,
,,,0.000047920000, -33.60000,
,,,0.000047921000, -33.60000,
,,,0.000047922000, -32.80000,
,,,0.000047923000, -32.80000,
,,,0.000047924000, -32.00000,
,,,0.000047925000, -32.80000,
,,,0.000047926000, -32.80000,
,,,0.000047927000, -32.00000,
,,,0.000047928000, -32.80000,
,,,0.000047929000, -33.60000,
,,,0.000047930000, -32.80000,
,,,0.000047931000, -32.00000,
,,,0.000047932000, -32.00000,
,,,0.000047933000, -32.80000,
,,,0.000047934000, -32.00000,
,,,0.000047935000, -32.80000,
,,,0.000047936000, -31.20000,
,,,0.000047937000, -32.00000,
,,,0.000047938000, -33.60000,
,,,0.000047939000, -32.00000,
,,,0.000047940000, -32.00000,
,,,0.000047941000, -32.80000,
,,,0.000047942000, -32.00000,
,,,0.000047943000, -31.20000,
,,,0.000047944000, -32.00000,
,,,0.000047945000, -32.80000,
,,,0.000047946000, -31.20000,
,,,0.000047947000, -32.00000,
,,,0.000047948000, -32.00000,
,,,0.000047949000, -31.20000,
,,,0.000047950000, -31.20000,
,,,0.000047951000, -32.80000,
,,,0.000047952000, -32.80000,
,,,0.000047953000, -32.00000,
,,,0.000047954000, -32.80000,
,,,0.000047955000, -32.00000,
,,,0.000047956000, -32.00000,
,,,0.000047957000, -32.80000,
,,,0.000047958000, -32.00000,
,,,0.000047959000, -32.00000,
,,,0.000047960000, -31.20000,
,,,0.000047961000, -32.80000,
,,,0.000047962000, -31.20000,
,,,0.000047963000, -31.20000,
,,,0.000047964000, -32.00000,
,,,0.000047965000, -32.00000,
,,,0.000047966000, -32.00000,
,,,0.000047967000, -31.20000,
,,,0.000047968000, -31.20000,
,,,0.000047969000, -30.40000,
,,,0.000047970000, -30.40000,
,,,0.000047971000, -32.00000,
,,,0.000047972000, -32.00000,
,,,0.000047973000, -32.00000,
,,,0.000047974000, -30.40000,
,,,0.000047975000, -31.20000,
,,,0.000047976000, -31.20000,
,,,0.000047977000, -32.00000,
,,,0.000047978000, -31.20000,
,,,0.000047979000, -31.20000,
,,,0.000047980000, -30.40000,
,,,0.000047981000, -32.00000,
,,,0.000047982000, -31.20000,
,,,0.000047983000, -31.20000,
,,,0.000047984000, -30.40000,
,,,0.000047985000, -31.20000,
,,,0.000047986000, -29.60000,
,,,0.000047987000, -30.40000,
,,,0.000047988000, -30.40000,
,,,0.000047989000, -31.20000,
,,,0.000047990000, -29.60000,
,,,0.000047991000, -29.60000,
,,,0.000047992000, -29.60000,
,,,0.000047993000, -29.60000,
,,,0.000047994000, -30.40000,
,,,0.000047995000, -29.60000,
,,,0.000047996000, -30.40000,
,,,0.000047997000, -30.40000,
,,,0.000047998000, -30.40000,
,,,0.000047999000, -29.60000,
,,,0.000048000000, -29.60000,
,,,0.000048001000, -30.40000,
,,,0.000048002000, -30.40000,
,,,0.000048003000, -29.60000,
,,,0.000048004000, -30.40000,
,,,0.000048005000, -30.40000,
,,,0.000048006000, -29.60000,
,,,0.000048007000, -28.80000,
,,,0.000048008000, -28.80000,
,,,0.000048009000, -30.40000,
,,,0.000048010000, -29.60000,
,,,0.000048011000, -29.60000,
,,,0.000048012000, -30.40000,
,,,0.000048013000, -28.80000,
,,,0.000048014000, -30.40000,
,,,0.000048015000, -28.00000,
,,,0.000048016000, -28.80000,
,,,0.000048017000, -28.00000,
,,,0.000048018000, -28.80000,
,,,0.000048019000, -29.60000,
,,,0.000048020000, -29.60000,
,,,0.000048021000, -28.80000,
,,,0.000048022000, -28.80000,
,,,0.000048023000, -28.80000,
,,,0.000048024000, -28.00000,
,,,0.000048025000, -29.60000,
,,,0.000048026000, -28.80000,
,,,0.000048027000, -28.80000,
,,,0.000048028000, -28.00000,
,,,0.000048029000, -28.80000,
,,,0.000048030000, -28.00000,
,,,0.000048031000, -27.20000,
,,,0.000048032000, -28.00000,
,,,0.000048033000, -28.00000,
,,,0.000048034000, -27.20000,
,,,0.000048035000, -28.00000,
,,,0.000048036000, -28.00000,
,,,0.000048037000, -27.20000,
,,,0.000048038000, -28.00000,
,,,0.000048039000, -28.00000,
,,,0.000048040000, -28.80000,
,,,0.000048041000, -28.80000,
,,,0.000048042000, -27.20000,
,,,0.000048043000, -28.00000,
,,,0.000048044000, -27.20000,
,,,0.000048045000, -26.40000,
,,,0.000048046000, -27.20000,
,,,0.000048047000, -28.00000,
,,,0.000048048000, -27.20000,
,,,0.000048049000, -26.40000,
,,,0.000048050000, -26.40000,
,,,0.000048051000, -26.40000,
,,,0.000048052000, -26.40000,
,,,0.000048053000, -25.60000,
,,,0.000048054000, -26.40000,
,,,0.000048055000, -26.40000,
,,,0.000048056000, -27.20000,
,,,0.000048057000, -25.60000,
,,,0.000048058000, -26.40000,
,,,0.000048059000, -26.40000,
,,,0.000048060000, -25.60000,
,,,0.000048061000, -24.80000,
,,,0.000048062000, -25.60000,
,,,0.000048063000, -25.60000,
,,,0.000048064000, -25.60000,
,,,0.000048065000, -25.60000,
,,,0.000048066000, -25.60000,
,,,0.000048067000, -26.40000,
,,,0.000048068000, -25.60000,
,,,0.000048069000, -25.60000,
,,,0.000048070000, -24.80000,
,,,0.000048071000, -24.80000,
,,,0.000048072000, -24.80000,
,,,0.000048073000, -24.80000,
,,,0.000048074000, -24.00000,
,,,0.000048075000, -23.20000,
,,,0.000048076000, -24.00000,
,,,0.000048077000, -24.00000,
,,,0.000048078000, -23.20000,
,,,0.000048079000, -22.40000,
,,,0.000048080000, -24.00000,
,,,0.000048081000, -23.20000,
,,,0.000048082000, -23.20000,
,,,0.000048083000, -24.00000,
,,,0.000048084000, -23.20000,
,,,0.000048085000, -23.20000,
,,,0.000048086000, -23.20000,
,,,0.000048087000, -23.20000,
,,,0.000048088000, -22.40000,
,,,0.000048089000, -23.20000,
,,,0.000048090000, -22.40000,
,,,0.000048091000, -22.40000,
,,,0.000048092000, -22.40000,
,,,0.000048093000, -21.60000,
,,,0.000048094000, -22.40000,
,,,0.000048095000, -21.60000,
,,,0.000048096000, -22.40000,
,,,0.000048097000, -21.60000,
,,,0.000048098000, -21.60000,
,,,0.000048099000, -22.40000,
,,,0.000048100000, -20.80000,
,,,0.000048101000, -20.80000,
,,,0.000048102000, -20.80000,
,,,0.000048103000, -20.80000,
,,,0.000048104000, -20.00000,
,,,0.000048105000, -20.80000,
,,,0.000048106000, -19.20000,
,,,0.000048107000, -20.80000,
,,,0.000048108000, -20.00000,
,,,0.000048109000, -19.20000,
,,,0.000048110000, -19.20000,
,,,0.000048111000, -19.20000,
,,,0.000048112000, -19.20000,
,,,0.000048113000, -19.20000,
,,,0.000048114000, -19.20000,
,,,0.000048115000, -18.40000,
,,,0.000048116000, -19.20000,
,,,0.000048117000, -17.60000,
,,,0.000048118000, -18.40000,
,,,0.000048119000, -19.20000,
,,,0.000048120000, -17.60000,
,,,0.000048121000, -17.60000,
,,,0.000048122000, -16.80000,
,,,0.000048123000, -17.60000,
,,,0.000048124000, -17.60000,
,,,0.000048125000, -18.40000,
,,,0.000048126000, -16.00000,
,,,0.000048127000, -16.80000,
,,,0.000048128000, -16.00000,
,,,0.000048129000, -16.00000,
,,,0.000048130000, -16.00000,
,,,0.000048131000, -16.80000,
,,,0.000048132000, -15.20000,
,,,0.000048133000, -16.00000,
,,,0.000048134000, -15.20000,
,,,0.000048135000, -16.00000,
,,,0.000048136000, -16.00000,
,,,0.000048137000, -15.20000,
,,,0.000048138000, -14.40000,
,,,0.000048139000, -14.40000,
,,,0.000048140000, -13.60000,
,,,0.000048141000, -14.40000,
,,,0.000048142000, -14.40000,
,,,0.000048143000, -13.60000,
,,,0.000048144000, -13.60000,
,,,0.000048145000, -12.80000,
,,,0.000048146000, -12.80000,
,,,0.000048147000, -12.80000,
,,,0.000048148000, -12.80000,
,,,0.000048149000, -12.00000,
,,,0.000048150000, -12.00000,
,,,0.000048151000, -12.80000,
,,,0.000048152000, -12.00000,
,,,0.000048153000, -12.00000,
,,,0.000048154000, -12.80000,
,,,0.000048155000, -12.80000,
,,,0.000048156000, -11.20000,
,,,0.000048157000, -10.40000,
,,,0.000048158000, -11.20000,
,,,0.000048159000, -11.20000,
,,,0.000048160000, -11.20000,
,,,0.000048161000, -10.40000,
,,,0.000048162000, -11.20000,
,,,0.000048163000,  -9.60000,
,,,0.000048164000, -10.40000,
,,,0.000048165000, -10.40000,
,,,0.000048166000,  -9.60000,
,,,0.000048167000,  -8.80000,
,,,0.000048168000,  -9.60000,
,,,0.000048169000, -10.40000,
,,,0.000048170000,  -8.80000,
,,,0.000048171000,  -9.60000,
,,,0.000048172000,  -8.80000,
,,,0.000048173000,  -8.00000,
,,,0.000048174000,  -8.80000,
,,,0.000048175000,  -8.80000,
,,,0.000048176000,  -8.00000,
,,,0.000048177000,  -7.20000,
,,,0.000048178000,  -7.20000,
,,,0.000048179000,  -6.40000,
,,,0.000048180000,  -7.20000,
,,,0.000048181000,  -7.20000,
,,,0.000048182000,  -8.00000,
,,,0.000048183000,  -7.20000,
,,,0.000048184000,  -7.20000,
,,,0.000048185000,  -6.40000,
,,,0.000048186000,  -5.60000,
,,,0.000048187000,  -7.20000,
,,,0.000048188000,  -5.60000,
,,,0.000048189000,  -5.60000,
,,,0.000048190000,  -6.40000,
,,,0.000048191000,  -6.40000,
,,,0.000048192000,  -5.60000,
,,,0.000048193000,  -6.40000,
,,,0.000048194000,  -6.40000,
,,,0.000048195000,  -5.60000,
,,,0.000048196000,  -4.80000,
,,,0.000048197000,  -5.60000,
,,,0.000048198000,  -4.80000,
,,,0.000048199000,  -4.00000,
,,,0.000048200000,  -4.00000,
,,,0.000048201000,  -4.00000,
,,,0.000048202000,  -4.80000,
,,,0.000048203000,  -4.00000,
,,,0.000048204000,  -4.00000,
,,,0.000048205000,  -4.00000,
,,,0.000048206000,  -4.80000,
,,,0.000048207000,  -4.00000,
,,,0.000048208000,  -4.00000,
,,,0.000048209000,  -4.00000,
,,,0.000048210000,  -3.20000,
,,,0.000048211000,  -3.20000,
,,,0.000048212000,  -2.40000,
,,,0.000048213000,  -2.40000,
,,,0.000048214000,  -3.20000,
,,,0.000048215000,  -3.20000,
,,,0.000048216000,  -2.40000,
,,,0.000048217000,  -3.20000,
,,,0.000048218000,  -2.40000,
,,,0.000048219000,  -2.40000,
,,,0.000048220000,  -2.40000,
,,,0.000048221000,  -1.60000,
,,,0.000048222000,  -1.60000,
,,,0.000048223000,  -2.40000,
,,,0.000048224000,  -2.40000,
,,,0.000048225000,  -2.40000,
,,,0.000048226000,  -2.40000,
,,,0.000048227000,  -2.40000,
,,,0.000048228000,  -1.60000,
,,,0.000048229000,  -1.60000,
,,,0.000048230000,  -1.60000,
,,,0.000048231000,  -1.60000,
,,,0.000048232000,  -2.40000,
,,,0.000048233000,  -0.80000,
,,,0.000048234000,  -1.60000,
,,,0.000048235000,  -1.60000,
,,,0.000048236000,  -0.80000,
,,,0.000048237000,  -1.60000,
,,,0.000048238000,  -0.80000,
,,,0.000048239000,  -0.80000,
,,,0.000048240000,  -0.80000,
,,,0.000048241000,  -1.60000,
,,,0.000048242000,  -1.60000,
,,,0.000048243000,   0.00000,
,,,0.000048244000,  -2.40000,
,,,0.000048245000,  -0.80000,
,,,0.000048246000,  -0.80000,
,,,0.000048247000,  -0.80000,
,,,0.000048248000,  -0.80000,
,,,0.000048249000,   0.00000,
,,,0.000048250000,  -0.80000,
,,,0.000048251000,  -0.80000,
,,,0.000048252000,   0.00000,
,,,0.000048253000,   0.00000,
,,,0.000048254000,   0.00000,
,,,0.000048255000,  -0.80000,
,,,0.000048256000,  -1.60000,
,,,0.000048257000,  -1.60000,
,,,0.000048258000,   0.00000,
,,,0.000048259000,   0.00000,
,,,0.000048260000,  -0.80000,
,,,0.000048261000,  -1.60000,
,,,0.000048262000,  -0.80000,
,,,0.000048263000,  -1.60000,
,,,0.000048264000,  -0.80000,
,,,0.000048265000,  -0.80000,
,,,0.000048266000,   0.00000,
,,,0.000048267000,  -0.80000,
,,,0.000048268000,   0.00000,
,,,0.000048269000,  -0.80000,
,,,0.000048270000,   0.80000,
,,,0.000048271000,   0.80000,
,,,0.000048272000,   0.00000,
,,,0.000048273000,  -0.80000,
,,,0.000048274000,   0.00000,
,,,0.000048275000,   0.80000,
,,,0.000048276000,  -0.80000,
,,,0.000048277000,   0.80000,
,,,0.000048278000,   0.00000,
,,,0.000048279000,   0.80000,
,,,0.000048280000,   0.80000,
,,,0.000048281000,   0.80000,
,,,0.000048282000,   0.80000,
,,,0.000048283000,   0.00000,
,,,0.000048284000,   1.60000,
,,,0.000048285000,   0.80000,
,,,0.000048286000,   0.00000,
,,,0.000048287000,   0.00000,
,,,0.000048288000,   0.80000,
,,,0.000048289000,   0.00000,
,,,0.000048290000,   0.80000,
,,,0.000048291000,   0.80000,
,,,0.000048292000,  -0.80000,
,,,0.000048293000,   0.00000,
,,,0.000048294000,   0.00000,
,,,0.000048295000,   0.80000,
,,,0.000048296000,   0.80000,
,,,0.000048297000,   0.80000,
,,,0.000048298000,   0.80000,
,,,0.000048299000,   0.80000,
,,,0.000048300000,   0.00000,
,,,0.000048301000,   0.00000,
,,,0.000048302000,  -0.80000,
,,,0.000048303000,   0.00000,
,,,0.000048304000,   0.00000,
,,,0.000048305000,   0.00000,
,,,0.000048306000,   0.00000,
,,,0.000048307000,   0.80000,
,,,0.000048308000,   1.60000,
,,,0.000048309000,   0.80000,
,,,0.000048310000,   0.80000,
,,,0.000048311000,   0.80000,
,,,0.000048312000,   0.80000,
,,,0.000048313000,   0.80000,
,,,0.000048314000,   0.80000,
,,,0.000048315000,   0.80000,
,,,0.000048316000,   0.80000,
,,,0.000048317000,   0.00000,
,,,0.000048318000,   0.00000,
,,,0.000048319000,   0.80000,
,,,0.000048320000,   1.60000,
,,,0.000048321000,   0.80000,
,,,0.000048322000,   0.80000,
,,,0.000048323000,   0.80000,
,,,0.000048324000,   0.80000,
,,,0.000048325000,   0.80000,
,,,0.000048326000,   1.60000,
,,,0.000048327000,   0.00000,
,,,0.000048328000,   0.00000,
,,,0.000048329000,   0.80000,
,,,0.000048330000,   0.80000,
,,,0.000048331000,   0.80000,
,,,0.000048332000,   2.40000,
,,,0.000048333000,   0.80000,
,,,0.000048334000,   1.60000,
,,,0.000048335000,   0.80000,
,,,0.000048336000,   1.60000,
,,,0.000048337000,   0.00000,
,,,0.000048338000,   0.80000,
,,,0.000048339000,   0.00000,
,,,0.000048340000,   0.00000,
,,,0.000048341000,   0.00000,
,,,0.000048342000,   0.80000,
,,,0.000048343000,   0.80000,
,,,0.000048344000,   0.80000,
,,,0.000048345000,   1.60000,
,,,0.000048346000,   1.60000,
,,,0.000048347000,   0.80000,
,,,0.000048348000,   0.80000,
,,,0.000048349000,   0.00000,
,,,0.000048350000,   0.00000,
,,,0.000048351000,   0.00000,
,,,0.000048352000,   0.00000,
,,,0.000048353000,   0.80000,
,,,0.000048354000,   0.00000,
,,,0.000048355000,   0.80000,
,,,0.000048356000,   0.80000,
,,,0.000048357000,   0.00000,
,,,0.000048358000,   0.80000,
,,,0.000048359000,   0.80000,
,,,0.000048360000,   0.00000,
,,,0.000048361000,   0.80000,
,,,0.000048362000,   0.00000,
,,,0.000048363000,   0.80000,
,,,0.000048364000,   0.00000,
,,,0.000048365000,   0.80000,
,,,0.000048366000,   1.60000,
,,,0.000048367000,   0.80000,
,,,0.000048368000,   0.00000,
,,,0.000048369000,   1.60000,
,,,0.000048370000,   0.00000,
,,,0.000048371000,   1.60000,
,,,0.000048372000,   0.00000,
,,,0.000048373000,   0.80000,
,,,0.000048374000,   0.80000,
,,,0.000048375000,   0.80000,
,,,0.000048376000,   0.80000,
,,,0.000048377000,   0.80000,
,,,0.000048378000,   0.80000,
,,,0.000048379000,   0.00000,
,,,0.000048380000,   0.00000,
,,,0.000048381000,   0.80000,
,,,0.000048382000,   0.00000,
,,,0.000048383000,   0.80000,
,,,0.000048384000,   0.00000,
,,,0.000048385000,   0.00000,
,,,0.000048386000,   0.00000,
,,,0.000048387000,   1.60000,
,,,0.000048388000,   0.00000,
,,,0.000048389000,   0.00000,
,,,0.000048390000,   0.80000,
,,,0.000048391000,   0.00000,
,,,0.000048392000,   0.00000,
,,,0.000048393000,   0.00000,
,,,0.000048394000,   0.80000,
,,,0.000048395000,   0.00000,
,,,0.000048396000,   0.00000,
,,,0.000048397000,   0.00000,
,,,0.000048398000,   0.00000,
,,,0.000048399000,   0.00000,
,,,0.000048400000,   0.80000,
,,,0.000048401000,   0.00000,
,,,0.000048402000,   0.00000,
,,,0.000048403000,   0.80000,
,,,0.000048404000,   0.80000,
,,,0.000048405000,   0.80000,
,,,0.000048406000,   1.60000,
,,,0.000048407000,   0.80000,
,,,0.000048408000,   0.80000,
,,,0.000048409000,   0.00000,
,,,0.000048410000,   0.00000,
,,,0.000048411000,   0.00000,
,,,0.000048412000,   0.00000,
,,,0.000048413000,   0.80000,
,,,0.000048414000,   0.00000,
,,,0.000048415000,   0.00000,
,,,0.000048416000,   0.00000,
,,,0.000048417000,   0.00000,
,,,0.000048418000,   0.00000,
,,,0.000048419000,   0.80000,
,,,0.000048420000,   0.00000,
,,,0.000048421000,   0.00000,
,,,0.000048422000,   0.00000,
,,,0.000048423000,   0.00000,
,,,0.000048424000,   0.00000,
,,,0.000048425000,   0.00000,
,,,0.000048426000,   0.00000,
,,,0.000048427000,   0.80000,
,,,0.000048428000,   0.80000,
,,,0.000048429000,   0.80000,
,,,0.000048430000,   0.80000,
,,,0.000048431000,   1.60000,
,,,0.000048432000,   0.00000,
,,,0.000048433000,   0.80000,
,,,0.000048434000,   1.60000,
,,,0.000048435000,   0.00000,
,,,0.000048436000,   0.00000,
,,,0.000048437000,   0.00000,
,,,0.000048438000,   0.00000,
,,,0.000048439000,   0.80000,
,,,0.000048440000,  -0.80000,
,,,0.000048441000,   0.80000,
,,,0.000048442000,   0.80000,
,,,0.000048443000,   0.80000,
,,,0.000048444000,   0.00000,
,,,0.000048445000,   0.00000,
,,,0.000048446000,   0.80000,
,,,0.000048447000,   0.00000,
,,,0.000048448000,   0.00000,
,,,0.000048449000,   0.00000,
,,,0.000048450000,   0.00000,
,,,0.000048451000,   0.00000,
,,,0.000048452000,   0.00000,
,,,0.000048453000,   0.00000,
,,,0.000048454000,   0.80000,
,,,0.000048455000,   0.00000,
,,,0.000048456000,   0.00000,
,,,0.000048457000,   0.80000,
,,,0.000048458000,   0.80000,
,,,0.000048459000,   0.00000,
,,,0.000048460000,   0.00000,
,,,0.000048461000,   0.00000,
,,,0.000048462000,   0.80000,
,,,0.000048463000,   0.00000,
,,,0.000048464000,   0.80000,
,,,0.000048465000,   0.00000,
,,,0.000048466000,  -0.80000,
,,,0.000048467000,  -0.80000,
,,,0.000048468000,   0.00000,
,,,0.000048469000,   0.00000,
,,,0.000048470000,   0.80000,
,,,0.000048471000,  -0.80000,
,,,0.000048472000,   0.80000,
,,,0.000048473000,   0.80000,
,,,0.000048474000,   0.00000,
,,,0.000048475000,  -0.80000,
,,,0.000048476000,   0.80000,
,,,0.000048477000,   0.00000,
,,,0.000048478000,   0.00000,
,,,0.000048479000,  -0.80000,
,,,0.000048480000,   0.00000,
,,,0.000048481000,   0.00000,
,,,0.000048482000,   0.00000,
,,,0.000048483000,   0.80000,
,,,0.000048484000,   0.00000,
,,,0.000048485000,  -0.80000,
,,,0.000048486000,   0.00000,
,,,0.000048487000,  -0.80000,
,,,0.000048488000,  -0.80000,
,,,0.000048489000,   1.60000,
,,,0.000048490000,   0.00000,
,,,0.000048491000,  -0.80000,
,,,0.000048492000,  -0.80000,
,,,0.000048493000,  -0.80000,
,,,0.000048494000,   0.00000,
,,,0.000048495000,   0.80000,
,,,0.000048496000,   0.80000,
,,,0.000048497000,   0.00000,
,,,0.000048498000,   0.00000,
,,,0.000048499000,   0.00000,
,,,0.000048500000,   0.00000,
,,,0.000048501000,   0.00000,
,,,0.000048502000,   0.00000,
,,,0.000048503000,   0.00000,
,,,0.000048504000,   0.00000,
,,,0.000048505000,  -0.80000,
,,,0.000048506000,  -0.80000,
,,,0.000048507000,   0.80000,
,,,0.000048508000,   0.00000,
,,,0.000048509000,   0.00000,
,,,0.000048510000,  -0.80000,
,,,0.000048511000,  -0.80000,
,,,0.000048512000,  -0.80000,
,,,0.000048513000,   0.00000,
,,,0.000048514000,   0.80000,
,,,0.000048515000,  -1.60000,
,,,0.000048516000,   0.80000,
,,,0.000048517000,  -0.80000,
,,,0.000048518000,   0.00000,
,,,0.000048519000,   0.00000,
,,,0.000048520000,   0.80000,
,,,0.000048521000,   0.00000,
,,,0.000048522000,   0.00000,
,,,0.000048523000,   0.00000,
,,,0.000048524000,   0.00000,
,,,0.000048525000,   0.80000,
,,,0.000048526000,  -0.80000,
,,,0.000048527000,  -0.80000,
,,,0.000048528000,   0.00000,
,,,0.000048529000,   0.00000,
,,,0.000048530000,   0.00000,
,,,0.000048531000,  -0.80000,
,,,0.000048532000,   0.00000,
,,,0.000048533000,   0.00000,
,,,0.000048534000,  -0.80000,
,,,0.000048535000,  -0.80000,
,,,0.000048536000,  -1.60000,
,,,0.000048537000,   0.00000,
,,,0.000048538000,   0.00000,
,,,0.000048539000,   0.00000,
,,,0.000048540000,   0.00000,
,,,0.000048541000,  -0.80000,
,,,0.000048542000,  -1.60000,
,,,0.000048543000,   0.00000,
,,,0.000048544000,   0.00000,
,,,0.000048545000,  -0.80000,
,,,0.000048546000,   0.00000,
,,,0.000048547000,   0.00000,
,,,0.000048548000,  -0.80000,
,,,0.000048549000,   0.00000,
,,,0.000048550000,   0.00000,
,,,0.000048551000,   0.00000,
,,,0.000048552000,  -0.80000,
,,,0.000048553000,   0.00000,
,,,0.000048554000,  -0.80000,
,,,0.000048555000,   0.00000,
,,,0.000048556000,   0.00000,
,,,0.000048557000,  -0.80000,
,,,0.000048558000,  -0.80000,
,,,0.000048559000,  -0.80000,
,,,0.000048560000,  -0.80000,
,,,0.000048561000,  -0.80000,
,,,0.000048562000,  -0.80000,
,,,0.000048563000,  -0.80000,
,,,0.000048564000,  -0.80000,
,,,0.000048565000,   0.00000,
,,,0.000048566000,   0.00000,
,,,0.000048567000,   0.00000,
,,,0.000048568000,  -1.60000,
,,,0.000048569000,   0.00000,
,,,0.000048570000,   0.00000,
,,,0.000048571000,  -0.80000,
,,,0.000048572000,   0.00000,
,,,0.000048573000,   0.80000,
,,,0.000048574000,   0.00000,
,,,0.000048575000,  -0.80000,
,,,0.000048576000,  -0.80000,
,,,0.000048577000,   0.80000,
,,,0.000048578000,  -0.80000,
,,,0.000048579000,  -0.80000,
,,,0.000048580000,   0.00000,
,,,0.000048581000,   0.00000,
,,,0.000048582000,   0.00000,
,,,0.000048583000,   0.00000,
,,,0.000048584000,   0.00000,
,,,0.000048585000,   0.00000,
,,,0.000048586000,  -0.80000,
,,,0.000048587000,  -0.80000,
,,,0.000048588000,  -0.80000,
,,,0.000048589000,  -0.80000,
,,,0.000048590000,  -0.80000,
,,,0.000048591000,  -0.80000,
,,,0.000048592000,  -0.80000,
,,,0.000048593000,  -1.60000,
,,,0.000048594000,   0.00000,
,,,0.000048595000,   0.00000,
,,,0.000048596000,  -0.80000,
,,,0.000048597000,   0.00000,
,,,0.000048598000,  -0.80000,
,,,0.000048599000,  -0.80000,
,,,0.000048600000,  -1.60000,
,,,0.000048601000,  -1.60000,
,,,0.000048602000,  -0.80000,
,,,0.000048603000,  -1.60000,
,,,0.000048604000,  -0.80000,
,,,0.000048605000,  -0.80000,
,,,0.000048606000,   0.00000,
,,,0.000048607000,   0.00000,
,,,0.000048608000,  -0.80000,
,,,0.000048609000,   0.00000,
,,,0.000048610000,  -0.80000,
,,,0.000048611000,  -0.80000,
,,,0.000048612000,  -1.60000,
,,,0.000048613000,  -0.80000,
,,,0.000048614000,   0.00000,
,,,0.000048615000,  -0.80000,
,,,0.000048616000,  -0.80000,
,,,0.000048617000,   0.00000,
,,,0.000048618000,   0.00000,
,,,0.000048619000,  -0.80000,
,,,0.000048620000,  -1.60000,
,,,0.000048621000,  -1.60000,
,,,0.000048622000,   0.00000,
,,,0.000048623000,  -0.80000,
,,,0.000048624000,  -0.80000,
,,,0.000048625000,  -1.60000,
,,,0.000048626000,   0.00000,
,,,0.000048627000,  -0.80000,
,,,0.000048628000,  -0.80000,
,,,0.000048629000,   0.80000,
,,,0.000048630000,  -0.80000,
,,,0.000048631000,   0.00000,
,,,0.000048632000,  -0.80000,
,,,0.000048633000,  -0.80000,
,,,0.000048634000,  -0.80000,
,,,0.000048635000,  -0.80000,
,,,0.000048636000,   0.00000,
,,,0.000048637000,  -0.80000,
,,,0.000048638000,   0.00000,
,,,0.000048639000,   0.80000,
,,,0.000048640000,  -1.60000,
,,,0.000048641000,  -0.80000,
,,,0.000048642000,  -2.40000,
,,,0.000048643000,  -0.80000,
,,,0.000048644000,   0.00000,
,,,0.000048645000,  -0.80000,
,,,0.000048646000,  -0.80000,
,,,0.000048647000,  -1.60000,
,,,0.000048648000,  -1.60000,
,,,0.000048649000,  -1.60000,
,,,0.000048650000,  -0.80000,
,,,0.000048651000,  -0.80000,
,,,0.000048652000,   0.00000,
,,,0.000048653000,  -0.80000,
,,,0.000048654000,  -0.80000,
,,,0.000048655000,  -0.80000,
,,,0.000048656000,  -0.80000,
,,,0.000048657000,  -0.80000,
,,,0.000048658000,  -1.60000,
,,,0.000048659000,  -1.60000,
,,,0.000048660000,  -0.80000,
,,,0.000048661000,  -1.60000,
,,,0.000048662000,   0.00000,
,,,0.000048663000,  -1.60000,
,,,0.000048664000,  -0.80000,
,,,0.000048665000,  -1.60000,
,,,0.000048666000,  -0.80000,
,,,0.000048667000,  -1.60000,
,,,0.000048668000,  -0.80000,
,,,0.000048669000,  -0.80000,
,,,0.000048670000,  -1.60000,
,,,0.000048671000,  -0.80000,
,,,0.000048672000,  -0.80000,
,,,0.000048673000,  -0.80000,
,,,0.000048674000,  -0.80000,
,,,0.000048675000,   0.80000,
,,,0.000048676000,   0.00000,
,,,0.000048677000,  -0.80000,
,,,0.000048678000,  -0.80000,
,,,0.000048679000,   0.00000,
,,,0.000048680000,   0.00000,
,,,0.000048681000,   0.00000,
,,,0.000048682000,  -0.80000,
,,,0.000048683000,   0.00000,
,,,0.000048684000,   0.00000,
,,,0.000048685000,  -0.80000,
,,,0.000048686000,  -0.80000,
,,,0.000048687000,   0.80000,
,,,0.000048688000,  -1.60000,
,,,0.000048689000,  -0.80000,
,,,0.000048690000,  -0.80000,
,,,0.000048691000,  -0.80000,
,,,0.000048692000,  -1.60000,
,,,0.000048693000,  -1.60000,
,,,0.000048694000,  -0.80000,
,,,0.000048695000,  -0.80000,
,,,0.000048696000,  -0.80000,
,,,0.000048697000,   0.00000,
,,,0.000048698000,  -0.80000,
,,,0.000048699000,  -0.80000,
,,,0.000048700000,  -0.80000,
,,,0.000048701000,  -1.60000,
,,,0.000048702000,  -1.60000,
,,,0.000048703000,  -0.80000,
,,,0.000048704000,  -0.80000,
,,,0.000048705000,  -0.80000,
,,,0.000048706000,  -1.60000,
,,,0.000048707000,  -1.60000,
,,,0.000048708000,   0.00000,
,,,0.000048709000,  -0.80000,
,,,0.000048710000,  -1.60000,
,,,0.000048711000,  -0.80000,
,,,0.000048712000,  -0.80000,
,,,0.000048713000,  -0.80000,
,,,0.000048714000,  -0.80000,
,,,0.000048715000,  -1.60000,
,,,0.000048716000,  -0.80000,
,,,0.000048717000,  -1.60000,
,,,0.000048718000,  -0.80000,
,,,0.000048719000,  -0.80000,
,,,0.000048720000,  -0.80000,
,,,0.000048721000,  -1.60000,
,,,0.000048722000,  -0.80000,
,,,0.000048723000,  -1.60000,
,,,0.000048724000,  -1.60000,
,,,0.000048725000,  -0.80000,
,,,0.000048726000,  -0.80000,
,,,0.000048727000,  -0.80000,
,,,0.000048728000,   0.80000,
,,,0.000048729000,   0.00000,
,,,0.000048730000,  -1.60000,
,,,0.000048731000,   0.00000,
,,,0.000048732000,   0.00000,
,,,0.000048733000,  -0.80000,
,,,0.000048734000,   0.00000,
,,,0.000048735000,  -0.80000,
,,,0.000048736000,  -0.80000,
,,,0.000048737000,   0.00000,
,,,0.000048738000,  -0.80000,
,,,0.000048739000,   0.00000,
,,,0.000048740000,   1.60000,
,,,0.000048741000,   0.00000,
,,,0.000048742000,   0.80000,
,,,0.000048743000,   0.00000,
,,,0.000048744000,   0.80000,
,,,0.000048745000,   0.80000,
,,,0.000048746000,   0.80000,
,,,0.000048747000,   1.60000,
,,,0.000048748000,   0.80000,
,,,0.000048749000,   1.60000,
,,,0.000048750000,   1.60000,
,,,0.000048751000,   0.80000,
,,,0.000048752000,   0.80000,
,,,0.000048753000,   1.60000,
,,,0.000048754000,   2.40000,
,,,0.000048755000,   1.60000,
,,,0.000048756000,   2.40000,
,,,0.000048757000,   2.40000,
,,,0.000048758000,   1.60000,
,,,0.000048759000,   1.60000,
,,,0.000048760000,   2.40000,
,,,0.000048761000,   1.60000,
,,,0.000048762000,   1.60000,
,,,0.000048763000,   1.60000,
,,,0.000048764000,   2.40000,
,,,0.000048765000,   2.40000,
,,,0.000048766000,   2.40000,
,,,0.000048767000,   3.20000,
,,,0.000048768000,   2.40000,
,,,0.000048769000,   1.60000,
,,,0.000048770000,   3.20000,
,,,0.000048771000,   4.00000,
,,,0.000048772000,   2.40000,
,,,0.000048773000,   2.40000,
,,,0.000048774000,   4.00000,
,,,0.000048775000,   4.00000,
,,,0.000048776000,   4.00000,
,,,0.000048777000,   4.00000,
,,,0.000048778000,   4.00000,
,,,0.000048779000,   3.20000,
,,,0.000048780000,   3.20000,
,,,0.000048781000,   3.20000,
,,,0.000048782000,   4.00000,
,,,0.000048783000,   4.80000,
,,,0.000048784000,   4.00000,
,,,0.000048785000,   3.20000,
,,,0.000048786000,   4.80000,
,,,0.000048787000,   4.80000,
,,,0.000048788000,   4.00000,
,,,0.000048789000,   4.80000,
,,,0.000048790000,   5.60000,
,,,0.000048791000,   5.60000,
,,,0.000048792000,   5.60000,
,,,0.000048793000,   6.40000,
,,,0.000048794000,   4.80000,
,,,0.000048795000,   4.80000,
,,,0.000048796000,   5.60000,
,,,0.000048797000,   6.40000,
,,,0.000048798000,   6.40000,
,,,0.000048799000,   7.20000,
,,,0.000048800000,   6.40000,
,,,0.000048801000,   5.60000,
,,,0.000048802000,   6.40000,
,,,0.000048803000,   7.20000,
,,,0.000048804000,   7.20000,
,,,0.000048805000,   6.40000,
,,,0.000048806000,   7.20000,
,,,0.000048807000,   6.40000,
,,,0.000048808000,   7.20000,
,,,0.000048809000,   8.00000,
,,,0.000048810000,   8.00000,
,,,0.000048811000,   8.00000,
,,,0.000048812000,   7.20000,
,,,0.000048813000,   8.00000,
,,,0.000048814000,   7.20000,
,,,0.000048815000,   8.00000,
,,,0.000048816000,   8.00000,
,,,0.000048817000,   8.00000,
,,,0.000048818000,   8.00000,
,,,0.000048819000,   8.80000,
,,,0.000048820000,   8.80000,
,,,0.000048821000,   9.60000,
,,,0.000048822000,   9.60000,
,,,0.000048823000,  10.40000,
,,,0.000048824000,   8.80000,
,,,0.000048825000,  11.20000,
,,,0.000048826000,  11.20000,
,,,0.000048827000,  11.20000,
,,,0.000048828000,  12.00000,
,,,0.000048829000,  11.20000,
,,,0.000048830000,  12.00000,
,,,0.000048831000,  12.00000,
,,,0.000048832000,  12.00000,
,,,0.000048833000,  12.00000,
,,,0.000048834000,  12.80000,
,,,0.000048835000,  12.00000,
,,,0.000048836000,  12.80000,
,,,0.000048837000,  12.00000,
,,,0.000048838000,  13.60000,
,,,0.000048839000,  12.00000,
,,,0.000048840000,  13.60000,
,,,0.000048841000,  13.60000,
,,,0.000048842000,  13.60000,
,,,0.000048843000,  13.60000,
,,,0.000048844000,  13.60000,
,,,0.000048845000,  14.40000,
,,,0.000048846000,  13.60000,
,,,0.000048847000,  14.40000,
,,,0.000048848000,  14.40000,
,,,0.000048849000,  14.40000,
,,,0.000048850000,  15.20000,
,,,0.000048851000,  15.20000,
,,,0.000048852000,  16.00000,
,,,0.000048853000,  15.20000,
,,,0.000048854000,  15.20000,
,,,0.000048855000,  14.40000,
,,,0.000048856000,  15.20000,
,,,0.000048857000,  15.20000,
,,,0.000048858000,  16.00000,
,,,0.000048859000,  16.00000,
,,,0.000048860000,  17.60000,
,,,0.000048861000,  17.60000,
,,,0.000048862000,  16.00000,
,,,0.000048863000,  16.80000,
,,,0.000048864000,  17.60000,
,,,0.000048865000,  16.80000,
,,,0.000048866000,  18.40000,
,,,0.000048867000,  16.80000,
,,,0.000048868000,  18.40000,
,,,0.000048869000,  18.40000,
,,,0.000048870000,  18.40000,
,,,0.000048871000,  19.20000,
,,,0.000048872000,  18.40000,
,,,0.000048873000,  20.00000,
,,,0.000048874000,  20.00000,
,,,0.000048875000,  20.00000,
,,,0.000048876000,  20.80000,
,,,0.000048877000,  19.20000,
,,,0.000048878000,  20.80000,
,,,0.000048879000,  20.00000,
,,,0.000048880000,  20.80000,
,,,0.000048881000,  20.00000,
,,,0.000048882000,  21.60000,
,,,0.000048883000,  20.80000,
,,,0.000048884000,  20.80000,
,,,0.000048885000,  21.60000,
,,,0.000048886000,  20.80000,
,,,0.000048887000,  21.60000,
,,,0.000048888000,  22.40000,
,,,0.000048889000,  22.40000,
,,,0.000048890000,  22.40000,
,,,0.000048891000,  22.40000,
,,,0.000048892000,  22.40000,
,,,0.000048893000,  22.40000,
,,,0.000048894000,  23.20000,
,,,0.000048895000,  22.40000,
,,,0.000048896000,  23.20000,
,,,0.000048897000,  23.20000,
,,,0.000048898000,  24.00000,
,,,0.000048899000,  24.00000,
,,,0.000048900000,  24.00000,
,,,0.000048901000,  24.80000,
,,,0.000048902000,  24.00000,
,,,0.000048903000,  24.80000,
,,,0.000048904000,  24.00000,
,,,0.000048905000,  24.00000,
,,,0.000048906000,  24.80000,
,,,0.000048907000,  24.80000,
,,,0.000048908000,  24.80000,
,,,0.000048909000,  26.40000,
,,,0.000048910000,  25.60000,
,,,0.000048911000,  26.40000,
,,,0.000048912000,  26.40000,
,,,0.000048913000,  26.40000,
,,,0.000048914000,  28.00000,
,,,0.000048915000,  27.20000,
,,,0.000048916000,  28.00000,
,,,0.000048917000,  28.00000,
,,,0.000048918000,  28.00000,
,,,0.000048919000,  28.80000,
,,,0.000048920000,  28.80000,
,,,0.000048921000,  28.80000,
,,,0.000048922000,  28.00000,
,,,0.000048923000,  28.00000,
,,,0.000048924000,  29.60000,
,,,0.000048925000,  28.80000,
,,,0.000048926000,  29.60000,
,,,0.000048927000,  28.80000,
,,,0.000048928000,  28.80000,
,,,0.000048929000,  30.40000,
,,,0.000048930000,  29.60000,
,,,0.000048931000,  29.60000,
,,,0.000048932000,  30.40000,
,,,0.000048933000,  30.40000,
,,,0.000048934000,  30.40000,
,,,0.000048935000,  30.40000,
,,,0.000048936000,  30.40000,
,,,0.000048937000,  30.40000,
,,,0.000048938000,  29.60000,
,,,0.000048939000,  29.60000,
,,,0.000048940000,  30.40000,
,,,0.000048941000,  31.20000,
,,,0.000048942000,  30.40000,
,,,0.000048943000,  31.20000,
,,,0.000048944000,  31.20000,
,,,0.000048945000,  32.00000,
,,,0.000048946000,  32.00000,
,,,0.000048947000,  31.20000,
,,,0.000048948000,  32.00000,
,,,0.000048949000,  32.80000,
,,,0.000048950000,  32.80000,
,,,0.000048951000,  32.80000,
,,,0.000048952000,  33.60000,
,,,0.000048953000,  32.00000,
,,,0.000048954000,  31.20000,
,,,0.000048955000,  32.80000,
,,,0.000048956000,  32.80000,
,,,0.000048957000,  32.00000,
,,,0.000048958000,  32.80000,
,,,0.000048959000,  34.40000,
,,,0.000048960000,  33.60000,
,,,0.000048961000,  32.80000,
,,,0.000048962000,  32.80000,
,,,0.000048963000,  32.80000,
,,,0.000048964000,  32.80000,
,,,0.000048965000,  33.60000,
,,,0.000048966000,  34.40000,
,,,0.000048967000,  33.60000,
,,,0.000048968000,  34.40000,
,,,0.000048969000,  34.40000,
,,,0.000048970000,  35.20000,
,,,0.000048971000,  34.40000,
,,,0.000048972000,  33.60000,
,,,0.000048973000,  34.40000,
,,,0.000048974000,  34.40000,
,,,0.000048975000,  35.20000,
,,,0.000048976000,  34.40000,
,,,0.000048977000,  35.20000,
,,,0.000048978000,  34.40000,
,,,0.000048979000,  34.40000,
,,,0.000048980000,  33.60000,
,,,0.000048981000,  34.40000,
,,,0.000048982000,  36.00000,
,,,0.000048983000,  33.60000,
,,,0.000048984000,  33.60000,
,,,0.000048985000,  34.40000,
,,,0.000048986000,  34.40000,
,,,0.000048987000,  35.20000,
,,,0.000048988000,  35.20000,
,,,0.000048989000,  34.40000,
,,,0.000048990000,  35.20000,
,,,0.000048991000,  35.20000,
,,,0.000048992000,  35.20000,
,,,0.000048993000,  33.60000,
,,,0.000048994000,  35.20000,
,,,0.000048995000,  36.00000,
,,,0.000048996000,  34.40000,
,,,0.000048997000,  35.20000,
,,,0.000048998000,  34.40000,
,,,0.000048999000,  34.40000,
,,,0.000049000000,  34.40000,
,,,0.000049001000,  35.20000,
,,,0.000049002000,  35.20000,
,,,0.000049003000,  34.40000,
,,,0.000049004000,  34.40000,
,,,0.000049005000,  34.40000,
,,,0.000049006000,  34.40000,
,,,0.000049007000,  34.40000,
,,,0.000049008000,  35.20000,
,,,0.000049009000,  35.20000,
,,,0.000049010000,  35.20000,
,,,0.000049011000,  36.00000,
,,,0.000049012000,  34.40000,
,,,0.000049013000,  35.20000,
,,,0.000049014000,  35.20000,
,,,0.000049015000,  34.40000,
,,,0.000049016000,  35.20000,
,,,0.000049017000,  35.20000,
,,,0.000049018000,  34.40000,
,,,0.000049019000,  34.40000,
,,,0.000049020000,  35.20000,
,,,0.000049021000,  35.20000,
,,,0.000049022000,  34.40000,
,,,0.000049023000,  35.20000,
,,,0.000049024000,  36.00000,
,,,0.000049025000,  36.00000,
,,,0.000049026000,  35.20000,
,,,0.000049027000,  35.20000,
,,,0.000049028000,  35.20000,
,,,0.000049029000,  34.40000,
,,,0.000049030000,  34.40000,
,,,0.000049031000,  35.20000,
,,,0.000049032000,  34.40000,
,,,0.000049033000,  35.20000,
,,,0.000049034000,  35.20000,
,,,0.000049035000,  35.20000,
,,,0.000049036000,  35.20000,
,,,0.000049037000,  34.40000,
,,,0.000049038000,  34.40000,
,,,0.000049039000,  34.40000,
,,,0.000049040000,  34.40000,
,,,0.000049041000,  33.60000,
,,,0.000049042000,  32.80000,
,,,0.000049043000,  33.60000,
,,,0.000049044000,  34.40000,
,,,0.000049045000,  34.40000,
,,,0.000049046000,  33.60000,
,,,0.000049047000,  32.00000,
,,,0.000049048000,  33.60000,
,,,0.000049049000,  33.60000,
,,,0.000049050000,  33.60000,
,,,0.000049051000,  34.40000,
,,,0.000049052000,  32.80000,
,,,0.000049053000,  32.80000,
,,,0.000049054000,  32.00000,
,,,0.000049055000,  34.40000,
,,,0.000049056000,  32.00000,
,,,0.000049057000,  33.60000,
,,,0.000049058000,  33.60000,
,,,0.000049059000,  32.80000,
,,,0.000049060000,  32.80000,
,,,0.000049061000,  33.60000,
,,,0.000049062000,  32.80000,
,,,0.000049063000,  32.80000,
,,,0.000049064000,  33.60000,
,,,0.000049065000,  32.80000,
,,,0.000049066000,  32.80000,
,,,0.000049067000,  32.80000,
,,,0.000049068000,  33.60000,
,,,0.000049069000,  32.80000,
,,,0.000049070000,  32.80000,
,,,0.000049071000,  32.00000,
,,,0.000049072000,  32.80000,
,,,0.000049073000,  32.00000,
,,,0.000049074000,  31.20000,
,,,0.000049075000,  32.80000,
,,,0.000049076000,  32.80000,
,,,0.000049077000,  32.00000,
,,,0.000049078000,  32.80000,
,,,0.000049079000,  32.00000,
,,,0.000049080000,  32.00000,
,,,0.000049081000,  31.20000,
,,,0.000049082000,  32.00000,
,,,0.000049083000,  32.00000,
,,,0.000049084000,  32.00000,
,,,0.000049085000,  32.00000,
,,,0.000049086000,  32.00000,
,,,0.000049087000,  32.00000,
,,,0.000049088000,  32.00000,
,,,0.000049089000,  32.80000,
,,,0.000049090000,  31.20000,
,,,0.000049091000,  32.00000,
,,,0.000049092000,  30.40000,
,,,0.000049093000,  31.20000,
,,,0.000049094000,  30.40000,
,,,0.000049095000,  32.00000,
,,,0.000049096000,  31.20000,
,,,0.000049097000,  31.20000,
,,,0.000049098000,  31.20000,
,,,0.000049099000,  31.20000,
,,,0.000049100000,  30.40000,
,,,0.000049101000,  31.20000,
,,,0.000049102000,  30.40000,
,,,0.000049103000,  31.20000,
,,,0.000049104000,  31.20000,
,,,0.000049105000,  30.40000,
,,,0.000049106000,  30.40000,
,,,0.000049107000,  31.20000,
,,,0.000049108000,  30.40000,
,,,0.000049109000,  30.40000,
,,,0.000049110000,  31.20000,
,,,0.000049111000,  30.40000,
,,,0.000049112000,  31.20000,
,,,0.000049113000,  30.40000,
,,,0.000049114000,  30.40000,
,,,0.000049115000,  30.40000,
,,,0.000049116000,  30.40000,
,,,0.000049117000,  31.20000,
,,,0.000049118000,  29.60000,
,,,0.000049119000,  30.40000,
,,,0.000049120000,  31.20000,
,,,0.000049121000,  30.40000,
,,,0.000049122000,  31.20000,
,,,0.000049123000,  30.40000,
,,,0.000049124000,  31.20000,
,,,0.000049125000,  30.40000,
,,,0.000049126000,  30.40000,
,,,0.000049127000,  30.40000,
,,,0.000049128000,  30.40000,
,,,0.000049129000,  29.60000,
,,,0.000049130000,  30.40000,
,,,0.000049131000,  30.40000,
,,,0.000049132000,  29.60000,
,,,0.000049133000,  30.40000,
,,,0.000049134000,  30.40000,
,,,0.000049135000,  30.40000,
,,,0.000049136000,  30.40000,
,,,0.000049137000,  31.20000,
,,,0.000049138000,  29.60000,
,,,0.000049139000,  30.40000,
,,,0.000049140000,  30.40000,
,,,0.000049141000,  30.40000,
,,,0.000049142000,  28.80000,
,,,0.000049143000,  31.20000,
,,,0.000049144000,  30.40000,
,,,0.000049145000,  29.60000,
,,,0.000049146000,  29.60000,
,,,0.000049147000,  30.40000,
,,,0.000049148000,  28.80000,
,,,0.000049149000,  30.40000,
,,,0.000049150000,  31.20000,
,,,0.000049151000,  29.60000,
,,,0.000049152000,  30.40000,
,,,0.000049153000,  29.60000,
,,,0.000049154000,  29.60000,
,,,0.000049155000,  30.40000,
,,,0.000049156000,  29.60000,
,,,0.000049157000,  30.40000,
,,,0.000049158000,  30.40000,
,,,0.000049159000,  29.60000,
,,,0.000049160000,  31.20000,
,,,0.000049161000,  30.40000,
,,,0.000049162000,  30.40000,
,,,0.000049163000,  31.20000,
,,,0.000049164000,  30.40000,
,,,0.000049165000,  30.40000,
,,,0.000049166000,  30.40000,
,,,0.000049167000,  31.20000,
,,,0.000049168000,  31.20000,
,,,0.000049169000,  31.20000,
,,,0.000049170000,  31.20000,
,,,0.000049171000,  31.20000,
,,,0.000049172000,  31.20000,
,,,0.000049173000,  32.00000,
,,,0.000049174000,  31.20000,
,,,0.000049175000,  31.20000,
,,,0.000049176000,  30.40000,
,,,0.000049177000,  30.40000,
,,,0.000049178000,  31.20000,
,,,0.000049179000,  31.20000,
,,,0.000049180000,  31.20000,
,,,0.000049181000,  30.40000,
,,,0.000049182000,  31.20000,
,,,0.000049183000,  30.40000,
,,,0.000049184000,  32.00000,
,,,0.000049185000,  30.40000,
,,,0.000049186000,  31.20000,
,,,0.000049187000,  30.40000,
,,,0.000049188000,  30.40000,
,,,0.000049189000,  31.20000,
,,,0.000049190000,  31.20000,
,,,0.000049191000,  31.20000,
,,,0.000049192000,  31.20000,
,,,0.000049193000,  31.20000,
,,,0.000049194000,  31.20000,
,,,0.000049195000,  32.00000,
,,,0.000049196000,  30.40000,
,,,0.000049197000,  31.20000,
,,,0.000049198000,  31.20000,
,,,0.000049199000,  32.00000,
,,,0.000049200000,  32.00000,
,,,0.000049201000,  31.20000,
,,,0.000049202000,  31.20000,
,,,0.000049203000,  32.00000,
,,,0.000049204000,  32.00000,
,,,0.000049205000,  31.20000,
,,,0.000049206000,  32.00000,
,,,0.000049207000,  32.00000,
,,,0.000049208000,  31.20000,
,,,0.000049209000,  32.00000,
,,,0.000049210000,  32.00000,
,,,0.000049211000,  31.20000,
,,,0.000049212000,  32.00000,
,,,0.000049213000,  33.60000,
,,,0.000049214000,  31.20000,
,,,0.000049215000,  31.20000,
,,,0.000049216000,  32.00000,
,,,0.000049217000,  32.00000,
,,,0.000049218000,  32.80000,
,,,0.000049219000,  32.80000,
,,,0.000049220000,  31.20000,
,,,0.000049221000,  32.80000,
,,,0.000049222000,  32.00000,
,,,0.000049223000,  32.80000,
,,,0.000049224000,  32.80000,
,,,0.000049225000,  32.00000,
,,,0.000049226000,  32.80000,
,,,0.000049227000,  32.80000,
,,,0.000049228000,  32.80000,
,,,0.000049229000,  32.00000,
,,,0.000049230000,  32.80000,
,,,0.000049231000,  32.80000,
,,,0.000049232000,  32.00000,
,,,0.000049233000,  33.60000,
,,,0.000049234000,  32.80000,
,,,0.000049235000,  32.80000,
,,,0.000049236000,  32.80000,
,,,0.000049237000,  32.80000,
,,,0.000049238000,  33.60000,
,,,0.000049239000,  33.60000,
,,,0.000049240000,  33.60000,
,,,0.000049241000,  32.80000,
,,,0.000049242000,  33.60000,
,,,0.000049243000,  33.60000,
,,,0.000049244000,  32.80000,
,,,0.000049245000,  32.80000,
,,,0.000049246000,  32.80000,
,,,0.000049247000,  33.60000,
,,,0.000049248000,  33.60000,
,,,0.000049249000,  33.60000,
,,,0.000049250000,  34.40000,
,,,0.000049251000,  33.60000,
,,,0.000049252000,  32.80000,
,,,0.000049253000,  33.60000,
,,,0.000049254000,  33.60000,
,,,0.000049255000,  32.80000,
,,,0.000049256000,  34.40000,
,,,0.000049257000,  33.60000,
,,,0.000049258000,  34.40000,
,,,0.000049259000,  33.60000,
,,,0.000049260000,  32.80000,
,,,0.000049261000,  32.80000,
,,,0.000049262000,  33.60000,
,,,0.000049263000,  32.80000,
,,,0.000049264000,  32.80000,
,,,0.000049265000,  33.60000,
,,,0.000049266000,  34.40000,
,,,0.000049267000,  34.40000,
,,,0.000049268000,  33.60000,
,,,0.000049269000,  33.60000,
,,,0.000049270000,  34.40000,
,,,0.000049271000,  34.40000,
,,,0.000049272000,  35.20000,
,,,0.000049273000,  34.40000,
,,,0.000049274000,  34.40000,
,,,0.000049275000,  35.20000,
,,,0.000049276000,  34.40000,
,,,0.000049277000,  34.40000,
,,,0.000049278000,  35.20000,
,,,0.000049279000,  34.40000,
,,,0.000049280000,  33.60000,
,,,0.000049281000,  34.40000,
,,,0.000049282000,  33.60000,
,,,0.000049283000,  33.60000,
,,,0.000049284000,  33.60000,
,,,0.000049285000,  34.40000,
,,,0.000049286000,  35.20000,
,,,0.000049287000,  34.40000,
,,,0.000049288000,  33.60000,
,,,0.000049289000,  34.40000,
,,,0.000049290000,  34.40000,
,,,0.000049291000,  33.60000,
,,,0.000049292000,  33.60000,
,,,0.000049293000,  34.40000,
,,,0.000049294000,  34.40000,
,,,0.000049295000,  34.40000,
,,,0.000049296000,  33.60000,
,,,0.000049297000,  34.40000,
,,,0.000049298000,  33.60000,
,,,0.000049299000,  34.40000,
,,,0.000049300000,  34.40000,
,,,0.000049301000,  35.20000,
,,,0.000049302000,  35.20000,
,,,0.000049303000,  34.40000,
,,,0.000049304000,  34.40000,
,,,0.000049305000,  33.60000,
,,,0.000049306000,  34.40000,
,,,0.000049307000,  34.40000,
,,,0.000049308000,  35.20000,
,,,0.000049309000,  34.40000,
,,,0.000049310000,  34.40000,
,,,0.000049311000,  34.40000,
,,,0.000049312000,  33.60000,
,,,0.000049313000,  33.60000,
,,,0.000049314000,  33.60000,
,,,0.000049315000,  33.60000,
,,,0.000049316000,  33.60000,
,,,0.000049317000,  34.40000,
,,,0.000049318000,  34.40000,
,,,0.000049319000,  34.40000,
,,,0.000049320000,  33.60000,
,,,0.000049321000,  33.60000,
,,,0.000049322000,  34.40000,
,,,0.000049323000,  35.20000,
,,,0.000049324000,  34.40000,
,,,0.000049325000,  35.20000,
,,,0.000049326000,  34.40000,
,,,0.000049327000,  34.40000,
,,,0.000049328000,  35.20000,
,,,0.000049329000,  34.40000,
,,,0.000049330000,  33.60000,
,,,0.000049331000,  34.40000,
,,,0.000049332000,  33.60000,
,,,0.000049333000,  33.60000,
,,,0.000049334000,  33.60000,
,,,0.000049335000,  33.60000,
,,,0.000049336000,  32.80000,
,,,0.000049337000,  34.40000,
,,,0.000049338000,  33.60000,
,,,0.000049339000,  33.60000,
,,,0.000049340000,  32.80000,
,,,0.000049341000,  34.40000,
,,,0.000049342000,  34.40000,
,,,0.000049343000,  32.80000,
,,,0.000049344000,  32.80000,
,,,0.000049345000,  32.80000,
,,,0.000049346000,  34.40000,
,,,0.000049347000,  33.60000,
,,,0.000049348000,  34.40000,
,,,0.000049349000,  33.60000,
,,,0.000049350000,  34.40000,
,,,0.000049351000,  33.60000,
,,,0.000049352000,  33.60000,
,,,0.000049353000,  32.80000,
,,,0.000049354000,  33.60000,
,,,0.000049355000,  34.40000,
,,,0.000049356000,  32.80000,
,,,0.000049357000,  33.60000,
,,,0.000049358000,  33.60000,
,,,0.000049359000,  33.60000,
,,,0.000049360000,  33.60000,
,,,0.000049361000,  33.60000,
,,,0.000049362000,  32.80000,
,,,0.000049363000,  32.80000,
,,,0.000049364000,  33.60000,
,,,0.000049365000,  33.60000,
,,,0.000049366000,  34.40000,
,,,0.000049367000,  33.60000,
,,,0.000049368000,  33.60000,
,,,0.000049369000,  33.60000,
,,,0.000049370000,  32.80000,
,,,0.000049371000,  34.40000,
,,,0.000049372000,  33.60000,
,,,0.000049373000,  33.60000,
,,,0.000049374000,  32.80000,
,,,0.000049375000,  33.60000,
,,,0.000049376000,  32.80000,
,,,0.000049377000,  32.80000,
,,,0.000049378000,  32.80000,
,,,0.000049379000,  32.80000,
,,,0.000049380000,  33.60000,
,,,0.000049381000,  33.60000,
,,,0.000049382000,  33.60000,
,,,0.000049383000,  32.00000,
,,,0.000049384000,  32.00000,
,,,0.000049385000,  33.60000,
,,,0.000049386000,  32.80000,
,,,0.000049387000,  33.60000,
,,,0.000049388000,  32.00000,
,,,0.000049389000,  32.80000,
,,,0.000049390000,  32.80000,
,,,0.000049391000,  32.00000,
,,,0.000049392000,  32.80000,
,,,0.000049393000,  32.80000,
,,,0.000049394000,  32.00000,
,,,0.000049395000,  32.00000,
,,,0.000049396000,  33.60000,
,,,0.000049397000,  32.80000,
,,,0.000049398000,  32.80000,
,,,0.000049399000,  32.80000,
,,,0.000049400000,  32.00000,
,,,0.000049401000,  32.80000,
,,,0.000049402000,  32.00000,
,,,0.000049403000,  32.00000,
,,,0.000049404000,  32.80000,
,,,0.000049405000,  33.60000,
,,,0.000049406000,  32.80000,
,,,0.000049407000,  32.80000,
,,,0.000049408000,  32.00000,
,,,0.000049409000,  32.80000,
,,,0.000049410000,  33.60000,
,,,0.000049411000,  32.80000,
,,,0.000049412000,  31.20000,
,,,0.000049413000,  32.80000,
,,,0.000049414000,  32.80000,
,,,0.000049415000,  33.60000,
,,,0.000049416000,  32.80000,
,,,0.000049417000,  32.00000,
,,,0.000049418000,  32.80000,
,,,0.000049419000,  32.00000,
,,,0.000049420000,  32.00000,
,,,0.000049421000,  32.00000,
,,,0.000049422000,  32.00000,
,,,0.000049423000,  33.60000,
,,,0.000049424000,  32.80000,
,,,0.000049425000,  33.60000,
,,,0.000049426000,  32.00000,
,,,0.000049427000,  32.00000,
,,,0.000049428000,  33.60000,
,,,0.000049429000,  33.60000,
,,,0.000049430000,  32.80000,
,,,0.000049431000,  32.00000,
,,,0.000049432000,  32.00000,
,,,0.000049433000,  32.80000,
,,,0.000049434000,  32.00000,
,,,0.000049435000,  31.20000,
,,,0.000049436000,  32.80000,
,,,0.000049437000,  34.40000,
,,,0.000049438000,  32.00000,
,,,0.000049439000,  31.20000,
,,,0.000049440000,  32.00000,
,,,0.000049441000,  32.80000,
,,,0.000049442000,  32.00000,
,,,0.000049443000,  32.80000,
,,,0.000049444000,  32.00000,
,,,0.000049445000,  32.00000,
,,,0.000049446000,  31.20000,
,,,0.000049447000,  32.80000,
,,,0.000049448000,  32.00000,
,,,0.000049449000,  32.80000,
,,,0.000049450000,  32.80000,
,,,0.000049451000,  32.00000,
,,,0.000049452000,  32.80000,
,,,0.000049453000,  32.00000,
,,,0.000049454000,  33.60000,
,,,0.000049455000,  32.00000,
,,,0.000049456000,  32.80000,
,,,0.000049457000,  32.00000,
,,,0.000049458000,  32.00000,
,,,0.000049459000,  32.00000,
,,,0.000049460000,  32.00000,
,,,0.000049461000,  32.00000,
,,,0.000049462000,  32.00000,
,,,0.000049463000,  32.00000,
,,,0.000049464000,  32.00000,
,,,0.000049465000,  32.80000,
,,,0.000049466000,  32.00000,
,,,0.000049467000,  32.00000,
,,,0.000049468000,  33.60000,
,,,0.000049469000,  32.00000,
,,,0.000049470000,  32.80000,
,,,0.000049471000,  32.00000,
,,,0.000049472000,  32.80000,
,,,0.000049473000,  32.80000,
,,,0.000049474000,  32.80000,
,,,0.000049475000,  32.00000,
,,,0.000049476000,  32.80000,
,,,0.000049477000,  32.80000,
,,,0.000049478000,  32.00000,
,,,0.000049479000,  32.80000,
,,,0.000049480000,  32.00000,
,,,0.000049481000,  32.00000,
,,,0.000049482000,  32.80000,
,,,0.000049483000,  32.00000,
,,,0.000049484000,  32.00000,
,,,0.000049485000,  33.60000,
,,,0.000049486000,  33.60000,
,,,0.000049487000,  32.00000,
,,,0.000049488000,  31.20000,
,,,0.000049489000,  32.00000,
,,,0.000049490000,  32.00000,
,,,0.000049491000,  33.60000,
,,,0.000049492000,  32.80000,
,,,0.000049493000,  32.80000,
,,,0.000049494000,  32.80000,
,,,0.000049495000,  32.80000,
,,,0.000049496000,  32.80000,
,,,0.000049497000,  34.40000,
,,,0.000049498000,  32.00000,
,,,0.000049499000,  32.80000,
,,,0.000049500000,  32.00000,
,,,0.000049501000,  31.20000,
,,,0.000049502000,  32.80000,
,,,0.000049503000,  32.00000,
,,,0.000049504000,  32.00000,
,,,0.000049505000,  32.80000,
,,,0.000049506000,  33.60000,
,,,0.000049507000,  32.00000,
,,,0.000049508000,  32.80000,
,,,0.000049509000,  32.80000,
,,,0.000049510000,  32.80000,
,,,0.000049511000,  31.20000,
,,,0.000049512000,  32.80000,
,,,0.000049513000,  32.80000,
,,,0.000049514000,  32.00000,
,,,0.000049515000,  32.80000,
,,,0.000049516000,  32.80000,
,,,0.000049517000,  32.00000,
,,,0.000049518000,  32.80000,
,,,0.000049519000,  32.80000,
,,,0.000049520000,  32.80000,
,,,0.000049521000,  32.80000,
,,,0.000049522000,  32.80000,
,,,0.000049523000,  34.40000,
,,,0.000049524000,  32.00000,
,,,0.000049525000,  32.00000,
,,,0.000049526000,  32.80000,
,,,0.000049527000,  32.80000,
,,,0.000049528000,  32.80000,
,,,0.000049529000,  32.00000,
,,,0.000049530000,  32.80000,
,,,0.000049531000,  32.00000,
,,,0.000049532000,  32.80000,
,,,0.000049533000,  32.80000,
,,,0.000049534000,  32.80000,
,,,0.000049535000,  32.80000,
,,,0.000049536000,  32.80000,
,,,0.000049537000,  32.00000,
,,,0.000049538000,  32.00000,
,,,0.000049539000,  32.80000,
,,,0.000049540000,  32.80000,
,,,0.000049541000,  33.60000,
,,,0.000049542000,  32.80000,
,,,0.000049543000,  32.80000,
,,,0.000049544000,  32.00000,
,,,0.000049545000,  32.80000,
,,,0.000049546000,  32.00000,
,,,0.000049547000,  32.00000,
,,,0.000049548000,  32.80000,
,,,0.000049549000,  33.60000,
,,,0.000049550000,  32.00000,
,,,0.000049551000,  32.00000,
,,,0.000049552000,  32.00000,
,,,0.000049553000,  33.60000,
,,,0.000049554000,  32.80000,
,,,0.000049555000,  33.60000,
,,,0.000049556000,  32.80000,
,,,0.000049557000,  33.60000,
,,,0.000049558000,  32.80000,
,,,0.000049559000,  33.60000,
,,,0.000049560000,  32.80000,
,,,0.000049561000,  32.80000,
,,,0.000049562000,  32.80000,
,,,0.000049563000,  34.40000,
,,,0.000049564000,  34.40000,
,,,0.000049565000,  32.80000,
,,,0.000049566000,  34.40000,
,,,0.000049567000,  34.40000,
,,,0.000049568000,  33.60000,
,,,0.000049569000,  34.40000,
,,,0.000049570000,  32.80000,
,,,0.000049571000,  33.60000,
,,,0.000049572000,  32.80000,
,,,0.000049573000,  34.40000,
,,,0.000049574000,  32.80000,
,,,0.000049575000,  32.80000,
,,,0.000049576000,  33.60000,
,,,0.000049577000,  32.80000,
,,,0.000049578000,  33.60000,
,,,0.000049579000,  32.00000,
,,,0.000049580000,  32.80000,
,,,0.000049581000,  32.00000,
,,,0.000049582000,  32.80000,
,,,0.000049583000,  32.80000,
,,,0.000049584000,  33.60000,
,,,0.000049585000,  33.60000,
,,,0.000049586000,  32.80000,
,,,0.000049587000,  32.80000,
,,,0.000049588000,  34.40000,
,,,0.000049589000,  32.80000,
,,,0.000049590000,  33.60000,
,,,0.000049591000,  33.60000,
,,,0.000049592000,  32.80000,
,,,0.000049593000,  32.80000,
,,,0.000049594000,  32.80000,
,,,0.000049595000,  35.20000,
,,,0.000049596000,  33.60000,
,,,0.000049597000,  33.60000,
,,,0.000049598000,  32.80000,
,,,0.000049599000,  32.80000,
,,,0.000049600000,  32.80000,
,,,0.000049601000,  32.00000,
,,,0.000049602000,  32.80000,
,,,0.000049603000,  32.80000,
,,,0.000049604000,  32.80000,
,,,0.000049605000,  32.80000,
,,,0.000049606000,  32.00000,
,,,0.000049607000,  34.40000,
,,,0.000049608000,  33.60000,
,,,0.000049609000,  32.80000,
,,,0.000049610000,  32.00000,
,,,0.000049611000,  33.60000,
,,,0.000049612000,  33.60000,
,,,0.000049613000,  32.80000,
,,,0.000049614000,  34.40000,
,,,0.000049615000,  32.80000,
,,,0.000049616000,  33.60000,
,,,0.000049617000,  32.80000,
,,,0.000049618000,  32.80000,
,,,0.000049619000,  34.40000,
,,,0.000049620000,  32.80000,
,,,0.000049621000,  33.60000,
,,,0.000049622000,  32.80000,
,,,0.000049623000,  32.80000,
,,,0.000049624000,  32.00000,
,,,0.000049625000,  32.80000,
,,,0.000049626000,  33.60000,
,,,0.000049627000,  32.80000,
,,,0.000049628000,  32.80000,
,,,0.000049629000,  34.40000,
,,,0.000049630000,  32.80000,
,,,0.000049631000,  32.80000,
,,,0.000049632000,  34.40000,
,,,0.000049633000,  33.60000,
,,,0.000049634000,  33.60000,
,,,0.000049635000,  32.80000,
,,,0.000049636000,  32.80000,
,,,0.000049637000,  32.00000,
,,,0.000049638000,  32.80000,
,,,0.000049639000,  34.40000,
,,,0.000049640000,  32.00000,
,,,0.000049641000,  33.60000,
,,,0.000049642000,  33.60000,
,,,0.000049643000,  34.40000,
,,,0.000049644000,  33.60000,
,,,0.000049645000,  34.40000,
,,,0.000049646000,  32.80000,
,,,0.000049647000,  32.80000,
,,,0.000049648000,  32.00000,
,,,0.000049649000,  32.80000,
,,,0.000049650000,  32.80000,
,,,0.000049651000,  32.00000,
,,,0.000049652000,  33.60000,
,,,0.000049653000,  32.80000,
,,,0.000049654000,  33.60000,
,,,0.000049655000,  33.60000,
,,,0.000049656000,  33.60000,
,,,0.000049657000,  32.80000,
,,,0.000049658000,  33.60000,
,,,0.000049659000,  33.60000,
,,,0.000049660000,  32.80000,
,,,0.000049661000,  33.60000,
,,,0.000049662000,  32.80000,
,,,0.000049663000,  34.40000,
,,,0.000049664000,  32.80000,
,,,0.000049665000,  33.60000,
,,,0.000049666000,  32.80000,
,,,0.000049667000,  32.80000,
,,,0.000049668000,  33.60000,
,,,0.000049669000,  32.00000,
,,,0.000049670000,  33.60000,
,,,0.000049671000,  33.60000,
,,,0.000049672000,  32.80000,
,,,0.000049673000,  33.60000,
,,,0.000049674000,  32.80000,
,,,0.000049675000,  33.60000,
,,,0.000049676000,  32.80000,
,,,0.000049677000,  33.60000,
,,,0.000049678000,  32.00000,
,,,0.000049679000,  32.00000,
,,,0.000049680000,  32.00000,
,,,0.000049681000,  32.80000,
,,,0.000049682000,  32.80000,
,,,0.000049683000,  32.80000,
,,,0.000049684000,  32.80000,
,,,0.000049685000,  33.60000,
,,,0.000049686000,  32.00000,
,,,0.000049687000,  33.60000,
,,,0.000049688000,  32.00000,
,,,0.000049689000,  33.60000,
,,,0.000049690000,  33.60000,
,,,0.000049691000,  32.80000,
,,,0.000049692000,  32.00000,
,,,0.000049693000,  33.60000,
,,,0.000049694000,  32.80000,
,,,0.000049695000,  32.80000,
,,,0.000049696000,  32.80000,
,,,0.000049697000,  32.80000,
,,,0.000049698000,  33.60000,
,,,0.000049699000,  32.00000,
,,,0.000049700000,  32.00000,
,,,0.000049701000,  32.80000,
,,,0.000049702000,  32.80000,
,,,0.000049703000,  33.60000,
,,,0.000049704000,  33.60000,
,,,0.000049705000,  32.00000,
,,,0.000049706000,  33.60000,
,,,0.000049707000,  33.60000,
,,,0.000049708000,  33.60000,
,,,0.000049709000,  32.80000,
,,,0.000049710000,  32.80000,
,,,0.000049711000,  33.60000,
,,,0.000049712000,  32.80000,
,,,0.000049713000,  32.00000,
,,,0.000049714000,  33.60000,
,,,0.000049715000,  33.60000,
,,,0.000049716000,  33.60000,
,,,0.000049717000,  32.00000,
,,,0.000049718000,  33.60000,
,,,0.000049719000,  32.80000,
,,,0.000049720000,  33.60000,
,,,0.000049721000,  32.80000,
,,,0.000049722000,  32.80000,
,,,0.000049723000,  32.80000,
,,,0.000049724000,  32.80000,
,,,0.000049725000,  33.60000,
,,,0.000049726000,  32.00000,
,,,0.000049727000,  33.60000,
,,,0.000049728000,  32.80000,
,,,0.000049729000,  32.00000,
,,,0.000049730000,  32.80000,
,,,0.000049731000,  33.60000,
,,,0.000049732000,  32.00000,
,,,0.000049733000,  32.80000,
,,,0.000049734000,  32.00000,
,,,0.000049735000,  32.80000,
,,,0.000049736000,  32.00000,
,,,0.000049737000,  32.80000,
,,,0.000049738000,  32.00000,
,,,0.000049739000,  32.80000,
,,,0.000049740000,  32.80000,
,,,0.000049741000,  32.00000,
,,,0.000049742000,  33.60000,
,,,0.000049743000,  33.60000,
,,,0.000049744000,  34.40000,
,,,0.000049745000,  33.60000,
,,,0.000049746000,  32.00000,
,,,0.000049747000,  32.00000,
,,,0.000049748000,  32.00000,
,,,0.000049749000,  32.00000,
,,,0.000049750000,  32.00000,
,,,0.000049751000,  32.80000,
,,,0.000049752000,  32.00000,
,,,0.000049753000,  33.60000,
,,,0.000049754000,  32.80000,
,,,0.000049755000,  32.80000,
,,,0.000049756000,  32.80000,
,,,0.000049757000,  33.60000,
,,,0.000049758000,  32.00000,
,,,0.000049759000,  32.00000,
,,,0.000049760000,  33.60000,
,,,0.000049761000,  32.80000,
,,,0.000049762000,  32.80000,
,,,0.000049763000,  32.00000,
,,,0.000049764000,  33.60000,
,,,0.000049765000,  33.60000,
,,,0.000049766000,  32.80000,
,,,0.000049767000,  32.80000,
,,,0.000049768000,  33.60000,
,,,0.000049769000,  32.80000,
