Record Length,2.500000e+03,,  -0.000001980000, -32.80000,
Sample Interval,1.000000e-09,,  -0.000001979000, -33.60000,
Trigger Point,1.980000000000e+03,,  -0.000001978000, -32.80000,
,,,  -0.000001977000, -32.80000,
,,,  -0.000001976000, -33.60000,
,,,  -0.000001975000, -33.60000,
Source,MATH,,  -0.000001974000, -32.80000,
Vertical Units,V,,  -0.000001973000, -32.80000,
Vertical Scale,2.000000e+01,,  -0.000001972000, -32.80000,
Vertical Offset,0.000000e+00,,  -0.000001971000, -32.80000,
Horizontal Units,s,,  -0.000001970000, -32.00000,
Horizontal Scale,2.500000e-07,,  -0.000001969000, -32.80000,
Pt Fmt,Y,,  -0.000001968000, -32.80000,
Yzero,0.000000e+00,,  -0.000001967000, -32.80000,
Probe Atten,1.000000e+00,,  -0.000001966000, -32.80000,
Model Number,TDS2004C,,  -0.000001965000, -32.80000,
Serial Number,C012246,,  -0.000001964000, -32.80000,
Firmware Version,FV:v24.18,,  -0.000001963000, -32.80000,
,,,-00.000001962000, -32.80000,
,,,-00.000001961000, -32.00000,
,,,-00.000001960000, -32.80000,
,,,-00.000001959000, -33.60000,
,,,-00.000001958000, -32.80000,
,,,-00.000001957000, -33.60000,
,,,-00.000001956000, -32.80000,
,,,-00.000001955000, -32.80000,
,,,-00.000001954000, -32.80000,
,,,-00.000001953000, -32.80000,
,,,-00.000001952000, -32.80000,
,,,-00.000001951000, -32.80000,
,,,-00.000001950000, -32.80000,
,,,-00.000001949000, -33.60000,
,,,-00.000001948000, -33.60000,
,,,-00.000001947000, -32.80000,
,,,-00.000001946000, -32.80000,
,,,-00.000001945000, -32.80000,
,,,-00.000001944000, -32.80000,
,,,-00.000001943000, -32.80000,
,,,-00.000001942000, -32.80000,
,,,-00.000001941000, -32.00000,
,,,-00.000001940000, -32.80000,
,,,-00.000001939000, -32.80000,
,,,-00.000001938000, -32.80000,
,,,-00.000001937000, -33.60000,
,,,-00.000001936000, -32.00000,
,,,-00.000001935000, -32.00000,
,,,-00.000001934000, -32.80000,
,,,-00.000001933000, -32.00000,
,,,-00.000001932000, -33.60000,
,,,-00.000001931000, -32.80000,
,,,-00.000001930000, -32.00000,
,,,-00.000001929000, -32.80000,
,,,-00.000001928000, -32.00000,
,,,-00.000001927000, -33.60000,
,,,-00.000001926000, -32.80000,
,,,-00.000001925000, -33.60000,
,,,-00.000001924000, -32.80000,
,,,-00.000001923000, -32.00000,
,,,-00.000001922000, -32.80000,
,,,-00.000001921000, -32.80000,
,,,-00.000001920000, -32.80000,
,,,-00.000001919000, -32.80000,
,,,-00.000001918000, -32.80000,
,,,-00.000001917000, -33.60000,
,,,-00.000001916000, -32.80000,
,,,-00.000001915000, -32.80000,
,,,-00.000001914000, -32.80000,
,,,-00.000001913000, -32.80000,
,,,-00.000001912000, -32.80000,
,,,-00.000001911000, -32.00000,
,,,-00.000001910000, -32.80000,
,,,-00.000001909000, -32.80000,
,,,-00.000001908000, -32.80000,
,,,-00.000001907000, -32.00000,
,,,-00.000001906000, -32.80000,
,,,-00.000001905000, -32.80000,
,,,-00.000001904000, -32.80000,
,,,-00.000001903000, -32.80000,
,,,-00.000001902000, -32.80000,
,,,-00.000001901000, -32.80000,
,,,-00.000001900000, -32.00000,
,,,-00.000001899000, -32.80000,
,,,-00.000001898000, -32.80000,
,,,-00.000001897000, -32.80000,
,,,-00.000001896000, -32.80000,
,,,-00.000001895000, -32.80000,
,,,-00.000001894000, -32.00000,
,,,-00.000001893000, -32.80000,
,,,-00.000001892000, -32.80000,
,,,-00.000001891000, -32.00000,
,,,-00.000001890000, -32.80000,
,,,-00.000001889000, -32.80000,
,,,-00.000001888000, -32.80000,
,,,-00.000001887000, -32.00000,
,,,-00.000001886000, -32.80000,
,,,-00.000001885000, -32.80000,
,,,-00.000001884000, -32.80000,
,,,-00.000001883000, -32.00000,
,,,-00.000001882000, -32.00000,
,,,-00.000001881000, -32.80000,
,,,-00.000001880000, -32.80000,
,,,-00.000001879000, -32.80000,
,,,-00.000001878000, -32.80000,
,,,-00.000001877000, -32.80000,
,,,-00.000001876000, -32.80000,
,,,-00.000001875000, -32.00000,
,,,-00.000001874000, -32.00000,
,,,-00.000001873000, -32.80000,
,,,-00.000001872000, -32.00000,
,,,-00.000001871000, -32.00000,
,,,-00.000001870000, -32.80000,
,,,-00.000001869000, -32.80000,
,,,-00.000001868000, -32.00000,
,,,-00.000001867000, -32.80000,
,,,-00.000001866000, -32.80000,
,,,-00.000001865000, -32.00000,
,,,-00.000001864000, -33.60000,
,,,-00.000001863000, -32.00000,
,,,-00.000001862000, -32.00000,
,,,-00.000001861000, -32.00000,
,,,-00.000001860000, -32.80000,
,,,-00.000001859000, -32.00000,
,,,-00.000001858000, -32.80000,
,,,-00.000001857000, -32.80000,
,,,-00.000001856000, -32.80000,
,,,-00.000001855000, -32.00000,
,,,-00.000001854000, -32.00000,
,,,-00.000001853000, -32.80000,
,,,-00.000001852000, -32.80000,
,,,-00.000001851000, -32.00000,
,,,-00.000001850000, -32.80000,
,,,-00.000001849000, -32.80000,
,,,-00.000001848000, -32.80000,
,,,-00.000001847000, -32.80000,
,,,-00.000001846000, -33.60000,
,,,-00.000001845000, -32.80000,
,,,-00.000001844000, -32.80000,
,,,-00.000001843000, -32.80000,
,,,-00.000001842000, -32.80000,
,,,-00.000001841000, -32.80000,
,,,-00.000001840000, -32.80000,
,,,-00.000001839000, -32.80000,
,,,-00.000001838000, -33.60000,
,,,-00.000001837000, -32.80000,
,,,-00.000001836000, -32.00000,
,,,-00.000001835000, -32.00000,
,,,-00.000001834000, -32.80000,
,,,-00.000001833000, -32.00000,
,,,-00.000001832000, -32.80000,
,,,-00.000001831000, -32.80000,
,,,-00.000001830000, -32.80000,
,,,-00.000001829000, -32.80000,
,,,-00.000001828000, -32.80000,
,,,-00.000001827000, -32.80000,
,,,-00.000001826000, -33.60000,
,,,-00.000001825000, -32.80000,
,,,-00.000001824000, -32.80000,
,,,-00.000001823000, -32.80000,
,,,-00.000001822000, -32.80000,
,,,-00.000001821000, -32.80000,
,,,-00.000001820000, -32.80000,
,,,-00.000001819000, -32.80000,
,,,-00.000001818000, -33.60000,
,,,-00.000001817000, -32.80000,
,,,-00.000001816000, -32.00000,
,,,-00.000001815000, -32.00000,
,,,-00.000001814000, -32.80000,
,,,-00.000001813000, -33.60000,
,,,-00.000001812000, -32.80000,
,,,-00.000001811000, -32.80000,
,,,-00.000001810000, -32.80000,
,,,-00.000001809000, -33.60000,
,,,-00.000001808000, -32.80000,
,,,-00.000001807000, -33.60000,
,,,-00.000001806000, -32.80000,
,,,-00.000001805000, -32.80000,
,,,-00.000001804000, -32.80000,
,,,-00.000001803000, -32.80000,
,,,-00.000001802000, -33.60000,
,,,-00.000001801000, -32.80000,
,,,-00.000001800000, -32.80000,
,,,-00.000001799000, -32.00000,
,,,-00.000001798000, -32.80000,
,,,-00.000001797000, -32.80000,
,,,-00.000001796000, -32.80000,
,,,-00.000001795000, -33.60000,
,,,-00.000001794000, -32.80000,
,,,-00.000001793000, -32.80000,
,,,-00.000001792000, -32.80000,
,,,-00.000001791000, -32.80000,
,,,-00.000001790000, -32.80000,
,,,-00.000001789000, -33.60000,
,,,-00.000001788000, -32.00000,
,,,-00.000001787000, -32.80000,
,,,-00.000001786000, -32.80000,
,,,-00.000001785000, -32.00000,
,,,-00.000001784000, -33.60000,
,,,-00.000001783000, -32.80000,
,,,-00.000001782000, -32.80000,
,,,-00.000001781000, -32.80000,
,,,-00.000001780000, -33.60000,
,,,-00.000001779000, -32.80000,
,,,-00.000001778000, -32.80000,
,,,-00.000001777000, -33.60000,
,,,-00.000001776000, -32.80000,
,,,-00.000001775000, -32.80000,
,,,-00.000001774000, -32.80000,
,,,-00.000001773000, -33.60000,
,,,-00.000001772000, -32.80000,
,,,-00.000001771000, -32.80000,
,,,-00.000001770000, -32.80000,
,,,-00.000001769000, -32.80000,
,,,-00.000001768000, -33.60000,
,,,-00.000001767000, -32.80000,
,,,-00.000001766000, -33.60000,
,,,-00.000001765000, -33.60000,
,,,-00.000001764000, -32.80000,
,,,-00.000001763000, -33.60000,
,,,-00.000001762000, -33.60000,
,,,-00.000001761000, -32.80000,
,,,-00.000001760000, -33.60000,
,,,-00.000001759000, -33.60000,
,,,-00.000001758000, -32.80000,
,,,-00.000001757000, -32.80000,
,,,-00.000001756000, -32.80000,
,,,-00.000001755000, -32.80000,
,,,-00.000001754000, -33.60000,
,,,-00.000001753000, -33.60000,
,,,-00.000001752000, -33.60000,
,,,-00.000001751000, -33.60000,
,,,-00.000001750000, -33.60000,
,,,-00.000001749000, -33.60000,
,,,-00.000001748000, -33.60000,
,,,-00.000001747000, -33.60000,
,,,-00.000001746000, -33.60000,
,,,-00.000001745000, -33.60000,
,,,-00.000001744000, -32.80000,
,,,-00.000001743000, -33.60000,
,,,-00.000001742000, -33.60000,
,,,-00.000001741000, -32.80000,
,,,-00.000001740000, -33.60000,
,,,-00.000001739000, -34.40000,
,,,-00.000001738000, -33.60000,
,,,-00.000001737000, -33.60000,
,,,-00.000001736000, -33.60000,
,,,-00.000001735000, -33.60000,
,,,-00.000001734000, -33.60000,
,,,-00.000001733000, -33.60000,
,,,-00.000001732000, -33.60000,
,,,-00.000001731000, -33.60000,
,,,-00.000001730000, -32.80000,
,,,-00.000001729000, -33.60000,
,,,-00.000001728000, -33.60000,
,,,-00.000001727000, -32.80000,
,,,-00.000001726000, -33.60000,
,,,-00.000001725000, -33.60000,
,,,-00.000001724000, -32.80000,
,,,-00.000001723000, -33.60000,
,,,-00.000001722000, -33.60000,
,,,-00.000001721000, -33.60000,
,,,-00.000001720000, -33.60000,
,,,-00.000001719000, -33.60000,
,,,-00.000001718000, -33.60000,
,,,-00.000001717000, -33.60000,
,,,-00.000001716000, -33.60000,
,,,-00.000001715000, -33.60000,
,,,-00.000001714000, -33.60000,
,,,-00.000001713000, -33.60000,
,,,-00.000001712000, -32.80000,
,,,-00.000001711000, -32.80000,
,,,-00.000001710000, -33.60000,
,,,-00.000001709000, -33.60000,
,,,-00.000001708000, -33.60000,
,,,-00.000001707000, -33.60000,
,,,-00.000001706000, -33.60000,
,,,-00.000001705000, -34.40000,
,,,-00.000001704000, -33.60000,
,,,-00.000001703000, -33.60000,
,,,-00.000001702000, -33.60000,
,,,-00.000001701000, -32.80000,
,,,-00.000001700000, -33.60000,
,,,-00.000001699000, -33.60000,
,,,-00.000001698000, -33.60000,
,,,-00.000001697000, -33.60000,
,,,-00.000001696000, -33.60000,
,,,-00.000001695000, -33.60000,
,,,-00.000001694000, -33.60000,
,,,-00.000001693000, -32.80000,
,,,-00.000001692000, -34.40000,
,,,-00.000001691000, -33.60000,
,,,-00.000001690000, -33.60000,
,,,-00.000001689000, -33.60000,
,,,-00.000001688000, -33.60000,
,,,-00.000001687000, -33.60000,
,,,-00.000001686000, -33.60000,
,,,-00.000001685000, -33.60000,
,,,-00.000001684000, -33.60000,
,,,-00.000001683000, -33.60000,
,,,-00.000001682000, -33.60000,
,,,-00.000001681000, -33.60000,
,,,-00.000001680000, -33.60000,
,,,-00.000001679000, -33.60000,
,,,-00.000001678000, -33.60000,
,,,-00.000001677000, -33.60000,
,,,-00.000001676000, -33.60000,
,,,-00.000001675000, -33.60000,
,,,-00.000001674000, -32.80000,
,,,-00.000001673000, -32.80000,
,,,-00.000001672000, -33.60000,
,,,-00.000001671000, -33.60000,
,,,-00.000001670000, -33.60000,
,,,-00.000001669000, -33.60000,
,,,-00.000001668000, -33.60000,
,,,-00.000001667000, -33.60000,
,,,-00.000001666000, -33.60000,
,,,-00.000001665000, -33.60000,
,,,-00.000001664000, -33.60000,
,,,-00.000001663000, -32.80000,
,,,-00.000001662000, -32.80000,
,,,-00.000001661000, -33.60000,
,,,-00.000001660000, -33.60000,
,,,-00.000001659000, -32.80000,
,,,-00.000001658000, -33.60000,
,,,-00.000001657000, -33.60000,
,,,-00.000001656000, -33.60000,
,,,-00.000001655000, -33.60000,
,,,-00.000001654000, -33.60000,
,,,-00.000001653000, -32.80000,
,,,-00.000001652000, -33.60000,
,,,-00.000001651000, -33.60000,
,,,-00.000001650000, -33.60000,
,,,-00.000001649000, -32.80000,
,,,-00.000001648000, -33.60000,
,,,-00.000001647000, -33.60000,
,,,-00.000001646000, -33.60000,
,,,-00.000001645000, -33.60000,
,,,-00.000001644000, -32.80000,
,,,-00.000001643000, -33.60000,
,,,-00.000001642000, -33.60000,
,,,-00.000001641000, -33.60000,
,,,-00.000001640000, -33.60000,
,,,-00.000001639000, -33.60000,
,,,-00.000001638000, -32.80000,
,,,-00.000001637000, -33.60000,
,,,-00.000001636000, -33.60000,
,,,-00.000001635000, -32.80000,
,,,-00.000001634000, -33.60000,
,,,-00.000001633000, -33.60000,
,,,-00.000001632000, -32.80000,
,,,-00.000001631000, -32.80000,
,,,-00.000001630000, -33.60000,
,,,-00.000001629000, -32.80000,
,,,-00.000001628000, -33.60000,
,,,-00.000001627000, -32.80000,
,,,-00.000001626000, -32.80000,
,,,-00.000001625000, -32.80000,
,,,-00.000001624000, -33.60000,
,,,-00.000001623000, -32.80000,
,,,-00.000001622000, -32.80000,
,,,-00.000001621000, -33.60000,
,,,-00.000001620000, -32.80000,
,,,-00.000001619000, -32.80000,
,,,-00.000001618000, -32.80000,
,,,-00.000001617000, -32.80000,
,,,-00.000001616000, -32.80000,
,,,-00.000001615000, -33.60000,
,,,-00.000001614000, -33.60000,
,,,-00.000001613000, -32.80000,
,,,-00.000001612000, -32.80000,
,,,-00.000001611000, -33.60000,
,,,-00.000001610000, -32.80000,
,,,-00.000001609000, -33.60000,
,,,-00.000001608000, -33.60000,
,,,-00.000001607000, -33.60000,
,,,-00.000001606000, -33.60000,
,,,-00.000001605000, -32.80000,
,,,-00.000001604000, -33.60000,
,,,-00.000001603000, -32.80000,
,,,-00.000001602000, -32.80000,
,,,-00.000001601000, -32.80000,
,,,-00.000001600000, -32.80000,
,,,-00.000001599000, -33.60000,
,,,-00.000001598000, -32.80000,
,,,-00.000001597000, -32.80000,
,,,-00.000001596000, -32.80000,
,,,-00.000001595000, -33.60000,
,,,-00.000001594000, -32.80000,
,,,-00.000001593000, -33.60000,
,,,-00.000001592000, -32.80000,
,,,-00.000001591000, -32.80000,
,,,-00.000001590000, -32.80000,
,,,-00.000001589000, -32.80000,
,,,-00.000001588000, -32.80000,
,,,-00.000001587000, -32.80000,
,,,-00.000001586000, -32.80000,
,,,-00.000001585000, -33.60000,
,,,-00.000001584000, -32.80000,
,,,-00.000001583000, -32.80000,
,,,-00.000001582000, -32.80000,
,,,-00.000001581000, -32.80000,
,,,-00.000001580000, -32.80000,
,,,-00.000001579000, -32.80000,
,,,-00.000001578000, -32.80000,
,,,-00.000001577000, -32.80000,
,,,-00.000001576000, -32.80000,
,,,-00.000001575000, -32.80000,
,,,-00.000001574000, -32.00000,
,,,-00.000001573000, -32.80000,
,,,-00.000001572000, -32.80000,
,,,-00.000001571000, -32.80000,
,,,-00.000001570000, -32.80000,
,,,-00.000001569000, -33.60000,
,,,-00.000001568000, -32.80000,
,,,-00.000001567000, -32.80000,
,,,-00.000001566000, -32.80000,
,,,-00.000001565000, -32.00000,
,,,-00.000001564000, -32.80000,
,,,-00.000001563000, -32.80000,
,,,-00.000001562000, -32.80000,
,,,-00.000001561000, -32.80000,
,,,-00.000001560000, -32.80000,
,,,-00.000001559000, -32.80000,
,,,-00.000001558000, -32.00000,
,,,-00.000001557000, -32.80000,
,,,-00.000001556000, -32.80000,
,,,-00.000001555000, -33.60000,
,,,-00.000001554000, -32.80000,
,,,-00.000001553000, -32.80000,
,,,-00.000001552000, -32.80000,
,,,-00.000001551000, -32.80000,
,,,-00.000001550000, -32.80000,
,,,-00.000001549000, -32.80000,
,,,-00.000001548000, -32.80000,
,,,-00.000001547000, -32.80000,
,,,-00.000001546000, -32.80000,
,,,-00.000001545000, -32.00000,
,,,-00.000001544000, -32.80000,
,,,-00.000001543000, -32.00000,
,,,-00.000001542000, -33.60000,
,,,-00.000001541000, -33.60000,
,,,-00.000001540000, -32.80000,
,,,-00.000001539000, -32.80000,
,,,-00.000001538000, -32.80000,
,,,-00.000001537000, -32.80000,
,,,-00.000001536000, -32.80000,
,,,-00.000001535000, -32.80000,
,,,-00.000001534000, -32.80000,
,,,-00.000001533000, -32.80000,
,,,-00.000001532000, -32.80000,
,,,-00.000001531000, -32.80000,
,,,-00.000001530000, -32.80000,
,,,-00.000001529000, -32.80000,
,,,-00.000001528000, -33.60000,
,,,-00.000001527000, -32.80000,
,,,-00.000001526000, -32.80000,
,,,-00.000001525000, -32.80000,
,,,-00.000001524000, -32.80000,
,,,-00.000001523000, -32.80000,
,,,-00.000001522000, -32.80000,
,,,-00.000001521000, -32.00000,
,,,-00.000001520000, -32.80000,
,,,-00.000001519000, -32.80000,
,,,-00.000001518000, -32.80000,
,,,-00.000001517000, -32.80000,
,,,-00.000001516000, -32.80000,
,,,-00.000001515000, -32.00000,
,,,-00.000001514000, -32.80000,
,,,-00.000001513000, -32.00000,
,,,-00.000001512000, -32.80000,
,,,-00.000001511000, -32.80000,
,,,-00.000001510000, -32.80000,
,,,-00.000001509000, -33.60000,
,,,-00.000001508000, -32.80000,
,,,-00.000001507000, -32.80000,
,,,-00.000001506000, -32.00000,
,,,-00.000001505000, -32.80000,
,,,-00.000001504000, -32.80000,
,,,-00.000001503000, -32.80000,
,,,-00.000001502000, -32.80000,
,,,-00.000001501000, -32.80000,
,,,-00.000001500000, -32.80000,
,,,-00.000001499000, -32.80000,
,,,-00.000001498000, -33.60000,
,,,-00.000001497000, -32.00000,
,,,-00.000001496000, -33.60000,
,,,-00.000001495000, -32.80000,
,,,-00.000001494000, -32.80000,
,,,-00.000001493000, -32.80000,
,,,-00.000001492000, -32.80000,
,,,-00.000001491000, -32.00000,
,,,-00.000001490000, -32.80000,
,,,-00.000001489000, -32.80000,
,,,-00.000001488000, -32.00000,
,,,-00.000001487000, -32.80000,
,,,-00.000001486000, -32.80000,
,,,-00.000001485000, -32.80000,
,,,-00.000001484000, -32.00000,
,,,-00.000001483000, -32.80000,
,,,-00.000001482000, -32.80000,
,,,-00.000001481000, -33.60000,
,,,-00.000001480000, -32.80000,
,,,-00.000001479000, -32.80000,
,,,-00.000001478000, -32.80000,
,,,-00.000001477000, -32.80000,
,,,-00.000001476000, -32.80000,
,,,-00.000001475000, -32.00000,
,,,-00.000001474000, -32.00000,
,,,-00.000001473000, -32.80000,
,,,-00.000001472000, -32.00000,
,,,-00.000001471000, -32.80000,
,,,-00.000001470000, -33.60000,
,,,-00.000001469000, -32.80000,
,,,-00.000001468000, -32.80000,
,,,-00.000001467000, -32.80000,
,,,-00.000001466000, -32.80000,
,,,-00.000001465000, -32.00000,
,,,-00.000001464000, -32.80000,
,,,-00.000001463000, -32.80000,
,,,-00.000001462000, -32.80000,
,,,-00.000001461000, -32.80000,
,,,-00.000001460000, -32.80000,
,,,-00.000001459000, -32.80000,
,,,-00.000001458000, -32.80000,
,,,-00.000001457000, -32.80000,
,,,-00.000001456000, -33.60000,
,,,-00.000001455000, -32.80000,
,,,-00.000001454000, -33.60000,
,,,-00.000001453000, -33.60000,
,,,-00.000001452000, -32.80000,
,,,-00.000001451000, -32.80000,
,,,-00.000001450000, -32.80000,
,,,-00.000001449000, -32.80000,
,,,-00.000001448000, -32.80000,
,,,-00.000001447000, -32.80000,
,,,-00.000001446000, -32.00000,
,,,-00.000001445000, -32.80000,
,,,-00.000001444000, -32.00000,
,,,-00.000001443000, -32.80000,
,,,-00.000001442000, -32.80000,
,,,-00.000001441000, -32.80000,
,,,-00.000001440000, -32.80000,
,,,-00.000001439000, -32.80000,
,,,-00.000001438000, -32.80000,
,,,-00.000001437000, -32.80000,
,,,-00.000001436000, -32.80000,
,,,-00.000001435000, -32.80000,
,,,-00.000001434000, -32.80000,
,,,-00.000001433000, -32.80000,
,,,-00.000001432000, -33.60000,
,,,-00.000001431000, -32.80000,
,,,-00.000001430000, -32.80000,
,,,-00.000001429000, -32.80000,
,,,-00.000001428000, -32.80000,
,,,-00.000001427000, -32.00000,
,,,-00.000001426000, -32.80000,
,,,-00.000001425000, -32.80000,
,,,-00.000001424000, -32.80000,
,,,-00.000001423000, -32.80000,
,,,-00.000001422000, -32.80000,
,,,-00.000001421000, -32.80000,
,,,-00.000001420000, -32.00000,
,,,-00.000001419000, -32.80000,
,,,-00.000001418000, -32.80000,
,,,-00.000001417000, -32.80000,
,,,-00.000001416000, -32.80000,
,,,-00.000001415000, -32.80000,
,,,-00.000001414000, -32.00000,
,,,-00.000001413000, -32.00000,
,,,-00.000001412000, -32.80000,
,,,-00.000001411000, -32.80000,
,,,-00.000001410000, -32.00000,
,,,-00.000001409000, -32.00000,
,,,-00.000001408000, -32.80000,
,,,-00.000001407000, -32.00000,
,,,-00.000001406000, -32.80000,
,,,-00.000001405000, -32.00000,
,,,-00.000001404000, -32.80000,
,,,-00.000001403000, -32.00000,
,,,-00.000001402000, -32.00000,
,,,-00.000001401000, -32.00000,
,,,-00.000001400000, -32.00000,
,,,-00.000001399000, -32.80000,
,,,-00.000001398000, -32.00000,
,,,-00.000001397000, -32.80000,
,,,-00.000001396000, -32.00000,
,,,-00.000001395000, -32.80000,
,,,-00.000001394000, -32.80000,
,,,-00.000001393000, -32.80000,
,,,-00.000001392000, -32.00000,
,,,-00.000001391000, -32.00000,
,,,-00.000001390000, -32.80000,
,,,-00.000001389000, -32.00000,
,,,-00.000001388000, -32.00000,
,,,-00.000001387000, -32.00000,
,,,-00.000001386000, -32.00000,
,,,-00.000001385000, -32.00000,
,,,-00.000001384000, -32.00000,
,,,-00.000001383000, -32.00000,
,,,-00.000001382000, -32.00000,
,,,-00.000001381000, -31.20000,
,,,-00.000001380000, -32.00000,
,,,-00.000001379000, -32.00000,
,,,-00.000001378000, -32.00000,
,,,-00.000001377000, -31.20000,
,,,-00.000001376000, -31.20000,
,,,-00.000001375000, -31.20000,
,,,-00.000001374000, -32.00000,
,,,-00.000001373000, -31.20000,
,,,-00.000001372000, -32.00000,
,,,-00.000001371000, -32.00000,
,,,-00.000001370000, -31.20000,
,,,-00.000001369000, -31.20000,
,,,-00.000001368000, -31.20000,
,,,-00.000001367000, -31.20000,
,,,-00.000001366000, -31.20000,
,,,-00.000001365000, -31.20000,
,,,-00.000001364000, -32.00000,
,,,-00.000001363000, -32.00000,
,,,-00.000001362000, -32.00000,
,,,-00.000001361000, -31.20000,
,,,-00.000001360000, -30.40000,
,,,-00.000001359000, -30.40000,
,,,-00.000001358000, -31.20000,
,,,-00.000001357000, -30.40000,
,,,-00.000001356000, -31.20000,
,,,-00.000001355000, -31.20000,
,,,-00.000001354000, -31.20000,
,,,-00.000001353000, -31.20000,
,,,-00.000001352000, -32.00000,
,,,-00.000001351000, -31.20000,
,,,-00.000001350000, -30.40000,
,,,-00.000001349000, -31.20000,
,,,-00.000001348000, -30.40000,
,,,-00.000001347000, -31.20000,
,,,-00.000001346000, -30.40000,
,,,-00.000001345000, -29.60000,
,,,-00.000001344000, -30.40000,
,,,-00.000001343000, -30.40000,
,,,-00.000001342000, -30.40000,
,,,-00.000001341000, -31.20000,
,,,-00.000001340000, -30.40000,
,,,-00.000001339000, -31.20000,
,,,-00.000001338000, -30.40000,
,,,-00.000001337000, -30.40000,
,,,-00.000001336000, -29.60000,
,,,-00.000001335000, -29.60000,
,,,-00.000001334000, -29.60000,
,,,-00.000001333000, -29.60000,
,,,-00.000001332000, -29.60000,
,,,-00.000001331000, -30.40000,
,,,-00.000001330000, -30.40000,
,,,-00.000001329000, -29.60000,
,,,-00.000001328000, -29.60000,
,,,-00.000001327000, -29.60000,
,,,-00.000001326000, -29.60000,
,,,-00.000001325000, -29.60000,
,,,-00.000001324000, -30.40000,
,,,-00.000001323000, -30.40000,
,,,-00.000001322000, -29.60000,
,,,-00.000001321000, -29.60000,
,,,-00.000001320000, -29.60000,
,,,-00.000001319000, -29.60000,
,,,-00.000001318000, -29.60000,
,,,-00.000001317000, -28.80000,
,,,-00.000001316000, -29.60000,
,,,-00.000001315000, -28.00000,
,,,-00.000001314000, -28.80000,
,,,-00.000001313000, -29.60000,
,,,-00.000001312000, -28.80000,
,,,-00.000001311000, -28.80000,
,,,-00.000001310000, -29.60000,
,,,-00.000001309000, -28.80000,
,,,-00.000001308000, -29.60000,
,,,-00.000001307000, -28.80000,
,,,-00.000001306000, -28.80000,
,,,-00.000001305000, -28.80000,
,,,-00.000001304000, -28.00000,
,,,-00.000001303000, -28.00000,
,,,-00.000001302000, -28.80000,
,,,-00.000001301000, -28.80000,
,,,-00.000001300000, -28.80000,
,,,-00.000001299000, -28.00000,
,,,-00.000001298000, -28.00000,
,,,-00.000001297000, -28.80000,
,,,-00.000001296000, -28.00000,
,,,-00.000001295000, -28.00000,
,,,-00.000001294000, -28.00000,
,,,-00.000001293000, -27.20000,
,,,-00.000001292000, -28.00000,
,,,-00.000001291000, -28.80000,
,,,-00.000001290000, -28.00000,
,,,-00.000001289000, -27.20000,
,,,-00.000001288000, -27.20000,
,,,-00.000001287000, -27.20000,
,,,-00.000001286000, -27.20000,
,,,-00.000001285000, -27.20000,
,,,-00.000001284000, -27.20000,
,,,-00.000001283000, -27.20000,
,,,-00.000001282000, -27.20000,
,,,-00.000001281000, -27.20000,
,,,-00.000001280000, -27.20000,
,,,-00.000001279000, -28.00000,
,,,-00.000001278000, -27.20000,
,,,-00.000001277000, -26.40000,
,,,-00.000001276000, -27.20000,
,,,-00.000001275000, -26.40000,
,,,-00.000001274000, -26.40000,
,,,-00.000001273000, -27.20000,
,,,-00.000001272000, -27.20000,
,,,-00.000001271000, -27.20000,
,,,-00.000001270000, -26.40000,
,,,-00.000001269000, -26.40000,
,,,-00.000001268000, -26.40000,
,,,-00.000001267000, -27.20000,
,,,-00.000001266000, -26.40000,
,,,-00.000001265000, -26.40000,
,,,-00.000001264000, -25.60000,
,,,-00.000001263000, -25.60000,
,,,-00.000001262000, -25.60000,
,,,-00.000001261000, -25.60000,
,,,-00.000001260000, -25.60000,
,,,-00.000001259000, -25.60000,
,,,-00.000001258000, -25.60000,
,,,-00.000001257000, -25.60000,
,,,-00.000001256000, -24.80000,
,,,-00.000001255000, -25.60000,
,,,-00.000001254000, -24.80000,
,,,-00.000001253000, -24.80000,
,,,-00.000001252000, -24.80000,
,,,-00.000001251000, -24.80000,
,,,-00.000001250000, -24.80000,
,,,-00.000001249000, -24.80000,
,,,-00.000001248000, -24.80000,
,,,-00.000001247000, -24.80000,
,,,-00.000001246000, -24.00000,
,,,-00.000001245000, -24.00000,
,,,-00.000001244000, -24.80000,
,,,-00.000001243000, -24.80000,
,,,-00.000001242000, -24.00000,
,,,-00.000001241000, -24.00000,
,,,-00.000001240000, -24.00000,
,,,-00.000001239000, -23.20000,
,,,-00.000001238000, -23.20000,
,,,-00.000001237000, -24.00000,
,,,-00.000001236000, -23.20000,
,,,-00.000001235000, -23.20000,
,,,-00.000001234000, -24.00000,
,,,-00.000001233000, -23.20000,
,,,-00.000001232000, -23.20000,
,,,-00.000001231000, -23.20000,
,,,-00.000001230000, -23.20000,
,,,-00.000001229000, -22.40000,
,,,-00.000001228000, -22.40000,
,,,-00.000001227000, -22.40000,
,,,-00.000001226000, -22.40000,
,,,-00.000001225000, -23.20000,
,,,-00.000001224000, -22.40000,
,,,-00.000001223000, -21.60000,
,,,-00.000001222000, -21.60000,
,,,-00.000001221000, -21.60000,
,,,-00.000001220000, -21.60000,
,,,-00.000001219000, -21.60000,
,,,-00.000001218000, -20.80000,
,,,-00.000001217000, -20.80000,
,,,-00.000001216000, -20.80000,
,,,-00.000001215000, -21.60000,
,,,-00.000001214000, -20.80000,
,,,-00.000001213000, -20.80000,
,,,-00.000001212000, -20.00000,
,,,-00.000001211000, -20.00000,
,,,-00.000001210000, -20.80000,
,,,-00.000001209000, -20.00000,
,,,-00.000001208000, -20.00000,
,,,-00.000001207000, -20.00000,
,,,-00.000001206000, -20.00000,
,,,-00.000001205000, -19.20000,
,,,-00.000001204000, -18.40000,
,,,-00.000001203000, -19.20000,
,,,-00.000001202000, -20.00000,
,,,-00.000001201000, -19.20000,
,,,-00.000001200000, -19.20000,
,,,-00.000001199000, -19.20000,
,,,-00.000001198000, -17.60000,
,,,-00.000001197000, -18.40000,
,,,-00.000001196000, -18.40000,
,,,-00.000001195000, -18.40000,
,,,-00.000001194000, -17.60000,
,,,-00.000001193000, -17.60000,
,,,-00.000001192000, -17.60000,
,,,-00.000001191000, -16.80000,
,,,-00.000001190000, -16.80000,
,,,-00.000001189000, -16.80000,
,,,-00.000001188000, -16.80000,
,,,-00.000001187000, -16.00000,
,,,-00.000001186000, -16.00000,
,,,-00.000001185000, -15.20000,
,,,-00.000001184000, -15.20000,
,,,-00.000001183000, -15.20000,
,,,-00.000001182000, -15.20000,
,,,-00.000001181000, -15.20000,
,,,-00.000001180000, -15.20000,
,,,-00.000001179000, -15.20000,
,,,-00.000001178000, -14.40000,
,,,-00.000001177000, -14.40000,
,,,-00.000001176000, -14.40000,
,,,-00.000001175000, -14.40000,
,,,-00.000001174000, -14.40000,
,,,-00.000001173000, -13.60000,
,,,-00.000001172000, -13.60000,
,,,-00.000001171000, -12.80000,
,,,-00.000001170000, -13.60000,
,,,-00.000001169000, -13.60000,
,,,-00.000001168000, -12.80000,
,,,-00.000001167000, -12.80000,
,,,-00.000001166000, -12.00000,
,,,-00.000001165000, -12.00000,
,,,-00.000001164000, -12.00000,
,,,-00.000001163000, -12.00000,
,,,-00.000001162000, -12.00000,
,,,-00.000001161000, -11.20000,
,,,-00.000001160000, -11.20000,
,,,-00.000001159000, -11.20000,
,,,-00.000001158000, -11.20000,
,,,-00.000001157000, -11.20000,
,,,-00.000001156000,  -9.60000,
,,,-00.000001155000, -10.40000,
,,,-00.000001154000, -10.40000,
,,,-00.000001153000,  -9.60000,
,,,-00.000001152000,  -8.80000,
,,,-00.000001151000,  -9.60000,
,,,-00.000001150000,  -8.80000,
,,,-00.000001149000,  -8.80000,
,,,-00.000001148000,  -9.60000,
,,,-00.000001147000,  -8.80000,
,,,-00.000001146000,  -8.80000,
,,,-00.000001145000,  -8.80000,
,,,-00.000001144000,  -8.00000,
,,,-00.000001143000,  -7.20000,
,,,-00.000001142000,  -7.20000,
,,,-00.000001141000,  -7.20000,
,,,-00.000001140000,  -7.20000,
,,,-00.000001139000,  -7.20000,
,,,-00.000001138000,  -7.20000,
,,,-00.000001137000,  -6.40000,
,,,-00.000001136000,  -6.40000,
,,,-00.000001135000,  -6.40000,
,,,-00.000001134000,  -6.40000,
,,,-00.000001133000,  -6.40000,
,,,-00.000001132000,  -6.40000,
,,,-00.000001131000,  -4.80000,
,,,-00.000001130000,  -5.60000,
,,,-00.000001129000,  -4.80000,
,,,-00.000001128000,  -5.60000,
,,,-00.000001127000,  -4.80000,
,,,-00.000001126000,  -4.80000,
,,,-00.000001125000,  -4.80000,
,,,-00.000001124000,  -4.80000,
,,,-00.000001123000,  -4.00000,
,,,-00.000001122000,  -4.00000,
,,,-00.000001121000,  -4.00000,
,,,-00.000001120000,  -3.20000,
,,,-00.000001119000,  -4.00000,
,,,-00.000001118000,  -3.20000,
,,,-00.000001117000,  -3.20000,
,,,-00.000001116000,  -2.40000,
,,,-00.000001115000,  -3.20000,
,,,-00.000001114000,  -3.20000,
,,,-00.000001113000,  -2.40000,
,,,-00.000001112000,  -2.40000,
,,,-00.000001111000,  -2.40000,
,,,-00.000001110000,  -1.60000,
,,,-00.000001109000,  -2.40000,
,,,-00.000001108000,  -1.60000,
,,,-00.000001107000,  -1.60000,
,,,-00.000001106000,  -1.60000,
,,,-00.000001105000,  -2.40000,
,,,-00.000001104000,  -2.40000,
,,,-00.000001103000,  -0.80000,
,,,-00.000001102000,  -1.60000,
,,,-00.000001101000,  -1.60000,
,,,-00.000001100000,  -0.80000,
,,,-00.000001099000,   0.00000,
,,,-00.000001098000,   0.00000,
,,,-00.000001097000,  -0.80000,
,,,-00.000001096000,  -0.80000,
,,,-00.000001095000,  -0.80000,
,,,-00.000001094000,   0.00000,
,,,-00.000001093000,  -0.80000,
,,,-00.000001092000,   0.00000,
,,,-00.000001091000,   0.00000,
,,,-00.000001090000,   0.80000,
,,,-00.000001089000,   0.80000,
,,,-00.000001088000,   0.80000,
,,,-00.000001087000,   0.80000,
,,,-00.000001086000,   0.00000,
,,,-00.000001085000,   0.80000,
,,,-00.000001084000,   0.00000,
,,,-00.000001083000,   0.80000,
,,,-00.000001082000,   0.80000,
,,,-00.000001081000,   0.80000,
,,,-00.000001080000,   0.80000,
,,,-00.000001079000,   0.80000,
,,,-00.000001078000,   0.00000,
,,,-00.000001077000,   0.80000,
,,,-00.000001076000,   0.80000,
,,,-00.000001075000,   0.80000,
,,,-00.000001074000,   1.60000,
,,,-00.000001073000,   1.60000,
,,,-00.000001072000,   0.80000,
,,,-00.000001071000,   1.60000,
,,,-00.000001070000,   1.60000,
,,,-00.000001069000,   0.80000,
,,,-00.000001068000,   0.80000,
,,,-00.000001067000,   1.60000,
,,,-00.000001066000,   1.60000,
,,,-00.000001065000,   1.60000,
,,,-00.000001064000,   2.40000,
,,,-00.000001063000,   2.40000,
,,,-00.000001062000,   2.40000,
,,,-00.000001061000,   1.60000,
,,,-00.000001060000,   1.60000,
,,,-00.000001059000,   1.60000,
,,,-00.000001058000,   1.60000,
,,,-00.000001057000,   0.80000,
,,,-00.000001056000,   2.40000,
,,,-00.000001055000,   1.60000,
,,,-00.000001054000,   1.60000,
,,,-00.000001053000,   1.60000,
,,,-00.000001052000,   1.60000,
,,,-00.000001051000,   2.40000,
,,,-00.000001050000,   1.60000,
,,,-00.000001049000,   2.40000,
,,,-00.000001048000,   1.60000,
,,,-00.000001047000,   2.40000,
,,,-00.000001046000,   1.60000,
,,,-00.000001045000,   2.40000,
,,,-00.000001044000,   1.60000,
,,,-00.000001043000,   1.60000,
,,,-00.000001042000,   1.60000,
,,,-00.000001041000,   1.60000,
,,,-00.000001040000,   1.60000,
,,,-00.000001039000,   1.60000,
,,,-00.000001038000,   1.60000,
,,,-00.000001037000,   2.40000,
,,,-00.000001036000,   2.40000,
,,,-00.000001035000,   1.60000,
,,,-00.000001034000,   1.60000,
,,,-00.000001033000,   0.80000,
,,,-00.000001032000,   1.60000,
,,,-00.000001031000,   1.60000,
,,,-00.000001030000,   1.60000,
,,,-00.000001029000,   1.60000,
,,,-00.000001028000,   1.60000,
,,,-00.000001027000,   1.60000,
,,,-00.000001026000,   1.60000,
,,,-00.000001025000,   1.60000,
,,,-00.000001024000,   0.80000,
,,,-00.000001023000,   1.60000,
,,,-00.000001022000,   1.60000,
,,,-00.000001021000,   1.60000,
,,,-00.000001020000,   1.60000,
,,,-00.000001019000,   1.60000,
,,,-00.000001018000,   1.60000,
,,,-00.000001017000,   1.60000,
,,,-00.000001016000,   1.60000,
,,,-00.000001015000,   0.80000,
,,,-00.000001014000,   1.60000,
,,,-00.000001013000,   0.80000,
,,,-00.000001012000,   0.80000,
,,,-00.000001011000,   1.60000,
,,,-00.000001010000,   1.60000,
,,,-00.000001009000,   1.60000,
,,,-00.000001008000,   1.60000,
,,,-00.000001007000,   1.60000,
,,,-00.000001006000,   1.60000,
,,,-00.000001005000,   1.60000,
,,,-00.000001004000,   1.60000,
,,,-00.000001003000,   0.80000,
,,,-00.000001002000,   1.60000,
,,,-00.000001001000,   1.60000,
,,,-00.000001000000,   1.60000,
,,,-00.000000999000,   1.60000,
,,,-00.000000998000,   1.60000,
,,,-00.000000997000,   1.60000,
,,,-00.000000996000,   1.60000,
,,,-00.000000995000,   1.60000,
,,,-00.000000994000,   0.80000,
,,,-00.000000993000,   0.80000,
,,,-00.000000992000,   1.60000,
,,,-00.000000991000,   0.80000,
,,,-00.000000990000,   1.60000,
,,,-00.000000989000,   0.80000,
,,,-00.000000988000,   1.60000,
,,,-00.000000987000,   1.60000,
,,,-00.000000986000,   0.80000,
,,,-00.000000985000,   1.60000,
,,,-00.000000984000,   1.60000,
,,,-00.000000983000,   1.60000,
,,,-00.000000982000,   1.60000,
,,,-00.000000981000,   1.60000,
,,,-00.000000980000,   1.60000,
,,,-00.000000979000,   0.80000,
,,,-00.000000978000,   1.60000,
,,,-00.000000977000,   1.60000,
,,,-00.000000976000,   1.60000,
,,,-00.000000975000,   1.60000,
,,,-00.000000974000,   1.60000,
,,,-00.000000973000,   1.60000,
,,,-00.000000972000,   0.80000,
,,,-00.000000971000,   0.80000,
,,,-00.000000970000,   0.80000,
,,,-00.000000969000,   1.60000,
,,,-00.000000968000,   1.60000,
,,,-00.000000967000,   1.60000,
,,,-00.000000966000,   0.80000,
,,,-00.000000965000,   0.80000,
,,,-00.000000964000,   1.60000,
,,,-00.000000963000,   1.60000,
,,,-00.000000962000,   0.80000,
,,,-00.000000961000,   0.80000,
,,,-00.000000960000,   1.60000,
,,,-00.000000959000,   0.80000,
,,,-00.000000958000,   0.80000,
,,,-00.000000957000,   0.80000,
,,,-00.000000956000,   0.80000,
,,,-00.000000955000,   1.60000,
,,,-00.000000954000,   0.80000,
,,,-00.000000953000,   0.00000,
,,,-00.000000952000,   1.60000,
,,,-00.000000951000,   0.80000,
,,,-00.000000950000,   0.80000,
,,,-00.000000949000,   0.80000,
,,,-00.000000948000,   2.40000,
,,,-00.000000947000,   0.00000,
,,,-00.000000946000,   1.60000,
,,,-00.000000945000,   0.80000,
,,,-00.000000944000,   1.60000,
,,,-00.000000943000,   1.60000,
,,,-00.000000942000,   1.60000,
,,,-00.000000941000,   1.60000,
,,,-00.000000940000,   1.60000,
,,,-00.000000939000,   0.80000,
,,,-00.000000938000,   1.60000,
,,,-00.000000937000,   0.80000,
,,,-00.000000936000,   0.80000,
,,,-00.000000935000,   0.80000,
,,,-00.000000934000,   0.80000,
,,,-00.000000933000,   1.60000,
,,,-00.000000932000,   0.80000,
,,,-00.000000931000,   0.80000,
,,,-00.000000930000,   0.80000,
,,,-00.000000929000,   0.80000,
,,,-00.000000928000,   0.80000,
,,,-00.000000927000,   0.00000,
,,,-00.000000926000,   1.60000,
,,,-00.000000925000,   0.00000,
,,,-00.000000924000,   0.00000,
,,,-00.000000923000,   1.60000,
,,,-00.000000922000,   0.80000,
,,,-00.000000921000,   0.80000,
,,,-00.000000920000,   0.80000,
,,,-00.000000919000,   0.80000,
,,,-00.000000918000,   0.80000,
,,,-00.000000917000,   0.80000,
,,,-00.000000916000,   0.00000,
,,,-00.000000915000,   0.00000,
,,,-00.000000914000,   0.00000,
,,,-00.000000913000,   0.00000,
,,,-00.000000912000,   0.80000,
,,,-00.000000911000,   0.80000,
,,,-00.000000910000,   0.80000,
,,,-00.000000909000,   0.80000,
,,,-00.000000908000,   0.80000,
,,,-00.000000907000,   0.80000,
,,,-00.000000906000,   0.00000,
,,,-00.000000905000,   0.80000,
,,,-00.000000904000,   0.80000,
,,,-00.000000903000,   0.80000,
,,,-00.000000902000,   0.80000,
,,,-00.000000901000,   0.80000,
,,,-00.000000900000,   0.80000,
,,,-00.000000899000,   0.80000,
,,,-00.000000898000,   0.00000,
,,,-00.000000897000,   0.80000,
,,,-00.000000896000,   0.00000,
,,,-00.000000895000,  -0.80000,
,,,-00.000000894000,   0.00000,
,,,-00.000000893000,   0.80000,
,,,-00.000000892000,   0.80000,
,,,-00.000000891000,   0.00000,
,,,-00.000000890000,   0.80000,
,,,-00.000000889000,   0.80000,
,,,-00.000000888000,   0.80000,
,,,-00.000000887000,   0.80000,
,,,-00.000000886000,   0.00000,
,,,-00.000000885000,   0.00000,
,,,-00.000000884000,   0.80000,
,,,-00.000000883000,   0.00000,
,,,-00.000000882000,   0.00000,
,,,-00.000000881000,   0.80000,
,,,-00.000000880000,   0.00000,
,,,-00.000000879000,   0.80000,
,,,-00.000000878000,   0.80000,
,,,-00.000000877000,   0.00000,
,,,-00.000000876000,   0.00000,
,,,-00.000000875000,   0.00000,
,,,-00.000000874000,   0.80000,
,,,-00.000000873000,   0.00000,
,,,-00.000000872000,   0.80000,
,,,-00.000000871000,   0.00000,
,,,-00.000000870000,   0.00000,
,,,-00.000000869000,   0.00000,
,,,-00.000000868000,   0.00000,
,,,-00.000000867000,   0.00000,
,,,-00.000000866000,   0.00000,
,,,-00.000000865000,   0.80000,
,,,-00.000000864000,   0.80000,
,,,-00.000000863000,   0.00000,
,,,-00.000000862000,   0.00000,
,,,-00.000000861000,   0.80000,
,,,-00.000000860000,   0.00000,
,,,-00.000000859000,   0.00000,
,,,-00.000000858000,   0.00000,
,,,-00.000000857000,   0.00000,
,,,-00.000000856000,   0.00000,
,,,-00.000000855000,   0.80000,
,,,-00.000000854000,   0.00000,
,,,-00.000000853000,   0.00000,
,,,-00.000000852000,   0.00000,
,,,-00.000000851000,   0.00000,
,,,-00.000000850000,   0.80000,
,,,-00.000000849000,   0.00000,
,,,-00.000000848000,  -0.80000,
,,,-00.000000847000,   0.00000,
,,,-00.000000846000,   0.00000,
,,,-00.000000845000,   0.00000,
,,,-00.000000844000,   0.00000,
,,,-00.000000843000,  -0.80000,
,,,-00.000000842000,   0.00000,
,,,-00.000000841000,   0.00000,
,,,-00.000000840000,   0.00000,
,,,-00.000000839000,   0.80000,
,,,-00.000000838000,   0.00000,
,,,-00.000000837000,   0.80000,
,,,-00.000000836000,  -0.80000,
,,,-00.000000835000,  -0.80000,
,,,-00.000000834000,   0.00000,
,,,-00.000000833000,   0.00000,
,,,-00.000000832000,   0.00000,
,,,-00.000000831000,   0.00000,
,,,-00.000000830000,   0.00000,
,,,-00.000000829000,   0.00000,
,,,-00.000000828000,  -0.80000,
,,,-00.000000827000,   0.00000,
,,,-00.000000826000,   0.00000,
,,,-00.000000825000,  -0.80000,
,,,-00.000000824000,   0.00000,
,,,-00.000000823000,   0.00000,
,,,-00.000000822000,   0.00000,
,,,-00.000000821000,  -0.80000,
,,,-00.000000820000,   0.00000,
,,,-00.000000819000,   0.00000,
,,,-00.000000818000,   0.00000,
,,,-00.000000817000,  -1.60000,
,,,-00.000000816000,   0.00000,
,,,-00.000000815000,  -0.80000,
,,,-00.000000814000,  -0.80000,
,,,-00.000000813000,   0.00000,
,,,-00.000000812000,  -0.80000,
,,,-00.000000811000,   0.00000,
,,,-00.000000810000,   0.00000,
,,,-00.000000809000,   0.00000,
,,,-00.000000808000,   0.00000,
,,,-00.000000807000,  -0.80000,
,,,-00.000000806000,   0.00000,
,,,-00.000000805000,   0.00000,
,,,-00.000000804000,   0.00000,
,,,-00.000000803000,   0.00000,
,,,-00.000000802000,   0.00000,
,,,-00.000000801000,   0.00000,
,,,-00.000000800000,   0.00000,
,,,-00.000000799000,  -0.80000,
,,,-00.000000798000,  -0.80000,
,,,-00.000000797000,  -0.80000,
,,,-00.000000796000,  -0.80000,
,,,-00.000000795000,   0.00000,
,,,-00.000000794000,  -0.80000,
,,,-00.000000793000,   0.00000,
,,,-00.000000792000,  -0.80000,
,,,-00.000000791000,   0.00000,
,,,-00.000000790000,   0.00000,
,,,-00.000000789000,  -0.80000,
,,,-00.000000788000,  -0.80000,
,,,-00.000000787000,   0.00000,
,,,-00.000000786000,  -1.60000,
,,,-00.000000785000,   0.00000,
,,,-00.000000784000,   0.00000,
,,,-00.000000783000,  -0.80000,
,,,-00.000000782000,   0.00000,
,,,-00.000000781000,   0.00000,
,,,-00.000000780000,  -0.80000,
,,,-00.000000779000,  -0.80000,
,,,-00.000000778000,  -0.80000,
,,,-00.000000777000,   0.00000,
,,,-00.000000776000,  -0.80000,
,,,-00.000000775000,  -0.80000,
,,,-00.000000774000,   0.00000,
,,,-00.000000773000,  -0.80000,
,,,-00.000000772000,  -0.80000,
,,,-00.000000771000,  -0.80000,
,,,-00.000000770000,  -0.80000,
,,,-00.000000769000,  -0.80000,
,,,-00.000000768000,   0.00000,
,,,-00.000000767000,  -0.80000,
,,,-00.000000766000,  -0.80000,
,,,-00.000000765000,  -0.80000,
,,,-00.000000764000,   0.00000,
,,,-00.000000763000,  -0.80000,
,,,-00.000000762000,   0.00000,
,,,-00.000000761000,  -0.80000,
,,,-00.000000760000,   0.00000,
,,,-00.000000759000,  -0.80000,
,,,-00.000000758000,  -0.80000,
,,,-00.000000757000,  -0.80000,
,,,-00.000000756000,  -0.80000,
,,,-00.000000755000,  -0.80000,
,,,-00.000000754000,   0.00000,
,,,-00.000000753000,  -0.80000,
,,,-00.000000752000,   0.00000,
,,,-00.000000751000,   0.00000,
,,,-00.000000750000,  -0.80000,
,,,-00.000000749000,  -0.80000,
,,,-00.000000748000,  -0.80000,
,,,-00.000000747000,   0.00000,
,,,-00.000000746000,  -0.80000,
,,,-00.000000745000,   0.00000,
,,,-00.000000744000,  -0.80000,
,,,-00.000000743000,  -0.80000,
,,,-00.000000742000,  -0.80000,
,,,-00.000000741000,  -0.80000,
,,,-00.000000740000,  -0.80000,
,,,-00.000000739000,  -0.80000,
,,,-00.000000738000,  -1.60000,
,,,-00.000000737000,  -0.80000,
,,,-00.000000736000,  -0.80000,
,,,-00.000000735000,  -0.80000,
,,,-00.000000734000,  -0.80000,
,,,-00.000000733000,  -0.80000,
,,,-00.000000732000,  -0.80000,
,,,-00.000000731000,  -0.80000,
,,,-00.000000730000,  -0.80000,
,,,-00.000000729000,  -0.80000,
,,,-00.000000728000,   0.00000,
,,,-00.000000727000,  -0.80000,
,,,-00.000000726000,  -0.80000,
,,,-00.000000725000,   0.00000,
,,,-00.000000724000,  -0.80000,
,,,-00.000000723000,   0.00000,
,,,-00.000000722000,  -0.80000,
,,,-00.000000721000,   0.00000,
,,,-00.000000720000,   0.00000,
,,,-00.000000719000,  -0.80000,
,,,-00.000000718000,  -0.80000,
,,,-00.000000717000,  -0.80000,
,,,-00.000000716000,  -1.60000,
,,,-00.000000715000,  -1.60000,
,,,-00.000000714000,  -0.80000,
,,,-00.000000713000,   0.00000,
,,,-00.000000712000,  -0.80000,
,,,-00.000000711000,  -0.80000,
,,,-00.000000710000,   0.00000,
,,,-00.000000709000,   0.00000,
,,,-00.000000708000,   0.00000,
,,,-00.000000707000,  -0.80000,
,,,-00.000000706000,  -0.80000,
,,,-00.000000705000,  -0.80000,
,,,-00.000000704000,   0.00000,
,,,-00.000000703000,   0.00000,
,,,-00.000000702000,   0.00000,
,,,-00.000000701000,   0.00000,
,,,-00.000000700000,   0.00000,
,,,-00.000000699000,   0.00000,
,,,-00.000000698000,  -0.80000,
,,,-00.000000697000,  -0.80000,
,,,-00.000000696000,  -0.80000,
,,,-00.000000695000,  -0.80000,
,,,-00.000000694000,  -0.80000,
,,,-00.000000693000,  -0.80000,
,,,-00.000000692000,  -0.80000,
,,,-00.000000691000,   0.00000,
,,,-00.000000690000,   0.00000,
,,,-00.000000689000,  -0.80000,
,,,-00.000000688000,  -0.80000,
,,,-00.000000687000,  -0.80000,
,,,-00.000000686000,   0.00000,
,,,-00.000000685000,   0.00000,
,,,-00.000000684000,  -0.80000,
,,,-00.000000683000,  -0.80000,
,,,-00.000000682000,  -0.80000,
,,,-00.000000681000,  -0.80000,
,,,-00.000000680000,  -0.80000,
,,,-00.000000679000,   0.00000,
,,,-00.000000678000,  -0.80000,
,,,-00.000000677000,  -0.80000,
,,,-00.000000676000,   0.00000,
,,,-00.000000675000,  -0.80000,
,,,-00.000000674000,  -1.60000,
,,,-00.000000673000,  -0.80000,
,,,-00.000000672000,  -0.80000,
,,,-00.000000671000,  -0.80000,
,,,-00.000000670000,   0.00000,
,,,-00.000000669000,  -0.80000,
,,,-00.000000668000,  -1.60000,
,,,-00.000000667000,   0.00000,
,,,-00.000000666000,   0.00000,
,,,-00.000000665000,  -0.80000,
,,,-00.000000664000,  -0.80000,
,,,-00.000000663000,  -0.80000,
,,,-00.000000662000,   0.00000,
,,,-00.000000661000,  -0.80000,
,,,-00.000000660000,   0.00000,
,,,-00.000000659000,   0.00000,
,,,-00.000000658000,   0.00000,
,,,-00.000000657000,  -0.80000,
,,,-00.000000656000,   0.00000,
,,,-00.000000655000,   0.00000,
,,,-00.000000654000,  -0.80000,
,,,-00.000000653000,  -0.80000,
,,,-00.000000652000,  -0.80000,
,,,-00.000000651000,  -0.80000,
,,,-00.000000650000,  -0.80000,
,,,-00.000000649000,  -0.80000,
,,,-00.000000648000,  -0.80000,
,,,-00.000000647000,  -0.80000,
,,,-00.000000646000,  -0.80000,
,,,-00.000000645000,  -0.80000,
,,,-00.000000644000,  -0.80000,
,,,-00.000000643000,   0.00000,
,,,-00.000000642000,  -0.80000,
,,,-00.000000641000,   0.00000,
,,,-00.000000640000,   0.00000,
,,,-00.000000639000,  -0.80000,
,,,-00.000000638000,   0.00000,
,,,-00.000000637000,   0.00000,
,,,-00.000000636000,   0.80000,
,,,-00.000000635000,   0.80000,
,,,-00.000000634000,   0.80000,
,,,-00.000000633000,   0.00000,
,,,-00.000000632000,   0.80000,
,,,-00.000000631000,   0.80000,
,,,-00.000000630000,   1.60000,
,,,-00.000000629000,   2.40000,
,,,-00.000000628000,   1.60000,
,,,-00.000000627000,   2.40000,
,,,-00.000000626000,   1.60000,
,,,-00.000000625000,   3.20000,
,,,-00.000000624000,   3.20000,
,,,-00.000000623000,   2.40000,
,,,-00.000000622000,   4.00000,
,,,-00.000000621000,   4.00000,
,,,-00.000000620000,   4.00000,
,,,-00.000000619000,   4.00000,
,,,-00.000000618000,   4.00000,
,,,-00.000000617000,   4.00000,
,,,-00.000000616000,   4.80000,
,,,-00.000000615000,   4.80000,
,,,-00.000000614000,   4.00000,
,,,-00.000000613000,   4.80000,
,,,-00.000000612000,   4.80000,
,,,-00.000000611000,   4.80000,
,,,-00.000000610000,   4.80000,
,,,-00.000000609000,   4.80000,
,,,-00.000000608000,   5.60000,
,,,-00.000000607000,   5.60000,
,,,-00.000000606000,   4.80000,
,,,-00.000000605000,   5.60000,
,,,-00.000000604000,   6.40000,
,,,-00.000000603000,   5.60000,
,,,-00.000000602000,   6.40000,
,,,-00.000000601000,   6.40000,
,,,-00.000000600000,   6.40000,
,,,-00.000000599000,   5.60000,
,,,-00.000000598000,   6.40000,
,,,-00.000000597000,   6.40000,
,,,-00.000000596000,   6.40000,
,,,-00.000000595000,   6.40000,
,,,-00.000000594000,   6.40000,
,,,-00.000000593000,   6.40000,
,,,-00.000000592000,   6.40000,
,,,-00.000000591000,   7.20000,
,,,-00.000000590000,   6.40000,
,,,-00.000000589000,   7.20000,
,,,-00.000000588000,   7.20000,
,,,-00.000000587000,   8.00000,
,,,-00.000000586000,   8.00000,
,,,-00.000000585000,   8.00000,
,,,-00.000000584000,   8.00000,
,,,-00.000000583000,   8.00000,
,,,-00.000000582000,   8.00000,
,,,-00.000000581000,   8.80000,
,,,-00.000000580000,   8.80000,
,,,-00.000000579000,   8.80000,
,,,-00.000000578000,   8.80000,
,,,-00.000000577000,   9.60000,
,,,-00.000000576000,   9.60000,
,,,-00.000000575000,   9.60000,
,,,-00.000000574000,   9.60000,
,,,-00.000000573000,  10.40000,
,,,-00.000000572000,  10.40000,
,,,-00.000000571000,  10.40000,
,,,-00.000000570000,  10.40000,
,,,-00.000000569000,  10.40000,
,,,-00.000000568000,  12.00000,
,,,-00.000000567000,  11.20000,
,,,-00.000000566000,  11.20000,
,,,-00.000000565000,  12.00000,
,,,-00.000000564000,  12.00000,
,,,-00.000000563000,  11.20000,
,,,-00.000000562000,  11.20000,
,,,-00.000000561000,  12.00000,
,,,-00.000000560000,  12.00000,
,,,-00.000000559000,  12.00000,
,,,-00.000000558000,  12.80000,
,,,-00.000000557000,  12.80000,
,,,-00.000000556000,  12.80000,
,,,-00.000000555000,  12.80000,
,,,-00.000000554000,  13.60000,
,,,-00.000000553000,  13.60000,
,,,-00.000000552000,  13.60000,
,,,-00.000000551000,  14.40000,
,,,-00.000000550000,  13.60000,
,,,-00.000000549000,  14.40000,
,,,-00.000000548000,  14.40000,
,,,-00.000000547000,  14.40000,
,,,-00.000000546000,  14.40000,
,,,-00.000000545000,  15.20000,
,,,-00.000000544000,  14.40000,
,,,-00.000000543000,  16.00000,
,,,-00.000000542000,  15.20000,
,,,-00.000000541000,  15.20000,
,,,-00.000000540000,  16.00000,
,,,-00.000000539000,  16.00000,
,,,-00.000000538000,  16.00000,
,,,-00.000000537000,  16.80000,
,,,-00.000000536000,  16.80000,
,,,-00.000000535000,  16.80000,
,,,-00.000000534000,  16.80000,
,,,-00.000000533000,  17.60000,
,,,-00.000000532000,  16.80000,
,,,-00.000000531000,  17.60000,
,,,-00.000000530000,  18.40000,
,,,-00.000000529000,  18.40000,
,,,-00.000000528000,  18.40000,
,,,-00.000000527000,  19.20000,
,,,-00.000000526000,  18.40000,
,,,-00.000000525000,  19.20000,
,,,-00.000000524000,  19.20000,
,,,-00.000000523000,  20.00000,
,,,-00.000000522000,  20.00000,
,,,-00.000000521000,  20.00000,
,,,-00.000000520000,  20.00000,
,,,-00.000000519000,  20.80000,
,,,-00.000000518000,  20.80000,
,,,-00.000000517000,  20.00000,
,,,-00.000000516000,  21.60000,
,,,-00.000000515000,  21.60000,
,,,-00.000000514000,  22.40000,
,,,-00.000000513000,  22.40000,
,,,-00.000000512000,  22.40000,
,,,-00.000000511000,  21.60000,
,,,-00.000000510000,  23.20000,
,,,-00.000000509000,  23.20000,
,,,-00.000000508000,  23.20000,
,,,-00.000000507000,  23.20000,
,,,-00.000000506000,  23.20000,
,,,-00.000000505000,  23.20000,
,,,-00.000000504000,  23.20000,
,,,-00.000000503000,  24.00000,
,,,-00.000000502000,  24.00000,
,,,-00.000000501000,  24.80000,
,,,-00.000000500000,  24.80000,
,,,-00.000000499000,  24.80000,
,,,-00.000000498000,  25.60000,
,,,-00.000000497000,  25.60000,
,,,-00.000000496000,  25.60000,
,,,-00.000000495000,  25.60000,
,,,-00.000000494000,  26.40000,
,,,-00.000000493000,  26.40000,
,,,-00.000000492000,  25.60000,
,,,-00.000000491000,  26.40000,
,,,-00.000000490000,  27.20000,
,,,-00.000000489000,  27.20000,
,,,-00.000000488000,  27.20000,
,,,-00.000000487000,  27.20000,
,,,-00.000000486000,  27.20000,
,,,-00.000000485000,  27.20000,
,,,-00.000000484000,  28.00000,
,,,-00.000000483000,  28.80000,
,,,-00.000000482000,  28.80000,
,,,-00.000000481000,  28.80000,
,,,-00.000000480000,  29.60000,
,,,-00.000000479000,  28.80000,
,,,-00.000000478000,  28.80000,
,,,-00.000000477000,  29.60000,
,,,-00.000000476000,  29.60000,
,,,-00.000000475000,  30.40000,
,,,-00.000000474000,  30.40000,
,,,-00.000000473000,  29.60000,
,,,-00.000000472000,  30.40000,
,,,-00.000000471000,  30.40000,
,,,-00.000000470000,  30.40000,
,,,-00.000000469000,  31.20000,
,,,-00.000000468000,  31.20000,
,,,-00.000000467000,  31.20000,
,,,-00.000000466000,  30.40000,
,,,-00.000000465000,  31.20000,
,,,-00.000000464000,  32.00000,
,,,-00.000000463000,  32.80000,
,,,-00.000000462000,  32.80000,
,,,-00.000000461000,  32.00000,
,,,-00.000000460000,  32.00000,
,,,-00.000000459000,  32.80000,
,,,-00.000000458000,  32.80000,
,,,-00.000000457000,  33.60000,
,,,-00.000000456000,  33.60000,
,,,-00.000000455000,  32.80000,
,,,-00.000000454000,  33.60000,
,,,-00.000000453000,  32.80000,
,,,-00.000000452000,  33.60000,
,,,-00.000000451000,  34.40000,
,,,-00.000000450000,  34.40000,
,,,-00.000000449000,  35.20000,
,,,-00.000000448000,  35.20000,
,,,-00.000000447000,  34.40000,
,,,-00.000000446000,  34.40000,
,,,-00.000000445000,  35.20000,
,,,-00.000000444000,  35.20000,
,,,-00.000000443000,  35.20000,
,,,-00.000000442000,  35.20000,
,,,-00.000000441000,  34.40000,
,,,-00.000000440000,  35.20000,
,,,-00.000000439000,  35.20000,
,,,-00.000000438000,  36.00000,
,,,-00.000000437000,  35.20000,
,,,-00.000000436000,  36.00000,
,,,-00.000000435000,  36.80000,
,,,-00.000000434000,  36.00000,
,,,-00.000000433000,  36.80000,
,,,-00.000000432000,  36.80000,
,,,-00.000000431000,  36.80000,
,,,-00.000000430000,  36.80000,
,,,-00.000000429000,  36.00000,
,,,-00.000000428000,  36.80000,
,,,-00.000000427000,  36.80000,
,,,-00.000000426000,  37.60000,
,,,-00.000000425000,  36.80000,
,,,-00.000000424000,  37.60000,
,,,-00.000000423000,  37.60000,
,,,-00.000000422000,  36.80000,
,,,-00.000000421000,  36.80000,
,,,-00.000000420000,  36.80000,
,,,-00.000000419000,  36.80000,
,,,-00.000000418000,  36.00000,
,,,-00.000000417000,  37.60000,
,,,-00.000000416000,  37.60000,
,,,-00.000000415000,  36.80000,
,,,-00.000000414000,  38.40000,
,,,-00.000000413000,  37.60000,
,,,-00.000000412000,  37.60000,
,,,-00.000000411000,  37.60000,
,,,-00.000000410000,  37.60000,
,,,-00.000000409000,  37.60000,
,,,-00.000000408000,  38.40000,
,,,-00.000000407000,  37.60000,
,,,-00.000000406000,  37.60000,
,,,-00.000000405000,  38.40000,
,,,-00.000000404000,  37.60000,
,,,-00.000000403000,  37.60000,
,,,-00.000000402000,  38.40000,
,,,-00.000000401000,  38.40000,
,,,-00.000000400000,  36.80000,
,,,-00.000000399000,  38.40000,
,,,-00.000000398000,  38.40000,
,,,-00.000000397000,  37.60000,
,,,-00.000000396000,  37.60000,
,,,-00.000000395000,  38.40000,
,,,-00.000000394000,  37.60000,
,,,-00.000000393000,  37.60000,
,,,-00.000000392000,  37.60000,
,,,-00.000000391000,  37.60000,
,,,-00.000000390000,  37.60000,
,,,-00.000000389000,  37.60000,
,,,-00.000000388000,  37.60000,
,,,-00.000000387000,  37.60000,
,,,-00.000000386000,  37.60000,
,,,-00.000000385000,  37.60000,
,,,-00.000000384000,  37.60000,
,,,-00.000000383000,  37.60000,
,,,-00.000000382000,  36.80000,
,,,-00.000000381000,  36.80000,
,,,-00.000000380000,  37.60000,
,,,-00.000000379000,  38.40000,
,,,-00.000000378000,  37.60000,
,,,-00.000000377000,  36.80000,
,,,-00.000000376000,  37.60000,
,,,-00.000000375000,  36.80000,
,,,-00.000000374000,  37.60000,
,,,-00.000000373000,  37.60000,
,,,-00.000000372000,  37.60000,
,,,-00.000000371000,  36.80000,
,,,-00.000000370000,  37.60000,
,,,-00.000000369000,  36.80000,
,,,-00.000000368000,  36.00000,
,,,-00.000000367000,  36.00000,
,,,-00.000000366000,  36.00000,
,,,-00.000000365000,  36.00000,
,,,-00.000000364000,  36.80000,
,,,-00.000000363000,  36.00000,
,,,-00.000000362000,  36.80000,
,,,-00.000000361000,  36.00000,
,,,-00.000000360000,  36.00000,
,,,-00.000000359000,  36.00000,
,,,-00.000000358000,  36.00000,
,,,-00.000000357000,  36.00000,
,,,-00.000000356000,  35.20000,
,,,-00.000000355000,  36.00000,
,,,-00.000000354000,  35.20000,
,,,-00.000000353000,  36.00000,
,,,-00.000000352000,  36.00000,
,,,-00.000000351000,  36.00000,
,,,-00.000000350000,  36.00000,
,,,-00.000000349000,  36.00000,
,,,-00.000000348000,  35.20000,
,,,-00.000000347000,  35.20000,
,,,-00.000000346000,  35.20000,
,,,-00.000000345000,  35.20000,
,,,-00.000000344000,  34.40000,
,,,-00.000000343000,  34.40000,
,,,-00.000000342000,  33.60000,
,,,-00.000000341000,  34.40000,
,,,-00.000000340000,  33.60000,
,,,-00.000000339000,  34.40000,
,,,-00.000000338000,  34.40000,
,,,-00.000000337000,  33.60000,
,,,-00.000000336000,  33.60000,
,,,-00.000000335000,  33.60000,
,,,-00.000000334000,  33.60000,
,,,-00.000000333000,  33.60000,
,,,-00.000000332000,  34.40000,
,,,-00.000000331000,  33.60000,
,,,-00.000000330000,  32.80000,
,,,-00.000000329000,  32.80000,
,,,-00.000000328000,  33.60000,
,,,-00.000000327000,  32.00000,
,,,-00.000000326000,  32.80000,
,,,-00.000000325000,  33.60000,
,,,-00.000000324000,  32.80000,
,,,-00.000000323000,  32.80000,
,,,-00.000000322000,  33.60000,
,,,-00.000000321000,  33.60000,
,,,-00.000000320000,  32.80000,
,,,-00.000000319000,  32.00000,
,,,-00.000000318000,  32.00000,
,,,-00.000000317000,  32.00000,
,,,-00.000000316000,  32.00000,
,,,-00.000000315000,  32.00000,
,,,-00.000000314000,  32.80000,
,,,-00.000000313000,  32.80000,
,,,-00.000000312000,  32.00000,
,,,-00.000000311000,  32.00000,
,,,-00.000000310000,  32.00000,
,,,-00.000000309000,  32.00000,
,,,-00.000000308000,  32.00000,
,,,-00.000000307000,  32.00000,
,,,-00.000000306000,  32.00000,
,,,-00.000000305000,  32.00000,
,,,-00.000000304000,  31.20000,
,,,-00.000000303000,  31.20000,
,,,-00.000000302000,  31.20000,
,,,-00.000000301000,  30.40000,
,,,-00.000000300000,  32.00000,
,,,-00.000000299000,  31.20000,
,,,-00.000000298000,  30.40000,
,,,-00.000000297000,  30.40000,
,,,-00.000000296000,  31.20000,
,,,-00.000000295000,  30.40000,
,,,-00.000000294000,  30.40000,
,,,-00.000000293000,  30.40000,
,,,-00.000000292000,  30.40000,
,,,-00.000000291000,  30.40000,
,,,-00.000000290000,  30.40000,
,,,-00.000000289000,  29.60000,
,,,-00.000000288000,  30.40000,
,,,-00.000000287000,  31.20000,
,,,-00.000000286000,  30.40000,
,,,-00.000000285000,  30.40000,
,,,-00.000000284000,  30.40000,
,,,-00.000000283000,  30.40000,
,,,-00.000000282000,  30.40000,
,,,-00.000000281000,  30.40000,
,,,-00.000000280000,  29.60000,
,,,-00.000000279000,  29.60000,
,,,-00.000000278000,  29.60000,
,,,-00.000000277000,  29.60000,
,,,-00.000000276000,  29.60000,
,,,-00.000000275000,  30.40000,
,,,-00.000000274000,  29.60000,
,,,-00.000000273000,  29.60000,
,,,-00.000000272000,  29.60000,
,,,-00.000000271000,  30.40000,
,,,-00.000000270000,  30.40000,
,,,-00.000000269000,  29.60000,
,,,-00.000000268000,  28.80000,
,,,-00.000000267000,  29.60000,
,,,-00.000000266000,  29.60000,
,,,-00.000000265000,  29.60000,
,,,-00.000000264000,  29.60000,
,,,-00.000000263000,  29.60000,
,,,-00.000000262000,  29.60000,
,,,-00.000000261000,  28.80000,
,,,-00.000000260000,  29.60000,
,,,-00.000000259000,  29.60000,
,,,-00.000000258000,  28.80000,
,,,-00.000000257000,  29.60000,
,,,-00.000000256000,  29.60000,
,,,-00.000000255000,  29.60000,
,,,-00.000000254000,  28.80000,
,,,-00.000000253000,  28.80000,
,,,-00.000000252000,  29.60000,
,,,-00.000000251000,  29.60000,
,,,-00.000000250000,  29.60000,
,,,-00.000000249000,  28.80000,
,,,-00.000000248000,  28.80000,
,,,-00.000000247000,  28.80000,
,,,-00.000000246000,  29.60000,
,,,-00.000000245000,  28.80000,
,,,-00.000000244000,  29.60000,
,,,-00.000000243000,  29.60000,
,,,-00.000000242000,  28.80000,
,,,-00.000000241000,  29.60000,
,,,-00.000000240000,  28.80000,
,,,-00.000000239000,  30.40000,
,,,-00.000000238000,  28.80000,
,,,-00.000000237000,  29.60000,
,,,-00.000000236000,  28.80000,
,,,-00.000000235000,  28.80000,
,,,-00.000000234000,  28.80000,
,,,-00.000000233000,  29.60000,
,,,-00.000000232000,  28.80000,
,,,-00.000000231000,  29.60000,
,,,-00.000000230000,  29.60000,
,,,-00.000000229000,  29.60000,
,,,-00.000000228000,  28.80000,
,,,-00.000000227000,  29.60000,
,,,-00.000000226000,  29.60000,
,,,-00.000000225000,  29.60000,
,,,-00.000000224000,  30.40000,
,,,-00.000000223000,  28.80000,
,,,-00.000000222000,  30.40000,
,,,-00.000000221000,  28.80000,
,,,-00.000000220000,  29.60000,
,,,-00.000000219000,  29.60000,
,,,-00.000000218000,  29.60000,
,,,-00.000000217000,  29.60000,
,,,-00.000000216000,  29.60000,
,,,-00.000000215000,  29.60000,
,,,-00.000000214000,  29.60000,
,,,-00.000000213000,  29.60000,
,,,-00.000000212000,  30.40000,
,,,-00.000000211000,  29.60000,
,,,-00.000000210000,  29.60000,
,,,-00.000000209000,  29.60000,
,,,-00.000000208000,  30.40000,
,,,-00.000000207000,  30.40000,
,,,-00.000000206000,  30.40000,
,,,-00.000000205000,  30.40000,
,,,-00.000000204000,  30.40000,
,,,-00.000000203000,  30.40000,
,,,-00.000000202000,  29.60000,
,,,-00.000000201000,  31.20000,
,,,-00.000000200000,  30.40000,
,,,-00.000000199000,  30.40000,
,,,-00.000000198000,  30.40000,
,,,-00.000000197000,  30.40000,
,,,-00.000000196000,  31.20000,
,,,-00.000000195000,  31.20000,
,,,-00.000000194000,  30.40000,
,,,-00.000000193000,  30.40000,
,,,-00.000000192000,  30.40000,
,,,-00.000000191000,  31.20000,
,,,-00.000000190000,  31.20000,
,,,-00.000000189000,  31.20000,
,,,-00.000000188000,  31.20000,
,,,-00.000000187000,  31.20000,
,,,-00.000000186000,  31.20000,
,,,-00.000000185000,  32.00000,
,,,-00.000000184000,  31.20000,
,,,-00.000000183000,  31.20000,
,,,-00.000000182000,  31.20000,
,,,-00.000000181000,  31.20000,
,,,-00.000000180000,  31.20000,
,,,-00.000000179000,  30.40000,
,,,-00.000000178000,  32.00000,
,,,-00.000000177000,  31.20000,
,,,-00.000000176000,  32.00000,
,,,-00.000000175000,  32.00000,
,,,-00.000000174000,  31.20000,
,,,-00.000000173000,  31.20000,
,,,-00.000000172000,  32.00000,
,,,-00.000000171000,  32.00000,
,,,-00.000000170000,  32.00000,
,,,-00.000000169000,  32.00000,
,,,-00.000000168000,  31.20000,
,,,-00.000000167000,  32.00000,
,,,-00.000000166000,  32.00000,
,,,-00.000000165000,  32.00000,
,,,-00.000000164000,  32.00000,
,,,-00.000000163000,  32.00000,
,,,-00.000000162000,  32.80000,
,,,-00.000000161000,  32.00000,
,,,-00.000000160000,  32.00000,
,,,-00.000000159000,  32.00000,
,,,-00.000000158000,  32.00000,
,,,-00.000000157000,  33.60000,
,,,-00.000000156000,  32.00000,
,,,-00.000000155000,  32.80000,
,,,-00.000000154000,  32.00000,
,,,-00.000000153000,  32.80000,
,,,-00.000000152000,  32.80000,
,,,-00.000000151000,  32.80000,
,,,-00.000000150000,  32.80000,
,,,-00.000000149000,  32.80000,
,,,-00.000000148000,  32.80000,
,,,-00.000000147000,  33.60000,
,,,-00.000000146000,  33.60000,
,,,-00.000000145000,  32.80000,
,,,-00.000000144000,  32.80000,
,,,-00.000000143000,  32.80000,
,,,-00.000000142000,  33.60000,
,,,-00.000000141000,  32.80000,
,,,-00.000000140000,  32.80000,
,,,-00.000000139000,  32.80000,
,,,-00.000000138000,  33.60000,
,,,-00.000000137000,  32.80000,
,,,-00.000000136000,  32.80000,
,,,-00.000000135000,  32.80000,
,,,-00.000000134000,  33.60000,
,,,-00.000000133000,  32.80000,
,,,-00.000000132000,  33.60000,
,,,-00.000000131000,  34.40000,
,,,-00.000000130000,  33.60000,
,,,-00.000000129000,  33.60000,
,,,-00.000000128000,  33.60000,
,,,-00.000000127000,  34.40000,
,,,-00.000000126000,  33.60000,
,,,-00.000000125000,  34.40000,
,,,-00.000000124000,  32.80000,
,,,-00.000000123000,  33.60000,
,,,-00.000000122000,  33.60000,
,,,-00.000000121000,  33.60000,
,,,-00.000000120000,  34.40000,
,,,-00.000000119000,  33.60000,
,,,-00.000000118000,  33.60000,
,,,-00.000000117000,  33.60000,
,,,-00.000000116000,  33.60000,
,,,-00.000000115000,  33.60000,
,,,-00.000000114000,  34.40000,
,,,-00.000000113000,  34.40000,
,,,-00.000000112000,  33.60000,
,,,-00.000000111000,  34.40000,
,,,-00.000000110000,  33.60000,
,,,-00.000000109000,  34.40000,
,,,-00.000000108000,  34.40000,
,,,-00.000000107000,  34.40000,
,,,-00.000000106000,  33.60000,
,,,-00.000000105000,  33.60000,
,,,-00.000000104000,  34.40000,
,,,-00.000000103000,  33.60000,
,,,-00.000000102000,  34.40000,
,,,-00.000000101000,  34.40000,
,,,-00.000000100000,  34.40000,
,,,-00.000000099000,  34.40000,
,,,-00.000000098000,  34.40000,
,,,-00.000000097000,  33.60000,
,,,-00.000000096000,  34.40000,
,,,-00.000000095000,  34.40000,
,,,-00.000000094000,  34.40000,
,,,-00.000000093000,  33.60000,
,,,-00.000000092000,  35.20000,
,,,-00.000000091000,  34.40000,
,,,-00.000000090000,  34.40000,
,,,-00.000000089000,  34.40000,
,,,-00.000000088000,  34.40000,
,,,-00.000000087000,  34.40000,
,,,-00.000000086000,  34.40000,
,,,-00.000000085000,  34.40000,
,,,-00.000000084000,  34.40000,
,,,-00.000000083000,  34.40000,
,,,-00.000000082000,  34.40000,
,,,-00.000000081000,  33.60000,
,,,-00.000000080000,  33.60000,
,,,-00.000000079000,  34.40000,
,,,-00.000000078000,  34.40000,
,,,-00.000000077000,  34.40000,
,,,-00.000000076000,  34.40000,
,,,-00.000000075000,  34.40000,
,,,-00.000000074000,  34.40000,
,,,-00.000000073000,  34.40000,
,,,-00.000000072000,  34.40000,
,,,-00.000000071000,  33.60000,
,,,-00.000000070000,  34.40000,
,,,-00.000000069000,  33.60000,
,,,-00.000000068000,  33.60000,
,,,-00.000000067000,  34.40000,
,,,-00.000000066000,  33.60000,
,,,-00.000000065000,  33.60000,
,,,-00.000000064000,  34.40000,
,,,-00.000000063000,  34.40000,
,,,-00.000000062000,  34.40000,
,,,-00.000000061000,  34.40000,
,,,-00.000000060000,  33.60000,
,,,-00.000000059000,  33.60000,
,,,-00.000000058000,  34.40000,
,,,-00.000000057000,  33.60000,
,,,-00.000000056000,  33.60000,
,,,-00.000000055000,  33.60000,
,,,-00.000000054000,  33.60000,
,,,-00.000000053000,  34.40000,
,,,-00.000000052000,  33.60000,
,,,-00.000000051000,  33.60000,
,,,-00.000000050000,  33.60000,
,,,-00.000000049000,  33.60000,
,,,-00.000000048000,  33.60000,
,,,-00.000000047000,  33.60000,
,,,-00.000000046000,  33.60000,
,,,-00.000000045000,  33.60000,
,,,-00.000000044000,  33.60000,
,,,-00.000000043000,  33.60000,
,,,-00.000000042000,  33.60000,
,,,-00.000000041000,  33.60000,
,,,-00.000000040000,  32.80000,
,,,-00.000000039000,  33.60000,
,,,-00.000000038000,  33.60000,
,,,-00.000000037000,  33.60000,
,,,-00.000000036000,  32.80000,
,,,-00.000000035000,  34.40000,
,,,-00.000000034000,  32.80000,
,,,-00.000000033000,  33.60000,
,,,-00.000000032000,  33.60000,
,,,-00.000000031000,  33.60000,
,,,-00.000000030000,  33.60000,
,,,-00.000000029000,  32.80000,
,,,-00.000000028000,  32.80000,
,,,-00.000000027000,  33.60000,
,,,-00.000000026000,  33.60000,
,,,-00.000000025000,  32.00000,
,,,-00.000000024000,  33.60000,
,,,-00.000000023000,  32.80000,
,,,-00.000000022000,  32.00000,
,,,-00.000000021000,  33.60000,
,,,-00.000000020000,  32.80000,
,,,-00.000000019000,  32.80000,
,,,-00.000000018000,  32.80000,
,,,-00.000000017000,  32.80000,
,,,-00.000000016000,  32.80000,
,,,-00.000000015000,  32.80000,
,,,-00.000000014000,  32.80000,
,,,-00.000000013000,  32.00000,
,,,-00.000000012000,  32.80000,
,,,-00.000000011000,  31.20000,
,,,-00.000000010000,  32.80000,
,,,-00.000000009000,  33.60000,
,,,-00.000000008000,  32.00000,
,,,-00.000000007000,  32.80000,
,,,-00.000000006000,  32.80000,
,,,-00.000000005000,  32.80000,
,,,-00.000000004000,  32.00000,
,,,-00.000000003000,  32.80000,
,,,-00.000000002000,  32.00000,
,,,-00.000000001000,  32.00000,
,,,-00.000000000000,  32.80000,
,,,00.000000001000,  32.00000,
,,,00.000000002000,  32.00000,
,,,00.000000003000,  32.80000,
,,,00.000000004000,  32.80000,
,,,00.000000005000,  32.80000,
,,,00.000000006000,  32.00000,
,,,00.000000007000,  32.80000,
,,,00.000000008000,  32.00000,
,,,00.000000009000,  32.00000,
,,,00.000000010000,  32.80000,
,,,00.000000011000,  32.80000,
,,,00.000000012000,  32.00000,
,,,00.000000013000,  32.80000,
,,,00.000000014000,  32.00000,
,,,00.000000015000,  32.00000,
,,,00.000000016000,  32.80000,
,,,00.000000017000,  32.00000,
,,,00.000000018000,  32.80000,
,,,00.000000019000,  31.20000,
,,,00.000000020000,  31.20000,
,,,00.000000021000,  32.00000,
,,,00.000000022000,  31.20000,
,,,00.000000023000,  32.00000,
,,,00.000000024000,  32.00000,
,,,00.000000025000,  32.00000,
,,,00.000000026000,  32.00000,
,,,00.000000027000,  32.00000,
,,,00.000000028000,  32.00000,
,,,00.000000029000,  32.00000,
,,,00.000000030000,  31.20000,
,,,00.000000031000,  32.00000,
,,,00.000000032000,  32.00000,
,,,00.000000033000,  31.20000,
,,,00.000000034000,  32.00000,
,,,00.000000035000,  32.00000,
,,,00.000000036000,  32.00000,
,,,00.000000037000,  31.20000,
,,,00.000000038000,  32.80000,
,,,00.000000039000,  32.00000,
,,,00.000000040000,  32.00000,
,,,00.000000041000,  32.00000,
,,,00.000000042000,  31.20000,
,,,00.000000043000,  32.00000,
,,,00.000000044000,  32.00000,
,,,00.000000045000,  32.00000,
,,,00.000000046000,  32.00000,
,,,00.000000047000,  32.00000,
,,,00.000000048000,  31.20000,
,,,00.000000049000,  32.00000,
,,,00.000000050000,  32.00000,
,,,00.000000051000,  32.80000,
,,,00.000000052000,  32.00000,
,,,00.000000053000,  32.00000,
,,,00.000000054000,  31.20000,
,,,00.000000055000,  32.00000,
,,,00.000000056000,  32.00000,
,,,00.000000057000,  32.00000,
,,,00.000000058000,  32.00000,
,,,00.000000059000,  32.00000,
,,,00.000000060000,  32.00000,
,,,00.000000061000,  31.20000,
,,,00.000000062000,  32.00000,
,,,00.000000063000,  32.00000,
,,,00.000000064000,  32.00000,
,,,00.000000065000,  32.00000,
,,,00.000000066000,  32.00000,
,,,00.000000067000,  32.00000,
,,,00.000000068000,  32.00000,
,,,00.000000069000,  31.20000,
,,,00.000000070000,  32.00000,
,,,00.000000071000,  32.00000,
,,,00.000000072000,  32.00000,
,,,00.000000073000,  32.00000,
,,,00.000000074000,  31.20000,
,,,00.000000075000,  31.20000,
,,,00.000000076000,  32.00000,
,,,00.000000077000,  31.20000,
,,,00.000000078000,  32.00000,
,,,00.000000079000,  32.00000,
,,,00.000000080000,  32.00000,
,,,00.000000081000,  32.00000,
,,,00.000000082000,  32.00000,
,,,00.000000083000,  31.20000,
,,,00.000000084000,  31.20000,
,,,00.000000085000,  32.00000,
,,,00.000000086000,  31.20000,
,,,00.000000087000,  32.00000,
,,,00.000000088000,  32.00000,
,,,00.000000089000,  31.20000,
,,,00.000000090000,  31.20000,
,,,00.000000091000,  32.00000,
,,,00.000000092000,  31.20000,
,,,00.000000093000,  31.20000,
,,,00.000000094000,  31.20000,
,,,00.000000095000,  31.20000,
,,,00.000000096000,  32.00000,
,,,00.000000097000,  32.00000,
,,,00.000000098000,  32.00000,
,,,00.000000099000,  31.20000,
,,,00.000000100000,  32.00000,
,,,00.000000101000,  31.20000,
,,,00.000000102000,  32.00000,
,,,00.000000103000,  31.20000,
,,,00.000000104000,  32.00000,
,,,00.000000105000,  32.00000,
,,,00.000000106000,  32.80000,
,,,00.000000107000,  32.00000,
,,,00.000000108000,  32.00000,
,,,00.000000109000,  32.00000,
,,,00.000000110000,  32.00000,
,,,00.000000111000,  32.00000,
,,,00.000000112000,  32.00000,
,,,00.000000113000,  32.00000,
,,,00.000000114000,  32.00000,
,,,00.000000115000,  32.00000,
,,,00.000000116000,  32.00000,
,,,00.000000117000,  32.00000,
,,,00.000000118000,  32.00000,
,,,00.000000119000,  32.00000,
,,,00.000000120000,  32.00000,
,,,00.000000121000,  32.80000,
,,,00.000000122000,  32.00000,
,,,00.000000123000,  32.80000,
,,,00.000000124000,  32.00000,
,,,00.000000125000,  32.80000,
,,,00.000000126000,  32.00000,
,,,00.000000127000,  32.80000,
,,,00.000000128000,  32.00000,
,,,00.000000129000,  32.80000,
,,,00.000000130000,  32.80000,
,,,00.000000131000,  32.00000,
,,,00.000000132000,  32.00000,
,,,00.000000133000,  32.00000,
,,,00.000000134000,  32.80000,
,,,00.000000135000,  32.00000,
,,,00.000000136000,  32.00000,
,,,00.000000137000,  32.00000,
,,,00.000000138000,  32.00000,
,,,00.000000139000,  32.00000,
,,,00.000000140000,  32.00000,
,,,00.000000141000,  32.00000,
,,,00.000000142000,  32.00000,
,,,00.000000143000,  32.00000,
,,,00.000000144000,  31.20000,
,,,00.000000145000,  32.00000,
,,,00.000000146000,  32.00000,
,,,00.000000147000,  32.00000,
,,,00.000000148000,  32.80000,
,,,00.000000149000,  32.80000,
,,,00.000000150000,  32.00000,
,,,00.000000151000,  32.00000,
,,,00.000000152000,  31.20000,
,,,00.000000153000,  32.80000,
,,,00.000000154000,  32.00000,
,,,00.000000155000,  32.80000,
,,,00.000000156000,  32.80000,
,,,00.000000157000,  32.00000,
,,,00.000000158000,  32.00000,
,,,00.000000159000,  32.00000,
,,,00.000000160000,  32.00000,
,,,00.000000161000,  32.00000,
,,,00.000000162000,  32.80000,
,,,00.000000163000,  32.80000,
,,,00.000000164000,  32.80000,
,,,00.000000165000,  32.00000,
,,,00.000000166000,  32.80000,
,,,00.000000167000,  32.80000,
,,,00.000000168000,  32.80000,
,,,00.000000169000,  32.80000,
,,,00.000000170000,  32.80000,
,,,00.000000171000,  32.80000,
,,,00.000000172000,  32.80000,
,,,00.000000173000,  32.00000,
,,,00.000000174000,  32.80000,
,,,00.000000175000,  32.00000,
,,,00.000000176000,  32.00000,
,,,00.000000177000,  32.80000,
,,,00.000000178000,  32.80000,
,,,00.000000179000,  32.80000,
,,,00.000000180000,  32.80000,
,,,00.000000181000,  32.80000,
,,,00.000000182000,  32.80000,
,,,00.000000183000,  32.00000,
,,,00.000000184000,  32.80000,
,,,00.000000185000,  32.00000,
,,,00.000000186000,  32.80000,
,,,00.000000187000,  32.00000,
,,,00.000000188000,  32.80000,
,,,00.000000189000,  33.60000,
,,,00.000000190000,  32.80000,
,,,00.000000191000,  32.80000,
,,,00.000000192000,  33.60000,
,,,00.000000193000,  32.80000,
,,,00.000000194000,  32.00000,
,,,00.000000195000,  32.80000,
,,,00.000000196000,  32.80000,
,,,00.000000197000,  32.80000,
,,,00.000000198000,  32.80000,
,,,00.000000199000,  32.80000,
,,,00.000000200000,  32.80000,
,,,00.000000201000,  32.80000,
,,,00.000000202000,  32.80000,
,,,00.000000203000,  32.80000,
,,,00.000000204000,  32.80000,
,,,00.000000205000,  32.80000,
,,,00.000000206000,  32.80000,
,,,00.000000207000,  32.80000,
,,,00.000000208000,  32.80000,
,,,00.000000209000,  32.80000,
,,,00.000000210000,  32.80000,
,,,00.000000211000,  32.80000,
,,,00.000000212000,  32.80000,
,,,00.000000213000,  32.80000,
,,,00.000000214000,  32.80000,
,,,00.000000215000,  33.60000,
,,,00.000000216000,  32.00000,
,,,00.000000217000,  32.80000,
,,,00.000000218000,  32.80000,
,,,00.000000219000,  32.80000,
,,,00.000000220000,  32.00000,
,,,00.000000221000,  32.00000,
,,,00.000000222000,  32.80000,
,,,00.000000223000,  32.80000,
,,,00.000000224000,  33.60000,
,,,00.000000225000,  32.80000,
,,,00.000000226000,  32.80000,
,,,00.000000227000,  32.80000,
,,,00.000000228000,  32.80000,
,,,00.000000229000,  32.80000,
,,,00.000000230000,  32.80000,
,,,00.000000231000,  32.80000,
,,,00.000000232000,  32.80000,
,,,00.000000233000,  32.80000,
,,,00.000000234000,  32.80000,
,,,00.000000235000,  32.80000,
,,,00.000000236000,  32.80000,
,,,00.000000237000,  33.60000,
,,,00.000000238000,  32.80000,
,,,00.000000239000,  33.60000,
,,,00.000000240000,  32.80000,
,,,00.000000241000,  32.80000,
,,,00.000000242000,  33.60000,
,,,00.000000243000,  33.60000,
,,,00.000000244000,  33.60000,
,,,00.000000245000,  33.60000,
,,,00.000000246000,  32.80000,
,,,00.000000247000,  32.80000,
,,,00.000000248000,  33.60000,
,,,00.000000249000,  33.60000,
,,,00.000000250000,  32.80000,
,,,00.000000251000,  32.80000,
,,,00.000000252000,  32.80000,
,,,00.000000253000,  32.80000,
,,,00.000000254000,  32.80000,
,,,00.000000255000,  32.80000,
,,,00.000000256000,  32.80000,
,,,00.000000257000,  32.80000,
,,,00.000000258000,  32.80000,
,,,00.000000259000,  32.80000,
,,,00.000000260000,  32.00000,
,,,00.000000261000,  32.80000,
,,,00.000000262000,  33.60000,
,,,00.000000263000,  32.80000,
,,,00.000000264000,  32.80000,
,,,00.000000265000,  32.80000,
,,,00.000000266000,  33.60000,
,,,00.000000267000,  32.80000,
,,,00.000000268000,  32.80000,
,,,00.000000269000,  32.80000,
,,,00.000000270000,  33.60000,
,,,00.000000271000,  32.80000,
,,,00.000000272000,  32.80000,
,,,00.000000273000,  32.80000,
,,,00.000000274000,  32.00000,
,,,00.000000275000,  32.00000,
,,,00.000000276000,  33.60000,
,,,00.000000277000,  32.80000,
,,,00.000000278000,  32.80000,
,,,00.000000279000,  32.80000,
,,,00.000000280000,  32.80000,
,,,00.000000281000,  32.80000,
,,,00.000000282000,  32.80000,
,,,00.000000283000,  32.80000,
,,,00.000000284000,  32.80000,
,,,00.000000285000,  32.80000,
,,,00.000000286000,  32.00000,
,,,00.000000287000,  32.00000,
,,,00.000000288000,  32.80000,
,,,00.000000289000,  32.80000,
,,,00.000000290000,  32.80000,
,,,00.000000291000,  33.60000,
,,,00.000000292000,  32.80000,
,,,00.000000293000,  32.00000,
,,,00.000000294000,  32.80000,
,,,00.000000295000,  32.00000,
,,,00.000000296000,  32.00000,
,,,00.000000297000,  32.80000,
,,,00.000000298000,  32.80000,
,,,00.000000299000,  33.60000,
,,,00.000000300000,  32.80000,
,,,00.000000301000,  32.80000,
,,,00.000000302000,  32.80000,
,,,00.000000303000,  32.80000,
,,,00.000000304000,  32.80000,
,,,00.000000305000,  32.00000,
,,,00.000000306000,  32.80000,
,,,00.000000307000,  33.60000,
,,,00.000000308000,  32.80000,
,,,00.000000309000,  33.60000,
,,,00.000000310000,  32.80000,
,,,00.000000311000,  32.00000,
,,,00.000000312000,  32.80000,
,,,00.000000313000,  32.80000,
,,,00.000000314000,  32.80000,
,,,00.000000315000,  32.80000,
,,,00.000000316000,  32.80000,
,,,00.000000317000,  32.00000,
,,,00.000000318000,  32.80000,
,,,00.000000319000,  32.80000,
,,,00.000000320000,  33.60000,
,,,00.000000321000,  32.80000,
,,,00.000000322000,  32.80000,
,,,00.000000323000,  32.80000,
,,,00.000000324000,  32.80000,
,,,00.000000325000,  32.00000,
,,,00.000000326000,  32.80000,
,,,00.000000327000,  32.00000,
,,,00.000000328000,  32.00000,
,,,00.000000329000,  32.00000,
,,,00.000000330000,  32.00000,
,,,00.000000331000,  32.00000,
,,,00.000000332000,  32.80000,
,,,00.000000333000,  32.00000,
,,,00.000000334000,  32.80000,
,,,00.000000335000,  32.80000,
,,,00.000000336000,  32.80000,
,,,00.000000337000,  32.80000,
,,,00.000000338000,  32.80000,
,,,00.000000339000,  32.00000,
,,,00.000000340000,  32.00000,
,,,00.000000341000,  32.00000,
,,,00.000000342000,  32.00000,
,,,00.000000343000,  32.00000,
,,,00.000000344000,  32.00000,
,,,00.000000345000,  32.00000,
,,,00.000000346000,  32.00000,
,,,00.000000347000,  32.00000,
,,,00.000000348000,  32.00000,
,,,00.000000349000,  32.80000,
,,,00.000000350000,  32.00000,
,,,00.000000351000,  32.00000,
,,,00.000000352000,  32.80000,
,,,00.000000353000,  32.00000,
,,,00.000000354000,  32.80000,
,,,00.000000355000,  32.80000,
,,,00.000000356000,  32.80000,
,,,00.000000357000,  32.80000,
,,,00.000000358000,  32.80000,
,,,00.000000359000,  32.00000,
,,,00.000000360000,  32.80000,
,,,00.000000361000,  32.00000,
,,,00.000000362000,  32.80000,
,,,00.000000363000,  32.00000,
,,,00.000000364000,  32.80000,
,,,00.000000365000,  32.00000,
,,,00.000000366000,  32.00000,
,,,00.000000367000,  32.00000,
,,,00.000000368000,  32.00000,
,,,00.000000369000,  32.00000,
,,,00.000000370000,  32.80000,
,,,00.000000371000,  32.00000,
,,,00.000000372000,  32.80000,
,,,00.000000373000,  32.00000,
,,,00.000000374000,  31.20000,
,,,00.000000375000,  32.00000,
,,,00.000000376000,  32.00000,
,,,00.000000377000,  31.20000,
,,,00.000000378000,  32.80000,
,,,00.000000379000,  32.80000,
,,,00.000000380000,  32.00000,
,,,00.000000381000,  32.00000,
,,,00.000000382000,  32.00000,
,,,00.000000383000,  32.00000,
,,,00.000000384000,  32.80000,
,,,00.000000385000,  32.00000,
,,,00.000000386000,  32.00000,
,,,00.000000387000,  32.80000,
,,,00.000000388000,  32.80000,
,,,00.000000389000,  32.00000,
,,,00.000000390000,  32.00000,
,,,00.000000391000,  32.00000,
,,,00.000000392000,  31.20000,
,,,00.000000393000,  32.80000,
,,,00.000000394000,  32.80000,
,,,00.000000395000,  32.00000,
,,,00.000000396000,  32.00000,
,,,00.000000397000,  33.60000,
,,,00.000000398000,  32.00000,
,,,00.000000399000,  32.80000,
,,,00.000000400000,  32.80000,
,,,00.000000401000,  32.00000,
,,,00.000000402000,  32.00000,
,,,00.000000403000,  32.00000,
,,,00.000000404000,  32.00000,
,,,00.000000405000,  32.00000,
,,,00.000000406000,  32.80000,
,,,00.000000407000,  32.00000,
,,,00.000000408000,  32.00000,
,,,00.000000409000,  32.00000,
,,,00.000000410000,  32.00000,
,,,00.000000411000,  32.00000,
,,,00.000000412000,  32.80000,
,,,00.000000413000,  32.80000,
,,,00.000000414000,  32.00000,
,,,00.000000415000,  32.00000,
,,,00.000000416000,  32.00000,
,,,00.000000417000,  32.80000,
,,,00.000000418000,  32.00000,
,,,00.000000419000,  32.00000,
,,,00.000000420000,  32.00000,
,,,00.000000421000,  32.00000,
,,,00.000000422000,  32.80000,
,,,00.000000423000,  32.80000,
,,,00.000000424000,  32.00000,
,,,00.000000425000,  32.00000,
,,,00.000000426000,  32.80000,
,,,00.000000427000,  32.00000,
,,,00.000000428000,  32.00000,
,,,00.000000429000,  32.80000,
,,,00.000000430000,  32.80000,
,,,00.000000431000,  32.80000,
,,,00.000000432000,  32.00000,
,,,00.000000433000,  32.80000,
,,,00.000000434000,  32.80000,
,,,00.000000435000,  32.80000,
,,,00.000000436000,  32.80000,
,,,00.000000437000,  32.80000,
,,,00.000000438000,  32.00000,
,,,00.000000439000,  32.00000,
,,,00.000000440000,  32.80000,
,,,00.000000441000,  32.00000,
,,,00.000000442000,  32.00000,
,,,00.000000443000,  32.80000,
,,,00.000000444000,  32.00000,
,,,00.000000445000,  32.80000,
,,,00.000000446000,  32.80000,
,,,00.000000447000,  32.80000,
,,,00.000000448000,  32.80000,
,,,00.000000449000,  32.00000,
,,,00.000000450000,  32.00000,
,,,00.000000451000,  32.00000,
,,,00.000000452000,  32.00000,
,,,00.000000453000,  32.80000,
,,,00.000000454000,  32.80000,
,,,00.000000455000,  32.00000,
,,,00.000000456000,  32.00000,
,,,00.000000457000,  32.00000,
,,,00.000000458000,  32.00000,
,,,00.000000459000,  32.80000,
,,,00.000000460000,  32.80000,
,,,00.000000461000,  32.80000,
,,,00.000000462000,  32.00000,
,,,00.000000463000,  32.80000,
,,,00.000000464000,  32.80000,
,,,00.000000465000,  32.00000,
,,,00.000000466000,  32.80000,
,,,00.000000467000,  32.80000,
,,,00.000000468000,  32.80000,
,,,00.000000469000,  32.80000,
,,,00.000000470000,  32.00000,
,,,00.000000471000,  32.80000,
,,,00.000000472000,  32.80000,
,,,00.000000473000,  32.80000,
,,,00.000000474000,  32.80000,
,,,00.000000475000,  32.00000,
,,,00.000000476000,  32.00000,
,,,00.000000477000,  32.80000,
,,,00.000000478000,  32.80000,
,,,00.000000479000,  32.80000,
,,,00.000000480000,  32.00000,
,,,00.000000481000,  32.00000,
,,,00.000000482000,  32.00000,
,,,00.000000483000,  32.00000,
,,,00.000000484000,  32.00000,
,,,00.000000485000,  32.80000,
,,,00.000000486000,  32.80000,
,,,00.000000487000,  32.00000,
,,,00.000000488000,  32.80000,
,,,00.000000489000,  32.80000,
,,,00.000000490000,  32.80000,
,,,00.000000491000,  32.00000,
,,,00.000000492000,  32.00000,
,,,00.000000493000,  32.00000,
,,,00.000000494000,  32.80000,
,,,00.000000495000,  32.00000,
,,,00.000000496000,  32.80000,
,,,00.000000497000,  32.00000,
,,,00.000000498000,  32.00000,
,,,00.000000499000,  32.80000,
,,,00.000000500000,  32.80000,
,,,00.000000501000,  32.80000,
,,,00.000000502000,  32.80000,
,,,00.000000503000,  32.00000,
,,,00.000000504000,  32.80000,
,,,00.000000505000,  32.80000,
,,,00.000000506000,  32.80000,
,,,00.000000507000,  32.80000,
,,,00.000000508000,  32.80000,
,,,00.000000509000,  32.00000,
,,,00.000000510000,  32.00000,
,,,00.000000511000,  32.00000,
,,,00.000000512000,  32.80000,
,,,00.000000513000,  32.00000,
,,,00.000000514000,  32.80000,
,,,00.000000515000,  32.80000,
,,,00.000000516000,  32.80000,
,,,00.000000517000,  32.00000,
,,,00.000000518000,  32.80000,
,,,00.000000519000,  32.00000,
