Record Length,2.500000e+03,,   0.000050500000,   9.80000,
Sample Interval,4.000000e-09,,   0.000050504000,   9.80000,
Trigger Point,-1.262500000000e+04,,   0.000050508000,   9.80000,
,,,   0.000050512000,   9.80000,
,,,   0.000050516000,   9.80000,
,,,   0.000050520000,   9.80000,
Source,MATH,,   0.000050524000,   9.80000,
Vertical Units,V,,   0.000050528000,  10.00000,
Vertical Scale,5.000000e+00,,   0.000050532000,   9.80000,
Vertical Offset,0.000000e+00,,   0.000050536000,  10.20000,
Horizontal Units,s,,   0.000050540000,  10.00000,
Horizontal Scale,1.000000e-06,,   0.000050544000,  10.00000,
Pt Fmt,Y,,   0.000050548000,   9.80000,
Yzero,0.000000e+00,,   0.000050552000,   9.80000,
Probe Atten,1.000000e+00,,   0.000050556000,   9.60000,
Model Number,TDS2004C,,   0.000050560000,  10.00000,
Serial Number,C012246,,   0.000050564000,   9.60000,
Firmware Version,FV:v24.18,,   0.000050568000,  10.00000,
,,,0.000050572000,   9.80000,
,,,0.000050576000,  10.40000,
,,,0.000050580000,   9.60000,
,,,0.000050584000,   9.80000,
,,,0.000050588000,   9.60000,
,,,0.000050592000,   9.60000,
,,,0.000050596000,  10.00000,
,,,0.000050600000,  10.20000,
,,,0.000050604000,  10.00000,
,,,0.000050608000,   9.60000,
,,,0.000050612000,   9.60000,
,,,0.000050616000,  10.00000,
,,,0.000050620000,   9.80000,
,,,0.000050624000,   9.60000,
,,,0.000050628000,   9.80000,
,,,0.000050632000,   9.80000,
,,,0.000050636000,   9.60000,
,,,0.000050640000,  10.20000,
,,,0.000050644000,   9.60000,
,,,0.000050648000,   9.80000,
,,,0.000050652000,   9.60000,
,,,0.000050656000,   9.60000,
,,,0.000050660000,  10.00000,
,,,0.000050664000,   9.60000,
,,,0.000050668000,  10.00000,
,,,0.000050672000,  10.00000,
,,,0.000050676000,  10.00000,
,,,0.000050680000,  10.00000,
,,,0.000050684000,   9.80000,
,,,0.000050688000,  10.00000,
,,,0.000050692000,   9.60000,
,,,0.000050696000,  10.00000,
,,,0.000050700000,   9.60000,
,,,0.000050704000,   9.80000,
,,,0.000050708000,   9.80000,
,,,0.000050712000,   9.80000,
,,,0.000050716000,   9.80000,
,,,0.000050720000,   9.80000,
,,,0.000050724000,   9.80000,
,,,0.000050728000,   9.80000,
,,,0.000050732000,   9.40000,
,,,0.000050736000,   9.80000,
,,,0.000050740000,   9.60000,
,,,0.000050744000,   9.60000,
,,,0.000050748000,   9.80000,
,,,0.000050752000,   9.80000,
,,,0.000050756000,   9.80000,
,,,0.000050760000,   9.80000,
,,,0.000050764000,   9.60000,
,,,0.000050768000,   9.80000,
,,,0.000050772000,   9.80000,
,,,0.000050776000,  10.00000,
,,,0.000050780000,   9.80000,
,,,0.000050784000,   9.60000,
,,,0.000050788000,  10.00000,
,,,0.000050792000,  10.00000,
,,,0.000050796000,   9.80000,
,,,0.000050800000,   9.60000,
,,,0.000050804000,   9.80000,
,,,0.000050808000,   9.60000,
,,,0.000050812000,   9.60000,
,,,0.000050816000,  10.00000,
,,,0.000050820000,   9.80000,
,,,0.000050824000,  10.00000,
,,,0.000050828000,   9.80000,
,,,0.000050832000,   9.80000,
,,,0.000050836000,  10.00000,
,,,0.000050840000,  10.20000,
,,,0.000050844000,  10.00000,
,,,0.000050848000,  10.00000,
,,,0.000050852000,   9.60000,
,,,0.000050856000,   9.60000,
,,,0.000050860000,  10.00000,
,,,0.000050864000,  10.00000,
,,,0.000050868000,   9.60000,
,,,0.000050872000,  10.00000,
,,,0.000050876000,  10.00000,
,,,0.000050880000,  10.20000,
,,,0.000050884000,   9.80000,
,,,0.000050888000,  10.00000,
,,,0.000050892000,   9.80000,
,,,0.000050896000,   9.80000,
,,,0.000050900000,   9.60000,
,,,0.000050904000,   9.80000,
,,,0.000050908000,  10.00000,
,,,0.000050912000,   9.60000,
,,,0.000050916000,   9.60000,
,,,0.000050920000,  10.00000,
,,,0.000050924000,   9.80000,
,,,0.000050928000,   9.60000,
,,,0.000050932000,   9.80000,
,,,0.000050936000,  10.00000,
,,,0.000050940000,  10.00000,
,,,0.000050944000,  10.00000,
,,,0.000050948000,   9.60000,
,,,0.000050952000,   9.60000,
,,,0.000050956000,  10.00000,
,,,0.000050960000,   9.60000,
,,,0.000050964000,   9.60000,
,,,0.000050968000,  10.20000,
,,,0.000050972000,  10.00000,
,,,0.000050976000,   9.40000,
,,,0.000050980000,   9.80000,
,,,0.000050984000,  10.20000,
,,,0.000050988000,   9.60000,
,,,0.000050992000,   9.80000,
,,,0.000050996000,  10.00000,
,,,0.000051000000,  10.00000,
,,,0.000051004000,   9.80000,
,,,0.000051008000,  10.00000,
,,,0.000051012000,   9.60000,
,,,0.000051016000,   9.80000,
,,,0.000051020000,   9.80000,
,,,0.000051024000,   9.60000,
,,,0.000051028000,  10.00000,
,,,0.000051032000,   9.80000,
,,,0.000051036000,  10.00000,
,,,0.000051040000,   9.60000,
,,,0.000051044000,   9.60000,
,,,0.000051048000,   9.80000,
,,,0.000051052000,   9.80000,
,,,0.000051056000,  10.00000,
,,,0.000051060000,   9.60000,
,,,0.000051064000,   9.60000,
,,,0.000051068000,  10.00000,
,,,0.000051072000,  10.00000,
,,,0.000051076000,   9.80000,
,,,0.000051080000,   9.80000,
,,,0.000051084000,  10.00000,
,,,0.000051088000,   9.80000,
,,,0.000051092000,   9.80000,
,,,0.000051096000,   9.40000,
,,,0.000051100000,  10.00000,
,,,0.000051104000,   9.60000,
,,,0.000051108000,   9.40000,
,,,0.000051112000,   9.60000,
,,,0.000051116000,   9.60000,
,,,0.000051120000,   9.60000,
,,,0.000051124000,   9.80000,
,,,0.000051128000,   9.80000,
,,,0.000051132000,   9.60000,
,,,0.000051136000,   9.60000,
,,,0.000051140000,   9.80000,
,,,0.000051144000,   9.80000,
,,,0.000051148000,   9.80000,
,,,0.000051152000,   9.80000,
,,,0.000051156000,   9.60000,
,,,0.000051160000,   9.80000,
,,,0.000051164000,   9.80000,
,,,0.000051168000,   9.60000,
,,,0.000051172000,  10.20000,
,,,0.000051176000,  10.00000,
,,,0.000051180000,   9.80000,
,,,0.000051184000,   9.80000,
,,,0.000051188000,  10.00000,
,,,0.000051192000,   9.80000,
,,,0.000051196000,   9.40000,
,,,0.000051200000,  10.00000,
,,,0.000051204000,   9.60000,
,,,0.000051208000,   9.80000,
,,,0.000051212000,  10.00000,
,,,0.000051216000,   9.80000,
,,,0.000051220000,   9.80000,
,,,0.000051224000,   9.60000,
,,,0.000051228000,   9.60000,
,,,0.000051232000,   9.80000,
,,,0.000051236000,  10.20000,
,,,0.000051240000,  10.00000,
,,,0.000051244000,   9.80000,
,,,0.000051248000,   9.80000,
,,,0.000051252000,   9.40000,
,,,0.000051256000,   9.80000,
,,,0.000051260000,   9.80000,
,,,0.000051264000,   9.60000,
,,,0.000051268000,   9.80000,
,,,0.000051272000,   9.80000,
,,,0.000051276000,  10.00000,
,,,0.000051280000,  10.00000,
,,,0.000051284000,  10.00000,
,,,0.000051288000,  10.00000,
,,,0.000051292000,  10.00000,
,,,0.000051296000,  10.00000,
,,,0.000051300000,   9.60000,
,,,0.000051304000,   9.80000,
,,,0.000051308000,   9.80000,
,,,0.000051312000,   9.60000,
,,,0.000051316000,  10.00000,
,,,0.000051320000,  10.00000,
,,,0.000051324000,  10.00000,
,,,0.000051328000,   9.60000,
,,,0.000051332000,  10.00000,
,,,0.000051336000,   9.80000,
,,,0.000051340000,   9.60000,
,,,0.000051344000,  10.00000,
,,,0.000051348000,   9.80000,
,,,0.000051352000,  10.00000,
,,,0.000051356000,  10.00000,
,,,0.000051360000,  10.00000,
,,,0.000051364000,   9.60000,
,,,0.000051368000,  10.20000,
,,,0.000051372000,   9.60000,
,,,0.000051376000,   9.80000,
,,,0.000051380000,  10.00000,
,,,0.000051384000,   9.80000,
,,,0.000051388000,   9.80000,
,,,0.000051392000,   9.80000,
,,,0.000051396000,   9.80000,
,,,0.000051400000,   9.60000,
,,,0.000051404000,   9.40000,
,,,0.000051408000,   9.80000,
,,,0.000051412000,   9.60000,
,,,0.000051416000,   9.80000,
,,,0.000051420000,   9.60000,
,,,0.000051424000,  10.00000,
,,,0.000051428000,   9.80000,
,,,0.000051432000,  10.20000,
,,,0.000051436000,  10.00000,
,,,0.000051440000,   9.80000,
,,,0.000051444000,   9.80000,
,,,0.000051448000,   9.60000,
,,,0.000051452000,   9.80000,
,,,0.000051456000,   9.60000,
,,,0.000051460000,   9.60000,
,,,0.000051464000,   9.80000,
,,,0.000051468000,   9.80000,
,,,0.000051472000,  10.00000,
,,,0.000051476000,   9.80000,
,,,0.000051480000,  10.00000,
,,,0.000051484000,   9.80000,
,,,0.000051488000,   9.80000,
,,,0.000051492000,   9.60000,
,,,0.000051496000,   9.60000,
,,,0.000051500000,   9.40000,
,,,0.000051504000,   9.80000,
,,,0.000051508000,   9.60000,
,,,0.000051512000,   9.80000,
,,,0.000051516000,   9.60000,
,,,0.000051520000,   9.80000,
,,,0.000051524000,   9.80000,
,,,0.000051528000,   9.80000,
,,,0.000051532000,   9.60000,
,,,0.000051536000,   9.80000,
,,,0.000051540000,   9.80000,
,,,0.000051544000,   9.80000,
,,,0.000051548000,   9.60000,
,,,0.000051552000,   9.60000,
,,,0.000051556000,   9.60000,
,,,0.000051560000,   9.80000,
,,,0.000051564000,   9.60000,
,,,0.000051568000,  10.00000,
,,,0.000051572000,   9.60000,
,,,0.000051576000,   9.60000,
,,,0.000051580000,   9.80000,
,,,0.000051584000,   9.80000,
,,,0.000051588000,   9.60000,
,,,0.000051592000,   9.60000,
,,,0.000051596000,  10.00000,
,,,0.000051600000,   9.80000,
,,,0.000051604000,   9.80000,
,,,0.000051608000,   9.80000,
,,,0.000051612000,   9.80000,
,,,0.000051616000,   9.60000,
,,,0.000051620000,   9.60000,
,,,0.000051624000,   9.60000,
,,,0.000051628000,   9.80000,
,,,0.000051632000,  10.00000,
,,,0.000051636000,  10.00000,
,,,0.000051640000,  10.00000,
,,,0.000051644000,   9.60000,
,,,0.000051648000,   9.60000,
,,,0.000051652000,   9.80000,
,,,0.000051656000,  10.00000,
,,,0.000051660000,   9.40000,
,,,0.000051664000,   9.80000,
,,,0.000051668000,  10.00000,
,,,0.000051672000,   9.80000,
,,,0.000051676000,   9.80000,
,,,0.000051680000,  10.00000,
,,,0.000051684000,  10.00000,
,,,0.000051688000,  10.00000,
,,,0.000051692000,   9.60000,
,,,0.000051696000,   9.60000,
,,,0.000051700000,  10.00000,
,,,0.000051704000,  10.00000,
,,,0.000051708000,   9.60000,
,,,0.000051712000,  10.00000,
,,,0.000051716000,  10.00000,
,,,0.000051720000,  10.00000,
,,,0.000051724000,  10.00000,
,,,0.000051728000,   9.60000,
,,,0.000051732000,  10.00000,
,,,0.000051736000,  10.00000,
,,,0.000051740000,   9.80000,
,,,0.000051744000,   9.60000,
,,,0.000051748000,  10.00000,
,,,0.000051752000,   9.60000,
,,,0.000051756000,   9.60000,
,,,0.000051760000,  10.00000,
,,,0.000051764000,  10.00000,
,,,0.000051768000,  10.00000,
,,,0.000051772000,   9.80000,
,,,0.000051776000,  10.00000,
,,,0.000051780000,   9.80000,
,,,0.000051784000,   9.60000,
,,,0.000051788000,   9.60000,
,,,0.000051792000,  10.00000,
,,,0.000051796000,   9.60000,
,,,0.000051800000,   9.60000,
,,,0.000051804000,   9.60000,
,,,0.000051808000,  10.00000,
,,,0.000051812000,   9.40000,
,,,0.000051816000,   9.40000,
,,,0.000051820000,   9.80000,
,,,0.000051824000,   9.80000,
,,,0.000051828000,  10.40000,
,,,0.000051832000,   9.80000,
,,,0.000051836000,   9.80000,
,,,0.000051840000,   9.80000,
,,,0.000051844000,   9.80000,
,,,0.000051848000,  10.00000,
,,,0.000051852000,   9.60000,
,,,0.000051856000,   9.80000,
,,,0.000051860000,   9.60000,
,,,0.000051864000,   9.80000,
,,,0.000051868000,   9.80000,
,,,0.000051872000,   9.80000,
,,,0.000051876000,  10.00000,
,,,0.000051880000,   9.80000,
,,,0.000051884000,  10.00000,
,,,0.000051888000,   9.60000,
,,,0.000051892000,  10.20000,
,,,0.000051896000,   9.60000,
,,,0.000051900000,   9.80000,
,,,0.000051904000,  10.00000,
,,,0.000051908000,   9.60000,
,,,0.000051912000,   9.80000,
,,,0.000051916000,   9.40000,
,,,0.000051920000,   9.40000,
,,,0.000051924000,   9.80000,
,,,0.000051928000,   9.80000,
,,,0.000051932000,   9.60000,
,,,0.000051936000,  10.00000,
,,,0.000051940000,   9.80000,
,,,0.000051944000,   9.60000,
,,,0.000051948000,   9.80000,
,,,0.000051952000,   9.60000,
,,,0.000051956000,   9.60000,
,,,0.000051960000,   9.80000,
,,,0.000051964000,   9.80000,
,,,0.000051968000,   9.60000,
,,,0.000051972000,   9.80000,
,,,0.000051976000,   9.40000,
,,,0.000051980000,   9.80000,
,,,0.000051984000,   9.40000,
,,,0.000051988000,   9.60000,
,,,0.000051992000,  10.00000,
,,,0.000051996000,  10.00000,
,,,0.000052000000,   9.80000,
,,,0.000052004000,  10.00000,
,,,0.000052008000,   9.60000,
,,,0.000052012000,   9.80000,
,,,0.000052016000,   9.80000,
,,,0.000052020000,   9.60000,
,,,0.000052024000,  10.00000,
,,,0.000052028000,  10.00000,
,,,0.000052032000,  10.00000,
,,,0.000052036000,   9.80000,
,,,0.000052040000,   9.60000,
,,,0.000052044000,   9.40000,
,,,0.000052048000,  10.00000,
,,,0.000052052000,  10.00000,
,,,0.000052056000,   9.60000,
,,,0.000052060000,   9.80000,
,,,0.000052064000,  10.00000,
,,,0.000052068000,   9.80000,
,,,0.000052072000,   9.60000,
,,,0.000052076000,  10.00000,
,,,0.000052080000,  10.00000,
,,,0.000052084000,  10.00000,
,,,0.000052088000,   9.60000,
,,,0.000052092000,   9.80000,
,,,0.000052096000,   9.80000,
,,,0.000052100000,   9.80000,
,,,0.000052104000,   9.80000,
,,,0.000052108000,   9.60000,
,,,0.000052112000,   9.80000,
,,,0.000052116000,   9.80000,
,,,0.000052120000,   9.80000,
,,,0.000052124000,   9.60000,
,,,0.000052128000,   9.80000,
,,,0.000052132000,   9.80000,
,,,0.000052136000,   9.80000,
,,,0.000052140000,   9.80000,
,,,0.000052144000,   9.80000,
,,,0.000052148000,   9.60000,
,,,0.000052152000,   9.80000,
,,,0.000052156000,   9.60000,
,,,0.000052160000,  10.00000,
,,,0.000052164000,   9.60000,
,,,0.000052168000,   9.60000,
,,,0.000052172000,   9.60000,
,,,0.000052176000,  10.00000,
,,,0.000052180000,   9.80000,
,,,0.000052184000,  10.00000,
,,,0.000052188000,  10.00000,
,,,0.000052192000,   9.60000,
,,,0.000052196000,   9.60000,
,,,0.000052200000,   9.80000,
,,,0.000052204000,  10.00000,
,,,0.000052208000,   9.60000,
,,,0.000052212000,   9.60000,
,,,0.000052216000,  10.00000,
,,,0.000052220000,   9.80000,
,,,0.000052224000,  10.00000,
,,,0.000052228000,   9.80000,
,,,0.000052232000,   9.60000,
,,,0.000052236000,   9.80000,
,,,0.000052240000,  10.00000,
,,,0.000052244000,   9.80000,
,,,0.000052248000,   9.60000,
,,,0.000052252000,  10.00000,
,,,0.000052256000,   9.80000,
,,,0.000052260000,   9.60000,
,,,0.000052264000,  10.00000,
,,,0.000052268000,  10.00000,
,,,0.000052272000,  10.00000,
,,,0.000052276000,   9.80000,
,,,0.000052280000,   9.80000,
,,,0.000052284000,   9.80000,
,,,0.000052288000,  10.20000,
,,,0.000052292000,   9.60000,
,,,0.000052296000,   9.80000,
,,,0.000052300000,  10.00000,
,,,0.000052304000,   9.60000,
,,,0.000052308000,   9.80000,
,,,0.000052312000,   9.80000,
,,,0.000052316000,   9.80000,
,,,0.000052320000,   9.40000,
,,,0.000052324000,   9.80000,
,,,0.000052328000,   9.60000,
,,,0.000052332000,   9.80000,
,,,0.000052336000,   9.80000,
,,,0.000052340000,   9.80000,
,,,0.000052344000,   9.80000,
,,,0.000052348000,  10.00000,
,,,0.000052352000,   9.80000,
,,,0.000052356000,  10.00000,
,,,0.000052360000,  10.20000,
,,,0.000052364000,   9.80000,
,,,0.000052368000,   9.40000,
,,,0.000052372000,  10.00000,
,,,0.000052376000,  10.00000,
,,,0.000052380000,   9.60000,
,,,0.000052384000,   9.40000,
,,,0.000052388000,  10.00000,
,,,0.000052392000,   9.80000,
,,,0.000052396000,   9.80000,
,,,0.000052400000,  10.00000,
,,,0.000052404000,   9.80000,
,,,0.000052408000,   9.80000,
,,,0.000052412000,   9.80000,
,,,0.000052416000,   9.40000,
,,,0.000052420000,  10.00000,
,,,0.000052424000,  10.20000,
,,,0.000052428000,  10.00000,
,,,0.000052432000,   9.80000,
,,,0.000052436000,   9.60000,
,,,0.000052440000,   9.60000,
,,,0.000052444000,  10.00000,
,,,0.000052448000,   9.80000,
,,,0.000052452000,   9.40000,
,,,0.000052456000,  10.00000,
,,,0.000052460000,  10.00000,
,,,0.000052464000,  10.00000,
,,,0.000052468000,   9.80000,
,,,0.000052472000,   9.60000,
,,,0.000052476000,  10.00000,
,,,0.000052480000,   9.80000,
,,,0.000052484000,   9.80000,
,,,0.000052488000,   9.80000,
,,,0.000052492000,  10.00000,
,,,0.000052496000,   9.80000,
,,,0.000052500000,   9.80000,
,,,0.000052504000,   9.80000,
,,,0.000052508000,  10.00000,
,,,0.000052512000,   9.60000,
,,,0.000052516000,   9.80000,
,,,0.000052520000,   9.60000,
,,,0.000052524000,  10.00000,
,,,0.000052528000,  10.00000,
,,,0.000052532000,   9.80000,
,,,0.000052536000,   9.80000,
,,,0.000052540000,  10.00000,
,,,0.000052544000,   9.80000,
,,,0.000052548000,   9.60000,
,,,0.000052552000,   9.80000,
,,,0.000052556000,  10.20000,
,,,0.000052560000,  10.00000,
,,,0.000052564000,  10.00000,
,,,0.000052568000,  10.00000,
,,,0.000052572000,   9.80000,
,,,0.000052576000,   9.80000,
,,,0.000052580000,  10.00000,
,,,0.000052584000,   9.80000,
,,,0.000052588000,   9.80000,
,,,0.000052592000,   9.80000,
,,,0.000052596000,   9.60000,
,,,0.000052600000,   9.80000,
,,,0.000052604000,   9.60000,
,,,0.000052608000,   9.60000,
,,,0.000052612000,   9.80000,
,,,0.000052616000,  10.00000,
,,,0.000052620000,  10.20000,
,,,0.000052624000,   9.80000,
,,,0.000052628000,   9.60000,
,,,0.000052632000,   9.80000,
,,,0.000052636000,  10.00000,
,,,0.000052640000,  10.20000,
,,,0.000052644000,   9.80000,
,,,0.000052648000,   9.60000,
,,,0.000052652000,  10.00000,
,,,0.000052656000,   9.80000,
,,,0.000052660000,   9.60000,
,,,0.000052664000,   9.80000,
,,,0.000052668000,  10.20000,
,,,0.000052672000,   9.80000,
,,,0.000052676000,   9.80000,
,,,0.000052680000,   9.60000,
,,,0.000052684000,  10.00000,
,,,0.000052688000,   9.40000,
,,,0.000052692000,   9.60000,
,,,0.000052696000,   9.80000,
,,,0.000052700000,   9.80000,
,,,0.000052704000,   9.80000,
,,,0.000052708000,   9.80000,
,,,0.000052712000,   9.80000,
,,,0.000052716000,   9.80000,
,,,0.000052720000,   9.60000,
,,,0.000052724000,   9.60000,
,,,0.000052728000,  10.00000,
,,,0.000052732000,   9.80000,
,,,0.000052736000,   9.80000,
,,,0.000052740000,   9.60000,
,,,0.000052744000,   9.60000,
,,,0.000052748000,   9.60000,
,,,0.000052752000,  10.00000,
,,,0.000052756000,  10.00000,
,,,0.000052760000,   9.80000,
,,,0.000052764000,   9.60000,
,,,0.000052768000,   9.80000,
,,,0.000052772000,   9.80000,
,,,0.000052776000,   9.80000,
,,,0.000052780000,   9.80000,
,,,0.000052784000,  10.00000,
,,,0.000052788000,   9.80000,
,,,0.000052792000,   9.80000,
,,,0.000052796000,   9.80000,
,,,0.000052800000,   9.80000,
,,,0.000052804000,   9.60000,
,,,0.000052808000,   9.60000,
,,,0.000052812000,   9.80000,
,,,0.000052816000,  10.00000,
,,,0.000052820000,  10.00000,
,,,0.000052824000,   9.80000,
,,,0.000052828000,   9.80000,
,,,0.000052832000,   9.80000,
,,,0.000052836000,   9.40000,
,,,0.000052840000,   9.60000,
,,,0.000052844000,   9.80000,
,,,0.000052848000,   9.60000,
,,,0.000052852000,   9.60000,
,,,0.000052856000,  10.00000,
,,,0.000052860000,  10.00000,
,,,0.000052864000,  10.00000,
,,,0.000052868000,  10.00000,
,,,0.000052872000,  10.00000,
,,,0.000052876000,   9.60000,
,,,0.000052880000,   9.80000,
,,,0.000052884000,   9.60000,
,,,0.000052888000,  10.00000,
,,,0.000052892000,   9.60000,
,,,0.000052896000,   9.60000,
,,,0.000052900000,   9.60000,
,,,0.000052904000,  10.00000,
,,,0.000052908000,   9.80000,
,,,0.000052912000,   9.80000,
,,,0.000052916000,   9.80000,
,,,0.000052920000,   9.80000,
,,,0.000052924000,   9.80000,
,,,0.000052928000,   9.80000,
,,,0.000052932000,   9.80000,
,,,0.000052936000,  10.00000,
,,,0.000052940000,   9.60000,
,,,0.000052944000,   9.40000,
,,,0.000052948000,   9.60000,
,,,0.000052952000,   9.80000,
,,,0.000052956000,  10.00000,
,,,0.000052960000,   9.80000,
,,,0.000052964000,  10.00000,
,,,0.000052968000,  10.00000,
,,,0.000052972000,   9.80000,
,,,0.000052976000,  10.00000,
,,,0.000052980000,   9.80000,
,,,0.000052984000,   9.60000,
,,,0.000052988000,   9.80000,
,,,0.000052992000,   9.60000,
,,,0.000052996000,   9.60000,
,,,0.000053000000,   9.80000,
,,,0.000053004000,   9.80000,
,,,0.000053008000,   9.80000,
,,,0.000053012000,   9.80000,
,,,0.000053016000,  10.40000,
,,,0.000053020000,   9.80000,
,,,0.000053024000,   9.80000,
,,,0.000053028000,   9.80000,
,,,0.000053032000,   9.80000,
,,,0.000053036000,   9.80000,
,,,0.000053040000,   9.80000,
,,,0.000053044000,   9.80000,
,,,0.000053048000,   9.40000,
,,,0.000053052000,  10.20000,
,,,0.000053056000,   9.60000,
,,,0.000053060000,   9.60000,
,,,0.000053064000,  10.00000,
,,,0.000053068000,   9.80000,
,,,0.000053072000,   9.80000,
,,,0.000053076000,   9.60000,
,,,0.000053080000,  10.00000,
,,,0.000053084000,   9.80000,
,,,0.000053088000,   9.80000,
,,,0.000053092000,   9.60000,
,,,0.000053096000,   9.80000,
,,,0.000053100000,   9.60000,
,,,0.000053104000,   9.80000,
,,,0.000053108000,   9.60000,
,,,0.000053112000,   9.80000,
,,,0.000053116000,   9.60000,
,,,0.000053120000,   9.60000,
,,,0.000053124000,   9.80000,
,,,0.000053128000,   9.80000,
,,,0.000053132000,   9.60000,
,,,0.000053136000,   9.60000,
,,,0.000053140000,   9.60000,
,,,0.000053144000,   9.60000,
,,,0.000053148000,   9.60000,
,,,0.000053152000,   9.80000,
,,,0.000053156000,  10.00000,
,,,0.000053160000,   9.60000,
,,,0.000053164000,   9.80000,
,,,0.000053168000,   9.80000,
,,,0.000053172000,   9.80000,
,,,0.000053176000,   9.80000,
,,,0.000053180000,   9.80000,
,,,0.000053184000,   9.60000,
,,,0.000053188000,   9.60000,
,,,0.000053192000,   9.80000,
,,,0.000053196000,   9.80000,
,,,0.000053200000,  10.00000,
,,,0.000053204000,  10.00000,
,,,0.000053208000,   9.80000,
,,,0.000053212000,  10.00000,
,,,0.000053216000,  10.00000,
,,,0.000053220000,  10.20000,
,,,0.000053224000,  10.00000,
,,,0.000053228000,   9.80000,
,,,0.000053232000,   9.60000,
,,,0.000053236000,   9.80000,
,,,0.000053240000,  10.00000,
,,,0.000053244000,   9.60000,
,,,0.000053248000,   9.60000,
,,,0.000053252000,   9.80000,
,,,0.000053256000,  10.00000,
,,,0.000053260000,  10.00000,
,,,0.000053264000,  10.00000,
,,,0.000053268000,   9.80000,
,,,0.000053272000,   9.80000,
,,,0.000053276000,   9.60000,
,,,0.000053280000,   9.60000,
,,,0.000053284000,   9.60000,
,,,0.000053288000,  10.00000,
,,,0.000053292000,   9.60000,
,,,0.000053296000,   9.80000,
,,,0.000053300000,   9.80000,
,,,0.000053304000,  10.00000,
,,,0.000053308000,   9.80000,
,,,0.000053312000,   9.60000,
,,,0.000053316000,  10.00000,
,,,0.000053320000,   9.80000,
,,,0.000053324000,   9.80000,
,,,0.000053328000,   9.80000,
,,,0.000053332000,   9.80000,
,,,0.000053336000,   9.40000,
,,,0.000053340000,   9.80000,
,,,0.000053344000,   9.80000,
,,,0.000053348000,  10.20000,
,,,0.000053352000,  10.00000,
,,,0.000053356000,  10.00000,
,,,0.000053360000,   9.80000,
,,,0.000053364000,   9.80000,
,,,0.000053368000,   9.80000,
,,,0.000053372000,   9.80000,
,,,0.000053376000,   9.80000,
,,,0.000053380000,   9.60000,
,,,0.000053384000,   9.80000,
,,,0.000053388000,   9.80000,
,,,0.000053392000,  10.00000,
,,,0.000053396000,   9.60000,
,,,0.000053400000,   9.60000,
,,,0.000053404000,   9.80000,
,,,0.000053408000,   9.60000,
,,,0.000053412000,  10.20000,
,,,0.000053416000,   9.80000,
,,,0.000053420000,   9.80000,
,,,0.000053424000,   9.80000,
,,,0.000053428000,   9.80000,
,,,0.000053432000,   9.80000,
,,,0.000053436000,   9.60000,
,,,0.000053440000,   9.40000,
,,,0.000053444000,   9.40000,
,,,0.000053448000,  10.00000,
,,,0.000053452000,   9.60000,
,,,0.000053456000,   9.80000,
,,,0.000053460000,  10.00000,
,,,0.000053464000,   9.80000,
,,,0.000053468000,   9.80000,
,,,0.000053472000,   9.80000,
,,,0.000053476000,  10.00000,
,,,0.000053480000,   9.60000,
,,,0.000053484000,   9.60000,
,,,0.000053488000,   9.60000,
,,,0.000053492000,   9.60000,
,,,0.000053496000,   9.40000,
,,,0.000053500000,   9.40000,
,,,0.000053504000,   9.60000,
,,,0.000053508000,   9.60000,
,,,0.000053512000,   9.60000,
,,,0.000053516000,   9.60000,
,,,0.000053520000,   9.60000,
,,,0.000053524000,   9.60000,
,,,0.000053528000,   9.60000,
,,,0.000053532000,   9.60000,
,,,0.000053536000,   9.40000,
,,,0.000053540000,   9.60000,
,,,0.000053544000,   9.60000,
,,,0.000053548000,   9.80000,
,,,0.000053552000,   9.60000,
,,,0.000053556000,   9.60000,
,,,0.000053560000,   9.80000,
,,,0.000053564000,   9.80000,
,,,0.000053568000,   9.80000,
,,,0.000053572000,   9.80000,
,,,0.000053576000,  10.00000,
,,,0.000053580000,   9.80000,
,,,0.000053584000,   9.60000,
,,,0.000053588000,   9.80000,
,,,0.000053592000,   9.80000,
,,,0.000053596000,   9.80000,
,,,0.000053600000,   9.60000,
,,,0.000053604000,   9.80000,
,,,0.000053608000,   9.80000,
,,,0.000053612000,  10.20000,
,,,0.000053616000,  10.00000,
,,,0.000053620000,   9.80000,
,,,0.000053624000,   9.60000,
,,,0.000053628000,   9.40000,
,,,0.000053632000,  10.00000,
,,,0.000053636000,   9.60000,
,,,0.000053640000,   9.60000,
,,,0.000053644000,   9.80000,
,,,0.000053648000,   9.80000,
,,,0.000053652000,   9.80000,
,,,0.000053656000,  10.00000,
,,,0.000053660000,  10.00000,
,,,0.000053664000,   9.80000,
,,,0.000053668000,   9.80000,
,,,0.000053672000,   9.60000,
,,,0.000053676000,   9.60000,
,,,0.000053680000,   9.80000,
,,,0.000053684000,   9.60000,
,,,0.000053688000,   9.60000,
,,,0.000053692000,   9.60000,
,,,0.000053696000,   9.80000,
,,,0.000053700000,   9.60000,
,,,0.000053704000,   9.60000,
,,,0.000053708000,   9.80000,
,,,0.000053712000,   9.60000,
,,,0.000053716000,   9.80000,
,,,0.000053720000,  10.00000,
,,,0.000053724000,   9.60000,
,,,0.000053728000,  10.00000,
,,,0.000053732000,   9.60000,
,,,0.000053736000,   9.80000,
,,,0.000053740000,   9.80000,
,,,0.000053744000,  10.20000,
,,,0.000053748000,   9.60000,
,,,0.000053752000,   9.80000,
,,,0.000053756000,  10.00000,
,,,0.000053760000,   9.80000,
,,,0.000053764000,   9.80000,
,,,0.000053768000,   9.80000,
,,,0.000053772000,   9.60000,
,,,0.000053776000,   9.80000,
,,,0.000053780000,   9.80000,
,,,0.000053784000,   9.60000,
,,,0.000053788000,   9.80000,
,,,0.000053792000,   9.40000,
,,,0.000053796000,   9.60000,
,,,0.000053800000,   9.60000,
,,,0.000053804000,   9.60000,
,,,0.000053808000,  10.20000,
,,,0.000053812000,   9.60000,
,,,0.000053816000,   9.60000,
,,,0.000053820000,   9.60000,
,,,0.000053824000,   9.80000,
,,,0.000053828000,  10.00000,
,,,0.000053832000,   9.60000,
,,,0.000053836000,   9.80000,
,,,0.000053840000,   9.80000,
,,,0.000053844000,   9.80000,
,,,0.000053848000,   9.60000,
,,,0.000053852000,   9.60000,
,,,0.000053856000,  10.00000,
,,,0.000053860000,   9.60000,
,,,0.000053864000,  10.00000,
,,,0.000053868000,   9.80000,
,,,0.000053872000,  10.00000,
,,,0.000053876000,   9.80000,
,,,0.000053880000,   9.60000,
,,,0.000053884000,   9.60000,
,,,0.000053888000,   9.60000,
,,,0.000053892000,   9.40000,
,,,0.000053896000,   9.60000,
,,,0.000053900000,   9.60000,
,,,0.000053904000,   9.60000,
,,,0.000053908000,   9.80000,
,,,0.000053912000,   9.60000,
,,,0.000053916000,   9.80000,
,,,0.000053920000,   9.80000,
,,,0.000053924000,   9.80000,
,,,0.000053928000,   9.40000,
,,,0.000053932000,   9.60000,
,,,0.000053936000,   9.60000,
,,,0.000053940000,  10.00000,
,,,0.000053944000,  10.00000,
,,,0.000053948000,   9.60000,
,,,0.000053952000,   9.40000,
,,,0.000053956000,  10.00000,
,,,0.000053960000,  10.00000,
,,,0.000053964000,   9.80000,
,,,0.000053968000,   9.80000,
,,,0.000053972000,  10.20000,
,,,0.000053976000,   9.60000,
,,,0.000053980000,   9.60000,
,,,0.000053984000,  10.00000,
,,,0.000053988000,   9.40000,
,,,0.000053992000,   9.60000,
,,,0.000053996000,   9.60000,
,,,0.000054000000,   9.80000,
,,,0.000054004000,   9.60000,
,,,0.000054008000,  10.00000,
,,,0.000054012000,   9.60000,
,,,0.000054016000,   9.60000,
,,,0.000054020000,   9.80000,
,,,0.000054024000,   9.60000,
,,,0.000054028000,   9.80000,
,,,0.000054032000,  10.00000,
,,,0.000054036000,   9.60000,
,,,0.000054040000,   9.60000,
,,,0.000054044000,  10.00000,
,,,0.000054048000,  10.00000,
,,,0.000054052000,   9.80000,
,,,0.000054056000,  10.00000,
,,,0.000054060000,  10.00000,
,,,0.000054064000,   9.60000,
,,,0.000054068000,   9.60000,
,,,0.000054072000,   9.60000,
,,,0.000054076000,   9.80000,
,,,0.000054080000,   9.60000,
,,,0.000054084000,   9.60000,
,,,0.000054088000,   9.80000,
,,,0.000054092000,   9.80000,
,,,0.000054096000,   9.60000,
,,,0.000054100000,   9.80000,
,,,0.000054104000,   9.80000,
,,,0.000054108000,  10.00000,
,,,0.000054112000,   9.80000,
,,,0.000054116000,   9.80000,
,,,0.000054120000,   9.60000,
,,,0.000054124000,   9.80000,
,,,0.000054128000,   9.40000,
,,,0.000054132000,   9.80000,
,,,0.000054136000,   9.80000,
,,,0.000054140000,   9.80000,
,,,0.000054144000,   9.40000,
,,,0.000054148000,  10.00000,
,,,0.000054152000,   9.60000,
,,,0.000054156000,   9.80000,
,,,0.000054160000,  10.00000,
,,,0.000054164000,  10.20000,
,,,0.000054168000,   9.80000,
,,,0.000054172000,   9.60000,
,,,0.000054176000,   9.60000,
,,,0.000054180000,   9.60000,
,,,0.000054184000,  10.00000,
,,,0.000054188000,   9.80000,
,,,0.000054192000,   9.60000,
,,,0.000054196000,   9.80000,
,,,0.000054200000,  10.00000,
,,,0.000054204000,  10.00000,
,,,0.000054208000,   9.60000,
,,,0.000054212000,   9.80000,
,,,0.000054216000,   9.60000,
,,,0.000054220000,   9.80000,
,,,0.000054224000,  10.00000,
,,,0.000054228000,   9.20000,
,,,0.000054232000,   9.60000,
,,,0.000054236000,   9.80000,
,,,0.000054240000,   9.80000,
,,,0.000054244000,  10.00000,
,,,0.000054248000,  10.00000,
,,,0.000054252000,   9.60000,
,,,0.000054256000,   9.60000,
,,,0.000054260000,   9.60000,
,,,0.000054264000,   9.40000,
,,,0.000054268000,  10.00000,
,,,0.000054272000,   9.20000,
,,,0.000054276000,   9.60000,
,,,0.000054280000,   9.40000,
,,,0.000054284000,   9.60000,
,,,0.000054288000,   9.80000,
,,,0.000054292000,   9.60000,
,,,0.000054296000,   9.60000,
,,,0.000054300000,   9.80000,
,,,0.000054304000,   9.40000,
,,,0.000054308000,   9.40000,
,,,0.000054312000,   9.60000,
,,,0.000054316000,   9.80000,
,,,0.000054320000,   9.60000,
,,,0.000054324000,   9.60000,
,,,0.000054328000,   9.80000,
,,,0.000054332000,   9.80000,
,,,0.000054336000,   9.80000,
,,,0.000054340000,   9.80000,
,,,0.000054344000,   9.60000,
,,,0.000054348000,   9.80000,
,,,0.000054352000,   9.80000,
,,,0.000054356000,   9.80000,
,,,0.000054360000,   9.80000,
,,,0.000054364000,   9.60000,
,,,0.000054368000,  10.00000,
,,,0.000054372000,   9.60000,
,,,0.000054376000,   9.60000,
,,,0.000054380000,   9.80000,
,,,0.000054384000,   9.80000,
,,,0.000054388000,   9.80000,
,,,0.000054392000,   9.80000,
,,,0.000054396000,   9.80000,
,,,0.000054400000,   9.80000,
,,,0.000054404000,  10.00000,
,,,0.000054408000,   9.80000,
,,,0.000054412000,  10.00000,
,,,0.000054416000,   9.60000,
,,,0.000054420000,   9.60000,
,,,0.000054424000,  10.00000,
,,,0.000054428000,   9.80000,
,,,0.000054432000,   9.40000,
,,,0.000054436000,   9.60000,
,,,0.000054440000,   9.80000,
,,,0.000054444000,  10.20000,
,,,0.000054448000,   9.60000,
,,,0.000054452000,  10.00000,
,,,0.000054456000,  10.00000,
,,,0.000054460000,   9.80000,
,,,0.000054464000,  10.00000,
,,,0.000054468000,   9.80000,
,,,0.000054472000,  10.00000,
,,,0.000054476000,   9.60000,
,,,0.000054480000,   9.80000,
,,,0.000054484000,  10.00000,
,,,0.000054488000,   9.80000,
,,,0.000054492000,   9.80000,
,,,0.000054496000,  10.00000,
,,,0.000054500000,   9.60000,
,,,0.000054504000,  10.00000,
,,,0.000054508000,   9.80000,
,,,0.000054512000,   9.80000,
,,,0.000054516000,   9.80000,
,,,0.000054520000,   9.80000,
,,,0.000054524000,   9.80000,
,,,0.000054528000,   9.60000,
,,,0.000054532000,   9.80000,
,,,0.000054536000,  10.00000,
,,,0.000054540000,   9.80000,
,,,0.000054544000,   9.80000,
,,,0.000054548000,  10.00000,
,,,0.000054552000,   9.80000,
,,,0.000054556000,   9.80000,
,,,0.000054560000,  10.00000,
,,,0.000054564000,   9.80000,
,,,0.000054568000,   9.80000,
,,,0.000054572000,   9.80000,
,,,0.000054576000,   9.80000,
,,,0.000054580000,   9.60000,
,,,0.000054584000,   9.60000,
,,,0.000054588000,   9.60000,
,,,0.000054592000,  10.00000,
,,,0.000054596000,   9.80000,
,,,0.000054600000,  10.00000,
,,,0.000054604000,   9.80000,
,,,0.000054608000,   9.80000,
,,,0.000054612000,   9.80000,
,,,0.000054616000,   9.80000,
,,,0.000054620000,   9.80000,
,,,0.000054624000,   9.80000,
,,,0.000054628000,   9.80000,
,,,0.000054632000,   9.60000,
,,,0.000054636000,  10.00000,
,,,0.000054640000,   9.80000,
,,,0.000054644000,   9.80000,
,,,0.000054648000,   9.60000,
,,,0.000054652000,   9.80000,
,,,0.000054656000,   9.80000,
,,,0.000054660000,   9.60000,
,,,0.000054664000,  10.00000,
,,,0.000054668000,   9.40000,
,,,0.000054672000,   9.80000,
,,,0.000054676000,   9.60000,
,,,0.000054680000,   9.80000,
,,,0.000054684000,   9.80000,
,,,0.000054688000,  10.00000,
,,,0.000054692000,   9.80000,
,,,0.000054696000,   9.80000,
,,,0.000054700000,   9.60000,
,,,0.000054704000,   9.40000,
,,,0.000054708000,   9.80000,
,,,0.000054712000,   9.80000,
,,,0.000054716000,   9.80000,
,,,0.000054720000,   9.80000,
,,,0.000054724000,   9.80000,
,,,0.000054728000,   9.80000,
,,,0.000054732000,  10.00000,
,,,0.000054736000,   9.80000,
,,,0.000054740000,   9.60000,
,,,0.000054744000,   9.60000,
,,,0.000054748000,   9.80000,
,,,0.000054752000,   9.80000,
,,,0.000054756000,  10.00000,
,,,0.000054760000,   9.40000,
,,,0.000054764000,  10.00000,
,,,0.000054768000,   9.60000,
,,,0.000054772000,   9.60000,
,,,0.000054776000,   9.80000,
,,,0.000054780000,   9.80000,
,,,0.000054784000,   9.80000,
,,,0.000054788000,   9.40000,
,,,0.000054792000,   9.60000,
,,,0.000054796000,  10.00000,
,,,0.000054800000,  10.00000,
,,,0.000054804000,   9.40000,
,,,0.000054808000,   9.80000,
,,,0.000054812000,   9.80000,
,,,0.000054816000,   9.40000,
,,,0.000054820000,   9.80000,
,,,0.000054824000,   9.80000,
,,,0.000054828000,   9.60000,
,,,0.000054832000,   9.80000,
,,,0.000054836000,   9.80000,
,,,0.000054840000,  10.00000,
,,,0.000054844000,   9.80000,
,,,0.000054848000,  10.00000,
,,,0.000054852000,  10.20000,
,,,0.000054856000,  10.00000,
,,,0.000054860000,   9.60000,
,,,0.000054864000,   9.80000,
,,,0.000054868000,  10.00000,
,,,0.000054872000,   9.60000,
,,,0.000054876000,   9.60000,
,,,0.000054880000,   9.80000,
,,,0.000054884000,   9.80000,
,,,0.000054888000,   9.80000,
,,,0.000054892000,  10.00000,
,,,0.000054896000,   9.60000,
,,,0.000054900000,   9.80000,
,,,0.000054904000,   9.80000,
,,,0.000054908000,   9.80000,
,,,0.000054912000,   9.60000,
,,,0.000054916000,  10.00000,
,,,0.000054920000,  10.00000,
,,,0.000054924000,   9.40000,
,,,0.000054928000,   9.80000,
,,,0.000054932000,  10.00000,
,,,0.000054936000,  10.00000,
,,,0.000054940000,  10.00000,
,,,0.000054944000,  10.00000,
,,,0.000054948000,   9.80000,
,,,0.000054952000,  10.00000,
,,,0.000054956000,  10.00000,
,,,0.000054960000,  10.00000,
,,,0.000054964000,   9.60000,
,,,0.000054968000,   9.60000,
,,,0.000054972000,   9.60000,
,,,0.000054976000,   9.80000,
,,,0.000054980000,   9.80000,
,,,0.000054984000,   9.80000,
,,,0.000054988000,  10.00000,
,,,0.000054992000,   9.80000,
,,,0.000054996000,  10.40000,
,,,0.000055000000,   9.80000,
,,,0.000055004000,   9.40000,
,,,0.000055008000,   9.60000,
,,,0.000055012000,   9.60000,
,,,0.000055016000,  10.00000,
,,,0.000055020000,   9.40000,
,,,0.000055024000,   9.60000,
,,,0.000055028000,   9.60000,
,,,0.000055032000,  10.00000,
,,,0.000055036000,   9.80000,
,,,0.000055040000,   9.60000,
,,,0.000055044000,  10.00000,
,,,0.000055048000,   9.80000,
,,,0.000055052000,   9.80000,
,,,0.000055056000,   9.80000,
,,,0.000055060000,  10.00000,
,,,0.000055064000,   9.60000,
,,,0.000055068000,   9.80000,
,,,0.000055072000,   9.80000,
,,,0.000055076000,   9.80000,
,,,0.000055080000,   9.80000,
,,,0.000055084000,   9.60000,
,,,0.000055088000,   9.60000,
,,,0.000055092000,   9.60000,
,,,0.000055096000,   9.60000,
,,,0.000055100000,   9.80000,
,,,0.000055104000,  10.00000,
,,,0.000055108000,   9.40000,
,,,0.000055112000,   9.80000,
,,,0.000055116000,   9.60000,
,,,0.000055120000,   9.80000,
,,,0.000055124000,   9.60000,
,,,0.000055128000,   9.80000,
,,,0.000055132000,   9.80000,
,,,0.000055136000,   9.80000,
,,,0.000055140000,   9.80000,
,,,0.000055144000,   9.80000,
,,,0.000055148000,   9.80000,
,,,0.000055152000,   9.80000,
,,,0.000055156000,   9.60000,
,,,0.000055160000,  10.20000,
,,,0.000055164000,   9.40000,
,,,0.000055168000,   9.60000,
,,,0.000055172000,  10.00000,
,,,0.000055176000,   9.80000,
,,,0.000055180000,   9.60000,
,,,0.000055184000,   9.60000,
,,,0.000055188000,   9.60000,
,,,0.000055192000,   9.60000,
,,,0.000055196000,  10.20000,
,,,0.000055200000,   9.80000,
,,,0.000055204000,  10.00000,
,,,0.000055208000,   9.60000,
,,,0.000055212000,   9.60000,
,,,0.000055216000,  10.00000,
,,,0.000055220000,   9.80000,
,,,0.000055224000,   9.80000,
,,,0.000055228000,  10.00000,
,,,0.000055232000,  10.00000,
,,,0.000055236000,   9.80000,
,,,0.000055240000,  10.00000,
,,,0.000055244000,  10.00000,
,,,0.000055248000,   9.80000,
,,,0.000055252000,   9.60000,
,,,0.000055256000,   9.80000,
,,,0.000055260000,   9.80000,
,,,0.000055264000,  10.00000,
,,,0.000055268000,   9.80000,
,,,0.000055272000,   9.60000,
,,,0.000055276000,  10.00000,
,,,0.000055280000,  10.20000,
,,,0.000055284000,   9.60000,
,,,0.000055288000,   9.80000,
,,,0.000055292000,   9.60000,
,,,0.000055296000,  10.00000,
,,,0.000055300000,   9.80000,
,,,0.000055304000,   9.80000,
,,,0.000055308000,   9.60000,
,,,0.000055312000,  10.00000,
,,,0.000055316000,   9.80000,
,,,0.000055320000,   9.80000,
,,,0.000055324000,   9.80000,
,,,0.000055328000,  10.20000,
,,,0.000055332000,   9.80000,
,,,0.000055336000,   9.60000,
,,,0.000055340000,  10.00000,
,,,0.000055344000,   9.80000,
,,,0.000055348000,   9.60000,
,,,0.000055352000,   9.80000,
,,,0.000055356000,   9.60000,
,,,0.000055360000,   9.60000,
,,,0.000055364000,   9.80000,
,,,0.000055368000,   9.80000,
,,,0.000055372000,  10.00000,
,,,0.000055376000,   9.60000,
,,,0.000055380000,   9.80000,
,,,0.000055384000,   9.80000,
,,,0.000055388000,   9.60000,
,,,0.000055392000,  10.00000,
,,,0.000055396000,   9.80000,
,,,0.000055400000,   9.40000,
,,,0.000055404000,   9.60000,
,,,0.000055408000,   9.80000,
,,,0.000055412000,   9.80000,
,,,0.000055416000,   9.60000,
,,,0.000055420000,   9.40000,
,,,0.000055424000,   9.60000,
,,,0.000055428000,   9.60000,
,,,0.000055432000,   9.60000,
,,,0.000055436000,   9.60000,
,,,0.000055440000,  10.00000,
,,,0.000055444000,   9.40000,
,,,0.000055448000,   9.60000,
,,,0.000055452000,   9.60000,
,,,0.000055456000,   9.40000,
,,,0.000055460000,   9.40000,
,,,0.000055464000,   9.40000,
,,,0.000055468000,   9.20000,
,,,0.000055472000,   9.20000,
,,,0.000055476000,   9.20000,
,,,0.000055480000,   8.80000,
,,,0.000055484000,   7.80000,
,,,0.000055488000,   6.40000,
,,,0.000055492000,   5.20000,
,,,0.000055496000,   4.20000,
,,,0.000055500000,   2.80000,
,,,0.000055504000,   1.80000,
,,,0.000055508000,   0.40000,
,,,0.000055512000,  -0.40000,
,,,0.000055516000,  -1.60000,
,,,0.000055520000,  -2.20000,
,,,0.000055524000,  -2.80000,
,,,0.000055528000,  -3.60000,
,,,0.000055532000,  -4.20000,
,,,0.000055536000,  -5.00000,
,,,0.000055540000,  -5.20000,
,,,0.000055544000,  -5.80000,
,,,0.000055548000,  -6.40000,
,,,0.000055552000,  -6.80000,
,,,0.000055556000,  -6.80000,
,,,0.000055560000,  -7.40000,
,,,0.000055564000,  -7.60000,
,,,0.000055568000,  -8.00000,
,,,0.000055572000,  -8.40000,
,,,0.000055576000,  -8.20000,
,,,0.000055580000,  -8.80000,
,,,0.000055584000,  -8.60000,
,,,0.000055588000,  -8.80000,
,,,0.000055592000,  -8.60000,
,,,0.000055596000,  -9.00000,
,,,0.000055600000,  -9.20000,
,,,0.000055604000,  -9.20000,
,,,0.000055608000,  -9.60000,
,,,0.000055612000,  -9.20000,
,,,0.000055616000,  -9.60000,
,,,0.000055620000,  -9.60000,
,,,0.000055624000,  -9.60000,
,,,0.000055628000,  -9.60000,
,,,0.000055632000,  -9.40000,
,,,0.000055636000,  -9.60000,
,,,0.000055640000,  -9.60000,
,,,0.000055644000,  -9.80000,
,,,0.000055648000,  -9.80000,
,,,0.000055652000,  -9.60000,
,,,0.000055656000, -10.00000,
,,,0.000055660000,  -9.60000,
,,,0.000055664000, -10.00000,
,,,0.000055668000, -10.20000,
,,,0.000055672000, -10.20000,
,,,0.000055676000, -10.00000,
,,,0.000055680000, -10.20000,
,,,0.000055684000, -10.00000,
,,,0.000055688000, -10.20000,
,,,0.000055692000,  -9.80000,
,,,0.000055696000, -10.20000,
,,,0.000055700000, -10.20000,
,,,0.000055704000, -10.00000,
,,,0.000055708000, -10.00000,
,,,0.000055712000, -10.40000,
,,,0.000055716000, -10.40000,
,,,0.000055720000, -10.00000,
,,,0.000055724000, -10.00000,
,,,0.000055728000, -10.20000,
,,,0.000055732000, -10.20000,
,,,0.000055736000, -10.20000,
,,,0.000055740000, -10.20000,
,,,0.000055744000, -10.00000,
,,,0.000055748000, -10.00000,
,,,0.000055752000, -10.40000,
,,,0.000055756000, -10.40000,
,,,0.000055760000, -10.20000,
,,,0.000055764000, -10.20000,
,,,0.000055768000, -10.40000,
,,,0.000055772000, -10.40000,
,,,0.000055776000, -10.40000,
,,,0.000055780000, -10.40000,
,,,0.000055784000, -10.40000,
,,,0.000055788000, -10.00000,
,,,0.000055792000, -10.40000,
,,,0.000055796000, -10.20000,
,,,0.000055800000, -10.60000,
,,,0.000055804000, -10.40000,
,,,0.000055808000, -10.20000,
,,,0.000055812000, -10.40000,
,,,0.000055816000, -10.40000,
,,,0.000055820000, -10.40000,
,,,0.000055824000, -10.00000,
,,,0.000055828000, -10.40000,
,,,0.000055832000, -10.20000,
,,,0.000055836000, -10.00000,
,,,0.000055840000, -10.20000,
,,,0.000055844000, -10.20000,
,,,0.000055848000, -10.20000,
,,,0.000055852000, -10.00000,
,,,0.000055856000, -10.20000,
,,,0.000055860000, -10.20000,
,,,0.000055864000, -10.20000,
,,,0.000055868000, -10.20000,
,,,0.000055872000, -10.60000,
,,,0.000055876000, -10.40000,
,,,0.000055880000, -10.40000,
,,,0.000055884000, -10.40000,
,,,0.000055888000, -10.20000,
,,,0.000055892000, -10.40000,
,,,0.000055896000, -10.40000,
,,,0.000055900000, -10.60000,
,,,0.000055904000, -10.20000,
,,,0.000055908000, -10.40000,
,,,0.000055912000, -10.20000,
,,,0.000055916000, -10.60000,
,,,0.000055920000, -10.40000,
,,,0.000055924000, -10.20000,
,,,0.000055928000, -10.20000,
,,,0.000055932000,  -9.80000,
,,,0.000055936000, -10.20000,
,,,0.000055940000, -10.20000,
,,,0.000055944000, -10.20000,
,,,0.000055948000, -10.40000,
,,,0.000055952000, -10.00000,
,,,0.000055956000, -10.40000,
,,,0.000055960000, -10.40000,
,,,0.000055964000, -10.00000,
,,,0.000055968000, -10.40000,
,,,0.000055972000, -10.20000,
,,,0.000055976000, -10.40000,
,,,0.000055980000, -10.00000,
,,,0.000055984000, -10.20000,
,,,0.000055988000, -10.00000,
,,,0.000055992000, -10.20000,
,,,0.000055996000, -10.20000,
,,,0.000056000000, -10.40000,
,,,0.000056004000, -10.40000,
,,,0.000056008000, -10.00000,
,,,0.000056012000, -10.20000,
,,,0.000056016000, -10.60000,
,,,0.000056020000, -10.60000,
,,,0.000056024000, -10.20000,
,,,0.000056028000,  -9.80000,
,,,0.000056032000, -10.40000,
,,,0.000056036000, -10.20000,
,,,0.000056040000, -10.40000,
,,,0.000056044000, -10.40000,
,,,0.000056048000, -10.60000,
,,,0.000056052000, -10.40000,
,,,0.000056056000,  -9.80000,
,,,0.000056060000, -10.40000,
,,,0.000056064000, -10.20000,
,,,0.000056068000, -10.20000,
,,,0.000056072000, -10.00000,
,,,0.000056076000, -10.40000,
,,,0.000056080000, -10.20000,
,,,0.000056084000, -10.20000,
,,,0.000056088000, -10.00000,
,,,0.000056092000, -10.20000,
,,,0.000056096000, -10.40000,
,,,0.000056100000, -10.40000,
,,,0.000056104000, -10.20000,
,,,0.000056108000, -10.20000,
,,,0.000056112000, -10.20000,
,,,0.000056116000, -10.40000,
,,,0.000056120000, -10.00000,
,,,0.000056124000, -10.00000,
,,,0.000056128000, -10.00000,
,,,0.000056132000, -10.40000,
,,,0.000056136000, -10.20000,
,,,0.000056140000, -10.40000,
,,,0.000056144000, -10.40000,
,,,0.000056148000, -10.40000,
,,,0.000056152000, -10.60000,
,,,0.000056156000, -10.40000,
,,,0.000056160000, -10.20000,
,,,0.000056164000, -10.40000,
,,,0.000056168000, -10.20000,
,,,0.000056172000, -10.20000,
,,,0.000056176000, -10.20000,
,,,0.000056180000, -10.40000,
,,,0.000056184000, -10.00000,
,,,0.000056188000, -10.40000,
,,,0.000056192000, -10.20000,
,,,0.000056196000, -10.60000,
,,,0.000056200000, -10.20000,
,,,0.000056204000,  -9.80000,
,,,0.000056208000, -10.40000,
,,,0.000056212000, -10.20000,
,,,0.000056216000, -10.40000,
,,,0.000056220000, -10.20000,
,,,0.000056224000, -10.00000,
,,,0.000056228000, -10.00000,
,,,0.000056232000, -10.00000,
,,,0.000056236000, -10.20000,
,,,0.000056240000, -10.40000,
,,,0.000056244000, -10.20000,
,,,0.000056248000, -10.20000,
,,,0.000056252000, -10.40000,
,,,0.000056256000, -10.40000,
,,,0.000056260000, -10.20000,
,,,0.000056264000, -10.40000,
,,,0.000056268000, -10.20000,
,,,0.000056272000, -10.20000,
,,,0.000056276000, -10.40000,
,,,0.000056280000, -10.00000,
,,,0.000056284000, -10.20000,
,,,0.000056288000, -10.40000,
,,,0.000056292000, -10.00000,
,,,0.000056296000, -10.20000,
,,,0.000056300000, -10.20000,
,,,0.000056304000, -10.40000,
,,,0.000056308000, -10.20000,
,,,0.000056312000, -10.40000,
,,,0.000056316000, -10.60000,
,,,0.000056320000,  -9.80000,
,,,0.000056324000, -10.40000,
,,,0.000056328000, -10.40000,
,,,0.000056332000, -10.20000,
,,,0.000056336000,  -9.80000,
,,,0.000056340000, -10.20000,
,,,0.000056344000, -10.40000,
,,,0.000056348000, -10.00000,
,,,0.000056352000, -10.20000,
,,,0.000056356000, -10.40000,
,,,0.000056360000, -10.00000,
,,,0.000056364000, -10.20000,
,,,0.000056368000, -10.20000,
,,,0.000056372000, -10.20000,
,,,0.000056376000, -10.40000,
,,,0.000056380000, -10.40000,
,,,0.000056384000, -10.00000,
,,,0.000056388000, -10.00000,
,,,0.000056392000, -10.20000,
,,,0.000056396000, -10.40000,
,,,0.000056400000, -10.40000,
,,,0.000056404000, -10.00000,
,,,0.000056408000, -10.20000,
,,,0.000056412000, -10.40000,
,,,0.000056416000, -10.00000,
,,,0.000056420000,  -9.80000,
,,,0.000056424000, -10.00000,
,,,0.000056428000, -10.40000,
,,,0.000056432000, -10.00000,
,,,0.000056436000, -10.00000,
,,,0.000056440000, -10.40000,
,,,0.000056444000, -10.20000,
,,,0.000056448000, -10.40000,
,,,0.000056452000, -10.20000,
,,,0.000056456000, -10.20000,
,,,0.000056460000, -10.00000,
,,,0.000056464000, -10.40000,
,,,0.000056468000, -10.00000,
,,,0.000056472000, -10.20000,
,,,0.000056476000, -10.20000,
,,,0.000056480000, -10.20000,
,,,0.000056484000, -10.20000,
,,,0.000056488000, -10.00000,
,,,0.000056492000, -10.40000,
,,,0.000056496000, -10.40000,
,,,0.000056500000, -10.00000,
,,,0.000056504000, -10.40000,
,,,0.000056508000, -10.20000,
,,,0.000056512000, -10.40000,
,,,0.000056516000, -10.00000,
,,,0.000056520000, -10.20000,
,,,0.000056524000,  -9.80000,
,,,0.000056528000,  -9.80000,
,,,0.000056532000, -10.20000,
,,,0.000056536000, -10.20000,
,,,0.000056540000, -10.00000,
,,,0.000056544000, -10.20000,
,,,0.000056548000, -10.20000,
,,,0.000056552000, -10.40000,
,,,0.000056556000, -10.40000,
,,,0.000056560000, -10.00000,
,,,0.000056564000, -10.40000,
,,,0.000056568000, -10.20000,
,,,0.000056572000, -10.40000,
,,,0.000056576000, -10.40000,
,,,0.000056580000,  -9.80000,
,,,0.000056584000, -10.40000,
,,,0.000056588000, -10.20000,
,,,0.000056592000, -10.40000,
,,,0.000056596000, -10.20000,
,,,0.000056600000, -10.00000,
,,,0.000056604000, -10.40000,
,,,0.000056608000, -10.20000,
,,,0.000056612000, -10.40000,
,,,0.000056616000, -10.20000,
,,,0.000056620000, -10.40000,
,,,0.000056624000,  -9.80000,
,,,0.000056628000,  -9.80000,
,,,0.000056632000, -10.20000,
,,,0.000056636000, -10.40000,
,,,0.000056640000, -10.40000,
,,,0.000056644000, -10.20000,
,,,0.000056648000, -10.40000,
,,,0.000056652000, -10.40000,
,,,0.000056656000, -10.40000,
,,,0.000056660000, -10.20000,
,,,0.000056664000, -10.40000,
,,,0.000056668000, -10.40000,
,,,0.000056672000, -10.20000,
,,,0.000056676000,  -9.80000,
,,,0.000056680000, -10.20000,
,,,0.000056684000, -10.20000,
,,,0.000056688000, -10.20000,
,,,0.000056692000, -10.40000,
,,,0.000056696000, -10.40000,
,,,0.000056700000, -10.20000,
,,,0.000056704000, -10.20000,
,,,0.000056708000, -10.40000,
,,,0.000056712000, -10.40000,
,,,0.000056716000, -10.00000,
,,,0.000056720000, -10.20000,
,,,0.000056724000, -10.00000,
,,,0.000056728000, -10.20000,
,,,0.000056732000, -10.00000,
,,,0.000056736000, -10.20000,
,,,0.000056740000, -10.20000,
,,,0.000056744000, -10.00000,
,,,0.000056748000, -10.40000,
,,,0.000056752000, -10.40000,
,,,0.000056756000, -10.00000,
,,,0.000056760000, -10.20000,
,,,0.000056764000, -10.20000,
,,,0.000056768000, -10.20000,
,,,0.000056772000, -10.20000,
,,,0.000056776000, -10.20000,
,,,0.000056780000,  -9.80000,
,,,0.000056784000, -10.00000,
,,,0.000056788000, -10.00000,
,,,0.000056792000, -10.20000,
,,,0.000056796000, -10.40000,
,,,0.000056800000, -10.20000,
,,,0.000056804000, -10.20000,
,,,0.000056808000, -10.40000,
,,,0.000056812000, -10.40000,
,,,0.000056816000, -10.00000,
,,,0.000056820000, -10.00000,
,,,0.000056824000, -10.00000,
,,,0.000056828000, -10.20000,
,,,0.000056832000, -10.00000,
,,,0.000056836000, -10.20000,
,,,0.000056840000, -10.00000,
,,,0.000056844000, -10.00000,
,,,0.000056848000,  -9.60000,
,,,0.000056852000, -10.20000,
,,,0.000056856000, -10.20000,
,,,0.000056860000, -10.20000,
,,,0.000056864000, -10.20000,
,,,0.000056868000, -10.00000,
,,,0.000056872000, -10.00000,
,,,0.000056876000, -10.00000,
,,,0.000056880000, -10.00000,
,,,0.000056884000, -10.40000,
,,,0.000056888000, -10.20000,
,,,0.000056892000, -10.40000,
,,,0.000056896000, -10.40000,
,,,0.000056900000, -10.00000,
,,,0.000056904000, -10.40000,
,,,0.000056908000, -10.20000,
,,,0.000056912000, -10.20000,
,,,0.000056916000, -10.00000,
,,,0.000056920000, -10.40000,
,,,0.000056924000, -10.00000,
,,,0.000056928000, -10.40000,
,,,0.000056932000, -10.40000,
,,,0.000056936000,  -9.80000,
,,,0.000056940000, -10.20000,
,,,0.000056944000, -10.40000,
,,,0.000056948000, -10.40000,
,,,0.000056952000, -10.40000,
,,,0.000056956000, -10.20000,
,,,0.000056960000, -10.00000,
,,,0.000056964000, -10.00000,
,,,0.000056968000, -10.40000,
,,,0.000056972000, -10.20000,
,,,0.000056976000, -10.00000,
,,,0.000056980000, -10.20000,
,,,0.000056984000, -10.20000,
,,,0.000056988000, -10.20000,
,,,0.000056992000, -10.40000,
,,,0.000056996000, -10.20000,
,,,0.000057000000, -10.20000,
,,,0.000057004000, -10.40000,
,,,0.000057008000, -10.40000,
,,,0.000057012000,  -9.80000,
,,,0.000057016000, -10.20000,
,,,0.000057020000, -10.00000,
,,,0.000057024000, -10.00000,
,,,0.000057028000, -10.00000,
,,,0.000057032000, -10.40000,
,,,0.000057036000, -10.40000,
,,,0.000057040000,  -9.80000,
,,,0.000057044000, -10.40000,
,,,0.000057048000, -10.40000,
,,,0.000057052000, -10.20000,
,,,0.000057056000, -10.20000,
,,,0.000057060000, -10.40000,
,,,0.000057064000, -10.40000,
,,,0.000057068000, -10.40000,
,,,0.000057072000, -10.20000,
,,,0.000057076000, -10.00000,
,,,0.000057080000, -10.00000,
,,,0.000057084000, -10.20000,
,,,0.000057088000, -10.40000,
,,,0.000057092000, -10.20000,
,,,0.000057096000, -10.40000,
,,,0.000057100000, -10.40000,
,,,0.000057104000, -10.00000,
,,,0.000057108000, -10.20000,
,,,0.000057112000, -10.00000,
,,,0.000057116000, -10.40000,
,,,0.000057120000, -10.00000,
,,,0.000057124000, -10.00000,
,,,0.000057128000, -10.00000,
,,,0.000057132000, -10.40000,
,,,0.000057136000, -10.40000,
,,,0.000057140000, -10.20000,
,,,0.000057144000, -10.20000,
,,,0.000057148000, -10.20000,
,,,0.000057152000, -10.00000,
,,,0.000057156000, -10.40000,
,,,0.000057160000, -10.20000,
,,,0.000057164000, -10.20000,
,,,0.000057168000,  -9.80000,
,,,0.000057172000, -10.00000,
,,,0.000057176000, -10.20000,
,,,0.000057180000,  -9.80000,
,,,0.000057184000, -10.20000,
,,,0.000057188000, -10.20000,
,,,0.000057192000, -10.40000,
,,,0.000057196000, -10.00000,
,,,0.000057200000, -10.00000,
,,,0.000057204000, -10.20000,
,,,0.000057208000, -10.20000,
,,,0.000057212000, -10.00000,
,,,0.000057216000,  -9.80000,
,,,0.000057220000, -10.60000,
,,,0.000057224000, -10.20000,
,,,0.000057228000, -10.00000,
,,,0.000057232000, -10.00000,
,,,0.000057236000, -10.00000,
,,,0.000057240000, -10.00000,
,,,0.000057244000, -10.00000,
,,,0.000057248000, -10.00000,
,,,0.000057252000, -10.00000,
,,,0.000057256000, -10.20000,
,,,0.000057260000, -10.20000,
,,,0.000057264000, -10.20000,
,,,0.000057268000, -10.00000,
,,,0.000057272000, -10.00000,
,,,0.000057276000, -10.20000,
,,,0.000057280000, -10.20000,
,,,0.000057284000, -10.20000,
,,,0.000057288000, -10.20000,
,,,0.000057292000, -10.00000,
,,,0.000057296000, -10.20000,
,,,0.000057300000, -10.00000,
,,,0.000057304000, -10.40000,
,,,0.000057308000, -10.40000,
,,,0.000057312000, -10.00000,
,,,0.000057316000, -10.20000,
,,,0.000057320000, -10.20000,
,,,0.000057324000, -10.00000,
,,,0.000057328000, -10.00000,
,,,0.000057332000, -10.00000,
,,,0.000057336000, -10.20000,
,,,0.000057340000, -10.40000,
,,,0.000057344000, -10.20000,
,,,0.000057348000, -10.00000,
,,,0.000057352000, -10.20000,
,,,0.000057356000, -10.40000,
,,,0.000057360000, -10.20000,
,,,0.000057364000, -10.00000,
,,,0.000057368000, -10.20000,
,,,0.000057372000,  -9.80000,
,,,0.000057376000, -10.00000,
,,,0.000057380000, -10.00000,
,,,0.000057384000, -10.20000,
,,,0.000057388000, -10.20000,
,,,0.000057392000, -10.00000,
,,,0.000057396000, -10.20000,
,,,0.000057400000, -10.20000,
,,,0.000057404000, -10.20000,
,,,0.000057408000, -10.00000,
,,,0.000057412000, -10.20000,
,,,0.000057416000, -10.00000,
,,,0.000057420000,  -9.80000,
,,,0.000057424000, -10.00000,
,,,0.000057428000, -10.20000,
,,,0.000057432000, -10.20000,
,,,0.000057436000, -10.00000,
,,,0.000057440000, -10.00000,
,,,0.000057444000, -10.20000,
,,,0.000057448000, -10.00000,
,,,0.000057452000, -10.40000,
,,,0.000057456000, -10.40000,
,,,0.000057460000, -10.20000,
,,,0.000057464000, -10.40000,
,,,0.000057468000, -10.00000,
,,,0.000057472000, -10.20000,
,,,0.000057476000, -10.40000,
,,,0.000057480000, -10.20000,
,,,0.000057484000, -10.20000,
,,,0.000057488000, -10.40000,
,,,0.000057492000, -10.20000,
,,,0.000057496000, -10.20000,
,,,0.000057500000, -10.60000,
,,,0.000057504000, -10.20000,
,,,0.000057508000, -10.00000,
,,,0.000057512000, -10.60000,
,,,0.000057516000, -10.00000,
,,,0.000057520000,  -9.80000,
,,,0.000057524000, -10.00000,
,,,0.000057528000, -10.40000,
,,,0.000057532000, -10.20000,
,,,0.000057536000, -10.00000,
,,,0.000057540000, -10.20000,
,,,0.000057544000, -10.60000,
,,,0.000057548000, -10.20000,
,,,0.000057552000, -10.40000,
,,,0.000057556000, -10.20000,
,,,0.000057560000, -10.20000,
,,,0.000057564000, -10.00000,
,,,0.000057568000, -10.00000,
,,,0.000057572000, -10.00000,
,,,0.000057576000, -10.00000,
,,,0.000057580000, -10.20000,
,,,0.000057584000, -10.20000,
,,,0.000057588000, -10.20000,
,,,0.000057592000, -10.00000,
,,,0.000057596000, -10.20000,
,,,0.000057600000, -10.00000,
,,,0.000057604000, -10.40000,
,,,0.000057608000, -10.40000,
,,,0.000057612000, -10.00000,
,,,0.000057616000, -10.20000,
,,,0.000057620000, -10.20000,
,,,0.000057624000, -10.00000,
,,,0.000057628000, -10.20000,
,,,0.000057632000, -10.00000,
,,,0.000057636000, -10.20000,
,,,0.000057640000, -10.00000,
,,,0.000057644000, -10.20000,
,,,0.000057648000, -10.20000,
,,,0.000057652000, -10.40000,
,,,0.000057656000, -10.40000,
,,,0.000057660000, -10.20000,
,,,0.000057664000, -10.40000,
,,,0.000057668000, -10.00000,
,,,0.000057672000, -10.00000,
,,,0.000057676000, -10.20000,
,,,0.000057680000, -10.20000,
,,,0.000057684000, -10.00000,
,,,0.000057688000, -10.00000,
,,,0.000057692000, -10.20000,
,,,0.000057696000, -10.20000,
,,,0.000057700000, -10.40000,
,,,0.000057704000, -10.20000,
,,,0.000057708000, -10.40000,
,,,0.000057712000, -10.00000,
,,,0.000057716000, -10.00000,
,,,0.000057720000, -10.20000,
,,,0.000057724000, -10.40000,
,,,0.000057728000, -10.40000,
,,,0.000057732000, -10.20000,
,,,0.000057736000, -10.40000,
,,,0.000057740000, -10.60000,
,,,0.000057744000, -10.40000,
,,,0.000057748000, -10.00000,
,,,0.000057752000, -10.00000,
,,,0.000057756000, -10.40000,
,,,0.000057760000, -10.00000,
,,,0.000057764000, -10.40000,
,,,0.000057768000,  -9.80000,
,,,0.000057772000, -10.20000,
,,,0.000057776000, -10.00000,
,,,0.000057780000, -10.40000,
,,,0.000057784000, -10.40000,
,,,0.000057788000,  -9.80000,
,,,0.000057792000, -10.40000,
,,,0.000057796000, -10.40000,
,,,0.000057800000, -10.60000,
,,,0.000057804000, -10.00000,
,,,0.000057808000,  -9.80000,
,,,0.000057812000, -10.00000,
,,,0.000057816000,  -9.80000,
,,,0.000057820000, -10.20000,
,,,0.000057824000, -10.20000,
,,,0.000057828000, -10.20000,
,,,0.000057832000,  -9.80000,
,,,0.000057836000, -10.00000,
,,,0.000057840000, -10.20000,
,,,0.000057844000, -10.20000,
,,,0.000057848000, -10.60000,
,,,0.000057852000, -10.60000,
,,,0.000057856000, -10.20000,
,,,0.000057860000, -10.20000,
,,,0.000057864000, -10.00000,
,,,0.000057868000, -10.40000,
,,,0.000057872000, -10.60000,
,,,0.000057876000, -10.20000,
,,,0.000057880000, -10.20000,
,,,0.000057884000, -10.40000,
,,,0.000057888000, -10.40000,
,,,0.000057892000, -10.20000,
,,,0.000057896000, -10.40000,
,,,0.000057900000, -10.20000,
,,,0.000057904000,  -9.80000,
,,,0.000057908000, -10.20000,
,,,0.000057912000, -10.20000,
,,,0.000057916000, -10.00000,
,,,0.000057920000, -10.20000,
,,,0.000057924000, -10.40000,
,,,0.000057928000, -10.20000,
,,,0.000057932000,  -9.80000,
,,,0.000057936000, -10.20000,
,,,0.000057940000, -10.20000,
,,,0.000057944000, -10.00000,
,,,0.000057948000, -10.20000,
,,,0.000057952000, -10.20000,
,,,0.000057956000, -10.20000,
,,,0.000057960000, -10.40000,
,,,0.000057964000,  -9.80000,
,,,0.000057968000, -10.20000,
,,,0.000057972000,  -9.80000,
,,,0.000057976000, -10.40000,
,,,0.000057980000, -10.40000,
,,,0.000057984000, -10.20000,
,,,0.000057988000,  -9.80000,
,,,0.000057992000, -10.40000,
,,,0.000057996000, -10.60000,
,,,0.000058000000, -10.20000,
,,,0.000058004000, -10.00000,
,,,0.000058008000,  -9.80000,
,,,0.000058012000, -10.20000,
,,,0.000058016000, -10.00000,
,,,0.000058020000, -10.00000,
,,,0.000058024000, -10.40000,
,,,0.000058028000, -10.20000,
,,,0.000058032000, -10.20000,
,,,0.000058036000, -10.20000,
,,,0.000058040000, -10.40000,
,,,0.000058044000, -10.20000,
,,,0.000058048000, -10.40000,
,,,0.000058052000, -10.00000,
,,,0.000058056000, -10.20000,
,,,0.000058060000, -10.00000,
,,,0.000058064000, -10.00000,
,,,0.000058068000, -10.00000,
,,,0.000058072000, -10.00000,
,,,0.000058076000, -10.20000,
,,,0.000058080000, -10.20000,
,,,0.000058084000, -10.20000,
,,,0.000058088000, -10.20000,
,,,0.000058092000, -10.40000,
,,,0.000058096000, -10.40000,
,,,0.000058100000, -10.20000,
,,,0.000058104000, -10.20000,
,,,0.000058108000, -10.20000,
,,,0.000058112000, -10.20000,
,,,0.000058116000, -10.20000,
,,,0.000058120000, -10.40000,
,,,0.000058124000, -10.00000,
,,,0.000058128000, -10.20000,
,,,0.000058132000, -10.60000,
,,,0.000058136000, -10.40000,
,,,0.000058140000, -10.20000,
,,,0.000058144000, -10.20000,
,,,0.000058148000, -10.20000,
,,,0.000058152000, -10.20000,
,,,0.000058156000, -10.20000,
,,,0.000058160000, -10.00000,
,,,0.000058164000,  -9.80000,
,,,0.000058168000, -10.20000,
,,,0.000058172000, -10.00000,
,,,0.000058176000, -10.00000,
,,,0.000058180000, -10.40000,
,,,0.000058184000,  -9.80000,
,,,0.000058188000, -10.20000,
,,,0.000058192000, -10.20000,
,,,0.000058196000, -10.20000,
,,,0.000058200000,  -9.80000,
,,,0.000058204000, -10.00000,
,,,0.000058208000, -10.40000,
,,,0.000058212000, -10.00000,
,,,0.000058216000, -10.20000,
,,,0.000058220000, -10.40000,
,,,0.000058224000, -10.20000,
,,,0.000058228000,  -9.80000,
,,,0.000058232000, -10.40000,
,,,0.000058236000, -10.40000,
,,,0.000058240000, -10.40000,
,,,0.000058244000, -10.20000,
,,,0.000058248000, -10.60000,
,,,0.000058252000, -10.40000,
,,,0.000058256000, -10.20000,
,,,0.000058260000, -10.00000,
,,,0.000058264000, -10.20000,
,,,0.000058268000, -10.20000,
,,,0.000058272000, -10.20000,
,,,0.000058276000, -10.40000,
,,,0.000058280000, -10.20000,
,,,0.000058284000, -10.20000,
,,,0.000058288000, -10.20000,
,,,0.000058292000, -10.40000,
,,,0.000058296000, -10.20000,
,,,0.000058300000,  -9.80000,
,,,0.000058304000, -10.20000,
,,,0.000058308000,  -9.80000,
,,,0.000058312000, -10.60000,
,,,0.000058316000, -10.00000,
,,,0.000058320000, -10.20000,
,,,0.000058324000, -10.20000,
,,,0.000058328000, -10.00000,
,,,0.000058332000, -10.40000,
,,,0.000058336000, -10.40000,
,,,0.000058340000, -10.00000,
,,,0.000058344000, -10.40000,
,,,0.000058348000, -10.40000,
,,,0.000058352000, -10.20000,
,,,0.000058356000, -10.40000,
,,,0.000058360000, -10.20000,
,,,0.000058364000,  -9.80000,
,,,0.000058368000, -10.00000,
,,,0.000058372000, -10.20000,
,,,0.000058376000, -10.20000,
,,,0.000058380000, -10.40000,
,,,0.000058384000, -10.00000,
,,,0.000058388000, -10.00000,
,,,0.000058392000, -10.40000,
,,,0.000058396000, -10.20000,
,,,0.000058400000, -10.20000,
,,,0.000058404000,  -9.80000,
,,,0.000058408000, -10.40000,
,,,0.000058412000, -10.00000,
,,,0.000058416000, -10.00000,
,,,0.000058420000, -10.20000,
,,,0.000058424000, -10.20000,
,,,0.000058428000, -10.20000,
,,,0.000058432000, -10.00000,
,,,0.000058436000, -10.20000,
,,,0.000058440000, -10.20000,
,,,0.000058444000, -10.20000,
,,,0.000058448000, -10.00000,
,,,0.000058452000, -10.40000,
,,,0.000058456000, -10.40000,
,,,0.000058460000, -10.20000,
,,,0.000058464000, -10.00000,
,,,0.000058468000, -10.20000,
,,,0.000058472000, -10.00000,
,,,0.000058476000, -10.40000,
,,,0.000058480000, -10.20000,
,,,0.000058484000, -10.40000,
,,,0.000058488000, -10.40000,
,,,0.000058492000, -10.40000,
,,,0.000058496000, -10.20000,
,,,0.000058500000,  -9.60000,
,,,0.000058504000, -10.20000,
,,,0.000058508000, -10.00000,
,,,0.000058512000, -10.40000,
,,,0.000058516000, -10.00000,
,,,0.000058520000, -10.00000,
,,,0.000058524000, -10.20000,
,,,0.000058528000, -10.20000,
,,,0.000058532000, -10.20000,
,,,0.000058536000, -10.40000,
,,,0.000058540000, -10.40000,
,,,0.000058544000, -10.20000,
,,,0.000058548000, -10.20000,
,,,0.000058552000, -10.20000,
,,,0.000058556000, -10.20000,
,,,0.000058560000, -10.00000,
,,,0.000058564000, -10.00000,
,,,0.000058568000, -10.20000,
,,,0.000058572000, -10.40000,
,,,0.000058576000, -10.40000,
,,,0.000058580000, -10.00000,
,,,0.000058584000, -10.40000,
,,,0.000058588000, -10.20000,
,,,0.000058592000, -10.40000,
,,,0.000058596000,  -9.80000,
,,,0.000058600000, -10.20000,
,,,0.000058604000,  -9.80000,
,,,0.000058608000, -10.00000,
,,,0.000058612000, -10.20000,
,,,0.000058616000, -10.00000,
,,,0.000058620000, -10.20000,
,,,0.000058624000, -10.20000,
,,,0.000058628000, -10.00000,
,,,0.000058632000, -10.20000,
,,,0.000058636000, -10.20000,
,,,0.000058640000, -10.00000,
,,,0.000058644000, -10.20000,
,,,0.000058648000, -10.20000,
,,,0.000058652000, -10.00000,
,,,0.000058656000, -10.20000,
,,,0.000058660000, -10.20000,
,,,0.000058664000, -10.20000,
,,,0.000058668000, -10.00000,
,,,0.000058672000, -10.20000,
,,,0.000058676000, -10.20000,
,,,0.000058680000, -10.20000,
,,,0.000058684000, -10.40000,
,,,0.000058688000, -10.60000,
,,,0.000058692000, -10.20000,
,,,0.000058696000, -10.00000,
,,,0.000058700000, -10.00000,
,,,0.000058704000, -10.40000,
,,,0.000058708000, -10.20000,
,,,0.000058712000, -10.00000,
,,,0.000058716000, -10.20000,
,,,0.000058720000, -10.40000,
,,,0.000058724000, -10.00000,
,,,0.000058728000, -10.40000,
,,,0.000058732000, -10.20000,
,,,0.000058736000, -10.00000,
,,,0.000058740000, -10.20000,
,,,0.000058744000, -10.00000,
,,,0.000058748000, -10.00000,
,,,0.000058752000, -10.20000,
,,,0.000058756000, -10.20000,
,,,0.000058760000, -10.00000,
,,,0.000058764000, -10.20000,
,,,0.000058768000, -10.00000,
,,,0.000058772000, -10.40000,
,,,0.000058776000, -10.40000,
,,,0.000058780000, -10.00000,
,,,0.000058784000, -10.00000,
,,,0.000058788000, -10.60000,
,,,0.000058792000, -10.40000,
,,,0.000058796000, -10.20000,
,,,0.000058800000, -10.00000,
,,,0.000058804000, -10.20000,
,,,0.000058808000, -10.20000,
,,,0.000058812000, -10.00000,
,,,0.000058816000, -10.20000,
,,,0.000058820000, -10.00000,
,,,0.000058824000, -10.20000,
,,,0.000058828000, -10.00000,
,,,0.000058832000, -10.20000,
,,,0.000058836000, -10.40000,
,,,0.000058840000, -10.40000,
,,,0.000058844000, -10.20000,
,,,0.000058848000, -10.40000,
,,,0.000058852000, -10.00000,
,,,0.000058856000, -10.00000,
,,,0.000058860000, -10.20000,
,,,0.000058864000, -10.40000,
,,,0.000058868000, -10.20000,
,,,0.000058872000, -10.20000,
,,,0.000058876000, -10.00000,
,,,0.000058880000, -10.20000,
,,,0.000058884000, -10.20000,
,,,0.000058888000, -10.20000,
,,,0.000058892000, -10.20000,
,,,0.000058896000, -10.00000,
,,,0.000058900000,  -9.80000,
,,,0.000058904000, -10.00000,
,,,0.000058908000, -10.40000,
,,,0.000058912000, -10.20000,
,,,0.000058916000, -10.20000,
,,,0.000058920000, -10.20000,
,,,0.000058924000, -10.20000,
,,,0.000058928000, -10.20000,
,,,0.000058932000, -10.40000,
,,,0.000058936000, -10.00000,
,,,0.000058940000, -10.40000,
,,,0.000058944000, -10.40000,
,,,0.000058948000, -10.20000,
,,,0.000058952000, -10.20000,
,,,0.000058956000,  -9.80000,
,,,0.000058960000, -10.20000,
,,,0.000058964000, -10.00000,
,,,0.000058968000, -10.20000,
,,,0.000058972000, -10.60000,
,,,0.000058976000, -10.00000,
,,,0.000058980000, -10.40000,
,,,0.000058984000, -10.40000,
,,,0.000058988000, -10.40000,
,,,0.000058992000, -10.00000,
,,,0.000058996000, -10.40000,
,,,0.000059000000, -10.40000,
,,,0.000059004000, -10.00000,
,,,0.000059008000, -10.00000,
,,,0.000059012000, -10.20000,
,,,0.000059016000, -10.20000,
,,,0.000059020000, -10.00000,
,,,0.000059024000, -10.20000,
,,,0.000059028000, -10.40000,
,,,0.000059032000, -10.40000,
,,,0.000059036000, -10.20000,
,,,0.000059040000, -10.40000,
,,,0.000059044000, -10.60000,
,,,0.000059048000, -10.40000,
,,,0.000059052000, -10.40000,
,,,0.000059056000, -10.00000,
,,,0.000059060000, -10.40000,
,,,0.000059064000, -10.00000,
,,,0.000059068000, -10.20000,
,,,0.000059072000, -10.20000,
,,,0.000059076000, -10.20000,
,,,0.000059080000, -10.20000,
,,,0.000059084000, -10.20000,
,,,0.000059088000, -10.20000,
,,,0.000059092000, -10.20000,
,,,0.000059096000, -10.20000,
,,,0.000059100000, -10.00000,
,,,0.000059104000, -10.20000,
,,,0.000059108000, -10.20000,
,,,0.000059112000, -10.60000,
,,,0.000059116000, -10.40000,
,,,0.000059120000, -10.00000,
,,,0.000059124000, -10.20000,
,,,0.000059128000, -10.20000,
,,,0.000059132000, -10.00000,
,,,0.000059136000, -10.60000,
,,,0.000059140000, -10.00000,
,,,0.000059144000, -10.40000,
,,,0.000059148000, -10.20000,
,,,0.000059152000, -10.20000,
,,,0.000059156000, -10.20000,
,,,0.000059160000, -10.20000,
,,,0.000059164000, -10.20000,
,,,0.000059168000, -10.60000,
,,,0.000059172000, -10.20000,
,,,0.000059176000, -10.00000,
,,,0.000059180000, -10.20000,
,,,0.000059184000, -10.20000,
,,,0.000059188000, -10.20000,
,,,0.000059192000, -10.00000,
,,,0.000059196000, -10.20000,
,,,0.000059200000, -10.20000,
,,,0.000059204000, -10.20000,
,,,0.000059208000, -10.20000,
,,,0.000059212000, -10.00000,
,,,0.000059216000, -10.40000,
,,,0.000059220000, -10.20000,
,,,0.000059224000, -10.00000,
,,,0.000059228000, -10.20000,
,,,0.000059232000, -10.20000,
,,,0.000059236000, -10.40000,
,,,0.000059240000,  -9.80000,
,,,0.000059244000, -10.20000,
,,,0.000059248000, -10.00000,
,,,0.000059252000, -10.20000,
,,,0.000059256000, -10.20000,
,,,0.000059260000, -10.20000,
,,,0.000059264000, -10.20000,
,,,0.000059268000, -10.20000,
,,,0.000059272000, -10.00000,
,,,0.000059276000, -10.20000,
,,,0.000059280000, -10.20000,
,,,0.000059284000, -10.00000,
,,,0.000059288000, -10.00000,
,,,0.000059292000, -10.40000,
,,,0.000059296000, -10.00000,
,,,0.000059300000, -10.00000,
,,,0.000059304000, -10.40000,
,,,0.000059308000, -10.00000,
,,,0.000059312000, -10.20000,
,,,0.000059316000, -10.40000,
,,,0.000059320000, -10.40000,
,,,0.000059324000, -10.20000,
,,,0.000059328000, -10.40000,
,,,0.000059332000, -10.00000,
,,,0.000059336000, -10.20000,
,,,0.000059340000, -10.00000,
,,,0.000059344000, -10.20000,
,,,0.000059348000, -10.20000,
,,,0.000059352000,  -9.80000,
,,,0.000059356000, -10.20000,
,,,0.000059360000, -10.00000,
,,,0.000059364000, -10.20000,
,,,0.000059368000, -10.40000,
,,,0.000059372000, -10.00000,
,,,0.000059376000, -10.40000,
,,,0.000059380000, -10.00000,
,,,0.000059384000, -10.20000,
,,,0.000059388000, -10.20000,
,,,0.000059392000, -10.00000,
,,,0.000059396000, -10.00000,
,,,0.000059400000, -10.00000,
,,,0.000059404000, -10.20000,
,,,0.000059408000, -10.20000,
,,,0.000059412000, -10.40000,
,,,0.000059416000, -10.20000,
,,,0.000059420000, -10.40000,
,,,0.000059424000, -10.40000,
,,,0.000059428000, -10.20000,
,,,0.000059432000, -10.40000,
,,,0.000059436000, -10.40000,
,,,0.000059440000, -10.40000,
,,,0.000059444000, -10.20000,
,,,0.000059448000, -10.00000,
,,,0.000059452000, -10.20000,
,,,0.000059456000, -10.20000,
,,,0.000059460000, -10.20000,
,,,0.000059464000, -10.40000,
,,,0.000059468000, -10.40000,
,,,0.000059472000, -10.20000,
,,,0.000059476000, -10.40000,
,,,0.000059480000, -10.20000,
,,,0.000059484000, -10.40000,
,,,0.000059488000,  -9.80000,
,,,0.000059492000, -10.20000,
,,,0.000059496000, -10.20000,
,,,0.000059500000, -10.00000,
,,,0.000059504000, -10.00000,
,,,0.000059508000, -10.40000,
,,,0.000059512000, -10.40000,
,,,0.000059516000, -10.00000,
,,,0.000059520000, -10.20000,
,,,0.000059524000, -10.40000,
,,,0.000059528000,  -9.80000,
,,,0.000059532000, -10.40000,
,,,0.000059536000, -10.20000,
,,,0.000059540000, -10.20000,
,,,0.000059544000, -10.20000,
,,,0.000059548000, -10.20000,
,,,0.000059552000, -10.20000,
,,,0.000059556000, -10.00000,
,,,0.000059560000, -10.40000,
,,,0.000059564000, -10.60000,
,,,0.000059568000, -10.60000,
,,,0.000059572000, -10.00000,
,,,0.000059576000, -10.20000,
,,,0.000059580000, -10.20000,
,,,0.000059584000, -10.20000,
,,,0.000059588000,  -9.80000,
,,,0.000059592000, -10.00000,
,,,0.000059596000, -10.40000,
,,,0.000059600000, -10.00000,
,,,0.000059604000, -10.00000,
,,,0.000059608000, -10.00000,
,,,0.000059612000, -10.00000,
,,,0.000059616000, -10.20000,
,,,0.000059620000, -10.00000,
,,,0.000059624000, -10.20000,
,,,0.000059628000, -10.20000,
,,,0.000059632000, -10.40000,
,,,0.000059636000, -10.40000,
,,,0.000059640000, -10.40000,
,,,0.000059644000, -10.20000,
,,,0.000059648000, -10.00000,
,,,0.000059652000, -10.00000,
,,,0.000059656000, -10.20000,
,,,0.000059660000, -10.00000,
,,,0.000059664000, -10.20000,
,,,0.000059668000, -10.20000,
,,,0.000059672000, -10.40000,
,,,0.000059676000, -10.20000,
,,,0.000059680000, -10.20000,
,,,0.000059684000,  -9.80000,
,,,0.000059688000, -10.20000,
,,,0.000059692000, -10.20000,
,,,0.000059696000, -10.00000,
,,,0.000059700000, -10.20000,
,,,0.000059704000, -10.20000,
,,,0.000059708000,  -9.80000,
,,,0.000059712000, -10.00000,
,,,0.000059716000, -10.40000,
,,,0.000059720000, -10.40000,
,,,0.000059724000, -10.00000,
,,,0.000059728000, -10.20000,
,,,0.000059732000, -10.00000,
,,,0.000059736000, -10.00000,
,,,0.000059740000, -10.20000,
,,,0.000059744000, -10.40000,
,,,0.000059748000,  -9.80000,
,,,0.000059752000, -10.20000,
,,,0.000059756000, -10.00000,
,,,0.000059760000, -10.20000,
,,,0.000059764000, -10.20000,
,,,0.000059768000, -10.00000,
,,,0.000059772000, -10.20000,
,,,0.000059776000, -10.20000,
,,,0.000059780000, -10.20000,
,,,0.000059784000, -10.00000,
,,,0.000059788000, -10.20000,
,,,0.000059792000, -10.00000,
,,,0.000059796000, -10.00000,
,,,0.000059800000, -10.20000,
,,,0.000059804000, -10.00000,
,,,0.000059808000, -10.20000,
,,,0.000059812000, -10.00000,
,,,0.000059816000, -10.40000,
,,,0.000059820000, -10.20000,
,,,0.000059824000, -10.00000,
,,,0.000059828000, -10.20000,
,,,0.000059832000, -10.20000,
,,,0.000059836000, -10.20000,
,,,0.000059840000, -10.00000,
,,,0.000059844000, -10.40000,
,,,0.000059848000, -10.20000,
,,,0.000059852000, -10.20000,
,,,0.000059856000, -10.00000,
,,,0.000059860000, -10.00000,
,,,0.000059864000, -10.20000,
,,,0.000059868000, -10.20000,
,,,0.000059872000, -10.40000,
,,,0.000059876000, -10.40000,
,,,0.000059880000, -10.20000,
,,,0.000059884000, -10.00000,
,,,0.000059888000, -10.20000,
,,,0.000059892000, -10.00000,
,,,0.000059896000, -10.00000,
,,,0.000059900000, -10.20000,
,,,0.000059904000, -10.40000,
,,,0.000059908000, -10.20000,
,,,0.000059912000, -10.00000,
,,,0.000059916000, -10.20000,
,,,0.000059920000, -10.20000,
,,,0.000059924000, -10.00000,
,,,0.000059928000, -10.20000,
,,,0.000059932000, -10.00000,
,,,0.000059936000, -10.20000,
,,,0.000059940000, -10.20000,
,,,0.000059944000, -10.00000,
,,,0.000059948000, -10.00000,
,,,0.000059952000, -10.00000,
,,,0.000059956000, -10.40000,
,,,0.000059960000, -10.40000,
,,,0.000059964000, -10.40000,
,,,0.000059968000,  -9.80000,
,,,0.000059972000, -10.20000,
,,,0.000059976000, -10.20000,
,,,0.000059980000, -10.60000,
,,,0.000059984000, -10.00000,
,,,0.000059988000,  -9.80000,
,,,0.000059992000, -10.20000,
,,,0.000059996000, -10.20000,
,,,0.000060000000, -10.40000,
,,,0.000060004000, -10.20000,
,,,0.000060008000, -10.00000,
,,,0.000060012000, -10.20000,
,,,0.000060016000, -10.20000,
,,,0.000060020000, -10.00000,
,,,0.000060024000, -10.00000,
,,,0.000060028000, -10.40000,
,,,0.000060032000, -10.20000,
,,,0.000060036000, -10.60000,
,,,0.000060040000, -10.40000,
,,,0.000060044000, -10.20000,
,,,0.000060048000, -10.00000,
,,,0.000060052000, -10.20000,
,,,0.000060056000, -10.20000,
,,,0.000060060000, -10.00000,
,,,0.000060064000, -10.00000,
,,,0.000060068000, -10.40000,
,,,0.000060072000, -10.20000,
,,,0.000060076000, -10.40000,
,,,0.000060080000,  -9.80000,
,,,0.000060084000, -10.20000,
,,,0.000060088000, -10.00000,
,,,0.000060092000, -10.00000,
,,,0.000060096000, -10.40000,
,,,0.000060100000, -10.00000,
,,,0.000060104000, -10.00000,
,,,0.000060108000, -10.00000,
,,,0.000060112000, -10.20000,
,,,0.000060116000, -10.40000,
,,,0.000060120000, -10.20000,
,,,0.000060124000, -10.20000,
,,,0.000060128000, -10.60000,
,,,0.000060132000, -10.40000,
,,,0.000060136000, -10.00000,
,,,0.000060140000, -10.20000,
,,,0.000060144000, -10.00000,
,,,0.000060148000, -10.20000,
,,,0.000060152000, -10.40000,
,,,0.000060156000, -10.20000,
,,,0.000060160000, -10.60000,
,,,0.000060164000, -10.00000,
,,,0.000060168000, -10.40000,
,,,0.000060172000, -10.20000,
,,,0.000060176000, -10.20000,
,,,0.000060180000, -10.20000,
,,,0.000060184000, -10.20000,
,,,0.000060188000, -10.20000,
,,,0.000060192000, -10.00000,
,,,0.000060196000, -10.20000,
,,,0.000060200000, -10.20000,
,,,0.000060204000, -10.20000,
,,,0.000060208000, -10.00000,
,,,0.000060212000, -10.20000,
,,,0.000060216000, -10.20000,
,,,0.000060220000, -10.40000,
,,,0.000060224000, -10.20000,
,,,0.000060228000, -10.40000,
,,,0.000060232000, -10.40000,
,,,0.000060236000, -10.20000,
,,,0.000060240000, -10.40000,
,,,0.000060244000, -10.00000,
,,,0.000060248000, -10.40000,
,,,0.000060252000, -10.20000,
,,,0.000060256000, -10.20000,
,,,0.000060260000, -10.40000,
,,,0.000060264000, -10.20000,
,,,0.000060268000, -10.20000,
,,,0.000060272000, -10.20000,
,,,0.000060276000, -10.00000,
,,,0.000060280000, -10.00000,
,,,0.000060284000, -10.40000,
,,,0.000060288000, -10.20000,
,,,0.000060292000, -10.20000,
,,,0.000060296000, -10.00000,
,,,0.000060300000, -10.40000,
,,,0.000060304000, -10.40000,
,,,0.000060308000, -10.00000,
,,,0.000060312000, -10.00000,
,,,0.000060316000, -10.20000,
,,,0.000060320000, -10.00000,
,,,0.000060324000, -10.40000,
,,,0.000060328000, -10.20000,
,,,0.000060332000, -10.20000,
,,,0.000060336000, -10.00000,
,,,0.000060340000, -10.20000,
,,,0.000060344000,  -9.80000,
,,,0.000060348000, -10.00000,
,,,0.000060352000, -10.20000,
,,,0.000060356000, -10.20000,
,,,0.000060360000, -10.00000,
,,,0.000060364000, -10.00000,
,,,0.000060368000, -10.20000,
,,,0.000060372000, -10.20000,
,,,0.000060376000, -10.40000,
,,,0.000060380000, -10.00000,
,,,0.000060384000,  -9.80000,
,,,0.000060388000, -10.00000,
,,,0.000060392000,  -9.80000,
,,,0.000060396000, -10.20000,
,,,0.000060400000, -10.00000,
,,,0.000060404000, -10.20000,
,,,0.000060408000, -10.20000,
,,,0.000060412000, -10.20000,
,,,0.000060416000, -10.20000,
,,,0.000060420000, -10.00000,
,,,0.000060424000, -10.20000,
,,,0.000060428000,  -9.80000,
,,,0.000060432000, -10.20000,
,,,0.000060436000, -10.00000,
,,,0.000060440000, -10.20000,
,,,0.000060444000,  -9.60000,
,,,0.000060448000, -10.20000,
,,,0.000060452000, -10.20000,
,,,0.000060456000, -10.20000,
,,,0.000060460000, -10.00000,
,,,0.000060464000, -10.40000,
,,,0.000060468000, -10.00000,
,,,0.000060472000, -10.40000,
,,,0.000060476000, -10.00000,
,,,0.000060480000, -10.00000,
,,,0.000060484000,  -9.80000,
,,,0.000060488000, -10.00000,
,,,0.000060492000, -10.20000,
,,,0.000060496000, -10.40000,
