Record Length,2.500000e+03,,   0.000053410000,  32.00000,
Sample Interval,1.000000e-09,,   0.000053411000,  32.80000,
Trigger Point,-5.341000000000e+04,,   0.000053412000,  31.20000,
,,,   0.000053413000,  32.80000,
,,,   0.000053414000,  32.00000,
,,,   0.000053415000,  32.80000,
Source,MATH,,   0.000053416000,  32.80000,
Vertical Units,V,,   0.000053417000,  32.00000,
Vertical Scale,2.000000e+01,,   0.000053418000,  33.60000,
Vertical Offset,0.000000e+00,,   0.000053419000,  33.60000,
Horizontal Units,s,,   0.000053420000,  33.60000,
Horizontal Scale,2.500000e-07,,   0.000053421000,  32.80000,
Pt Fmt,Y,,   0.000053422000,  32.00000,
Yzero,0.000000e+00,,   0.000053423000,  32.00000,
Probe Atten,1.000000e+00,,   0.000053424000,  32.80000,
Model Number,TDS2004C,,   0.000053425000,  33.60000,
Serial Number,C012246,,   0.000053426000,  32.80000,
Firmware Version,FV:v24.18,,   0.000053427000,  32.80000,
,,,0.000053428000,  33.60000,
,,,0.000053429000,  32.00000,
,,,0.000053430000,  33.60000,
,,,0.000053431000,  32.80000,
,,,0.000053432000,  33.60000,
,,,0.000053433000,  32.80000,
,,,0.000053434000,  32.80000,
,,,0.000053435000,  32.80000,
,,,0.000053436000,  32.80000,
,,,0.000053437000,  33.60000,
,,,0.000053438000,  32.80000,
,,,0.000053439000,  32.00000,
,,,0.000053440000,  32.80000,
,,,0.000053441000,  32.80000,
,,,0.000053442000,  32.80000,
,,,0.000053443000,  33.60000,
,,,0.000053444000,  32.80000,
,,,0.000053445000,  32.00000,
,,,0.000053446000,  32.00000,
,,,0.000053447000,  32.00000,
,,,0.000053448000,  32.00000,
,,,0.000053449000,  32.80000,
,,,0.000053450000,  33.60000,
,,,0.000053451000,  33.60000,
,,,0.000053452000,  32.80000,
,,,0.000053453000,  33.60000,
,,,0.000053454000,  32.80000,
,,,0.000053455000,  32.00000,
,,,0.000053456000,  33.60000,
,,,0.000053457000,  32.00000,
,,,0.000053458000,  32.00000,
,,,0.000053459000,  32.00000,
,,,0.000053460000,  33.60000,
,,,0.000053461000,  32.80000,
,,,0.000053462000,  32.00000,
,,,0.000053463000,  33.60000,
,,,0.000053464000,  33.60000,
,,,0.000053465000,  32.80000,
,,,0.000053466000,  32.80000,
,,,0.000053467000,  33.60000,
,,,0.000053468000,  32.80000,
,,,0.000053469000,  32.80000,
,,,0.000053470000,  32.80000,
,,,0.000053471000,  32.00000,
,,,0.000053472000,  32.80000,
,,,0.000053473000,  32.80000,
,,,0.000053474000,  32.00000,
,,,0.000053475000,  32.80000,
,,,0.000053476000,  32.80000,
,,,0.000053477000,  33.60000,
,,,0.000053478000,  33.60000,
,,,0.000053479000,  33.60000,
,,,0.000053480000,  32.80000,
,,,0.000053481000,  33.60000,
,,,0.000053482000,  32.80000,
,,,0.000053483000,  32.80000,
,,,0.000053484000,  32.00000,
,,,0.000053485000,  33.60000,
,,,0.000053486000,  32.80000,
,,,0.000053487000,  32.00000,
,,,0.000053488000,  33.60000,
,,,0.000053489000,  32.00000,
,,,0.000053490000,  32.00000,
,,,0.000053491000,  31.20000,
,,,0.000053492000,  32.80000,
,,,0.000053493000,  33.60000,
,,,0.000053494000,  32.00000,
,,,0.000053495000,  32.80000,
,,,0.000053496000,  33.60000,
,,,0.000053497000,  32.00000,
,,,0.000053498000,  32.80000,
,,,0.000053499000,  32.00000,
,,,0.000053500000,  32.80000,
,,,0.000053501000,  33.60000,
,,,0.000053502000,  32.80000,
,,,0.000053503000,  33.60000,
,,,0.000053504000,  32.80000,
,,,0.000053505000,  32.80000,
,,,0.000053506000,  32.80000,
,,,0.000053507000,  32.80000,
,,,0.000053508000,  33.60000,
,,,0.000053509000,  32.00000,
,,,0.000053510000,  32.80000,
,,,0.000053511000,  33.60000,
,,,0.000053512000,  32.80000,
,,,0.000053513000,  32.00000,
,,,0.000053514000,  32.80000,
,,,0.000053515000,  33.60000,
,,,0.000053516000,  32.80000,
,,,0.000053517000,  33.60000,
,,,0.000053518000,  33.60000,
,,,0.000053519000,  33.60000,
,,,0.000053520000,  32.00000,
,,,0.000053521000,  32.00000,
,,,0.000053522000,  32.00000,
,,,0.000053523000,  33.60000,
,,,0.000053524000,  32.80000,
,,,0.000053525000,  32.00000,
,,,0.000053526000,  32.80000,
,,,0.000053527000,  32.80000,
,,,0.000053528000,  32.80000,
,,,0.000053529000,  33.60000,
,,,0.000053530000,  32.00000,
,,,0.000053531000,  32.80000,
,,,0.000053532000,  33.60000,
,,,0.000053533000,  32.80000,
,,,0.000053534000,  33.60000,
,,,0.000053535000,  32.00000,
,,,0.000053536000,  32.00000,
,,,0.000053537000,  32.80000,
,,,0.000053538000,  32.00000,
,,,0.000053539000,  32.00000,
,,,0.000053540000,  32.80000,
,,,0.000053541000,  32.80000,
,,,0.000053542000,  32.00000,
,,,0.000053543000,  32.00000,
,,,0.000053544000,  32.00000,
,,,0.000053545000,  32.00000,
,,,0.000053546000,  32.00000,
,,,0.000053547000,  31.20000,
,,,0.000053548000,  32.80000,
,,,0.000053549000,  32.80000,
,,,0.000053550000,  32.80000,
,,,0.000053551000,  32.80000,
,,,0.000053552000,  33.60000,
,,,0.000053553000,  32.00000,
,,,0.000053554000,  33.60000,
,,,0.000053555000,  32.00000,
,,,0.000053556000,  32.80000,
,,,0.000053557000,  32.00000,
,,,0.000053558000,  32.00000,
,,,0.000053559000,  31.20000,
,,,0.000053560000,  32.00000,
,,,0.000053561000,  32.00000,
,,,0.000053562000,  32.00000,
,,,0.000053563000,  32.00000,
,,,0.000053564000,  32.80000,
,,,0.000053565000,  32.00000,
,,,0.000053566000,  32.80000,
,,,0.000053567000,  32.00000,
,,,0.000053568000,  32.80000,
,,,0.000053569000,  32.00000,
,,,0.000053570000,  32.00000,
,,,0.000053571000,  32.00000,
,,,0.000053572000,  32.80000,
,,,0.000053573000,  32.80000,
,,,0.000053574000,  32.00000,
,,,0.000053575000,  32.00000,
,,,0.000053576000,  32.80000,
,,,0.000053577000,  32.80000,
,,,0.000053578000,  32.80000,
,,,0.000053579000,  33.60000,
,,,0.000053580000,  34.40000,
,,,0.000053581000,  33.60000,
,,,0.000053582000,  32.80000,
,,,0.000053583000,  32.00000,
,,,0.000053584000,  32.80000,
,,,0.000053585000,  32.00000,
,,,0.000053586000,  33.60000,
,,,0.000053587000,  34.40000,
,,,0.000053588000,  32.00000,
,,,0.000053589000,  32.80000,
,,,0.000053590000,  32.00000,
,,,0.000053591000,  33.60000,
,,,0.000053592000,  32.80000,
,,,0.000053593000,  33.60000,
,,,0.000053594000,  32.80000,
,,,0.000053595000,  32.00000,
,,,0.000053596000,  32.00000,
,,,0.000053597000,  32.80000,
,,,0.000053598000,  32.00000,
,,,0.000053599000,  32.80000,
,,,0.000053600000,  32.80000,
,,,0.000053601000,  31.20000,
,,,0.000053602000,  32.00000,
,,,0.000053603000,  32.00000,
,,,0.000053604000,  33.60000,
,,,0.000053605000,  32.00000,
,,,0.000053606000,  32.80000,
,,,0.000053607000,  32.00000,
,,,0.000053608000,  32.80000,
,,,0.000053609000,  32.80000,
,,,0.000053610000,  32.00000,
,,,0.000053611000,  32.80000,
,,,0.000053612000,  32.80000,
,,,0.000053613000,  32.80000,
,,,0.000053614000,  32.80000,
,,,0.000053615000,  32.00000,
,,,0.000053616000,  33.60000,
,,,0.000053617000,  32.80000,
,,,0.000053618000,  33.60000,
,,,0.000053619000,  32.80000,
,,,0.000053620000,  33.60000,
,,,0.000053621000,  33.60000,
,,,0.000053622000,  32.80000,
,,,0.000053623000,  32.80000,
,,,0.000053624000,  32.80000,
,,,0.000053625000,  32.00000,
,,,0.000053626000,  32.00000,
,,,0.000053627000,  32.00000,
,,,0.000053628000,  33.60000,
,,,0.000053629000,  32.80000,
,,,0.000053630000,  32.00000,
,,,0.000053631000,  33.60000,
,,,0.000053632000,  32.80000,
,,,0.000053633000,  32.00000,
,,,0.000053634000,  32.80000,
,,,0.000053635000,  32.80000,
,,,0.000053636000,  32.80000,
,,,0.000053637000,  32.00000,
,,,0.000053638000,  32.80000,
,,,0.000053639000,  33.60000,
,,,0.000053640000,  34.40000,
,,,0.000053641000,  32.80000,
,,,0.000053642000,  32.80000,
,,,0.000053643000,  32.00000,
,,,0.000053644000,  32.00000,
,,,0.000053645000,  32.00000,
,,,0.000053646000,  32.00000,
,,,0.000053647000,  32.00000,
,,,0.000053648000,  32.80000,
,,,0.000053649000,  32.80000,
,,,0.000053650000,  32.00000,
,,,0.000053651000,  32.80000,
,,,0.000053652000,  32.80000,
,,,0.000053653000,  31.20000,
,,,0.000053654000,  33.60000,
,,,0.000053655000,  32.00000,
,,,0.000053656000,  32.00000,
,,,0.000053657000,  32.00000,
,,,0.000053658000,  32.80000,
,,,0.000053659000,  32.00000,
,,,0.000053660000,  32.80000,
,,,0.000053661000,  32.80000,
,,,0.000053662000,  32.00000,
,,,0.000053663000,  32.00000,
,,,0.000053664000,  32.00000,
,,,0.000053665000,  32.00000,
,,,0.000053666000,  32.00000,
,,,0.000053667000,  32.00000,
,,,0.000053668000,  32.00000,
,,,0.000053669000,  32.00000,
,,,0.000053670000,  32.00000,
,,,0.000053671000,  32.00000,
,,,0.000053672000,  33.60000,
,,,0.000053673000,  32.80000,
,,,0.000053674000,  32.00000,
,,,0.000053675000,  32.00000,
,,,0.000053676000,  32.80000,
,,,0.000053677000,  32.00000,
,,,0.000053678000,  32.80000,
,,,0.000053679000,  32.80000,
,,,0.000053680000,  32.80000,
,,,0.000053681000,  32.80000,
,,,0.000053682000,  31.20000,
,,,0.000053683000,  32.00000,
,,,0.000053684000,  32.80000,
,,,0.000053685000,  32.00000,
,,,0.000053686000,  33.60000,
,,,0.000053687000,  31.20000,
,,,0.000053688000,  32.00000,
,,,0.000053689000,  31.20000,
,,,0.000053690000,  32.00000,
,,,0.000053691000,  32.00000,
,,,0.000053692000,  32.00000,
,,,0.000053693000,  32.80000,
,,,0.000053694000,  32.00000,
,,,0.000053695000,  32.80000,
,,,0.000053696000,  32.00000,
,,,0.000053697000,  32.00000,
,,,0.000053698000,  32.80000,
,,,0.000053699000,  32.00000,
,,,0.000053700000,  32.00000,
,,,0.000053701000,  33.60000,
,,,0.000053702000,  32.00000,
,,,0.000053703000,  32.80000,
,,,0.000053704000,  32.80000,
,,,0.000053705000,  31.20000,
,,,0.000053706000,  32.80000,
,,,0.000053707000,  32.80000,
,,,0.000053708000,  32.00000,
,,,0.000053709000,  32.80000,
,,,0.000053710000,  32.00000,
,,,0.000053711000,  32.00000,
,,,0.000053712000,  32.00000,
,,,0.000053713000,  32.00000,
,,,0.000053714000,  32.00000,
,,,0.000053715000,  32.80000,
,,,0.000053716000,  33.60000,
,,,0.000053717000,  32.80000,
,,,0.000053718000,  32.00000,
,,,0.000053719000,  32.00000,
,,,0.000053720000,  32.00000,
,,,0.000053721000,  32.00000,
,,,0.000053722000,  32.80000,
,,,0.000053723000,  32.00000,
,,,0.000053724000,  32.00000,
,,,0.000053725000,  32.00000,
,,,0.000053726000,  32.80000,
,,,0.000053727000,  33.60000,
,,,0.000053728000,  32.80000,
,,,0.000053729000,  32.80000,
,,,0.000053730000,  32.00000,
,,,0.000053731000,  32.00000,
,,,0.000053732000,  32.80000,
,,,0.000053733000,  32.00000,
,,,0.000053734000,  32.80000,
,,,0.000053735000,  32.80000,
,,,0.000053736000,  32.80000,
,,,0.000053737000,  32.80000,
,,,0.000053738000,  32.00000,
,,,0.000053739000,  32.80000,
,,,0.000053740000,  32.80000,
,,,0.000053741000,  32.80000,
,,,0.000053742000,  32.00000,
,,,0.000053743000,  32.00000,
,,,0.000053744000,  32.00000,
,,,0.000053745000,  32.00000,
,,,0.000053746000,  32.80000,
,,,0.000053747000,  32.80000,
,,,0.000053748000,  32.80000,
,,,0.000053749000,  32.80000,
,,,0.000053750000,  33.60000,
,,,0.000053751000,  32.80000,
,,,0.000053752000,  32.80000,
,,,0.000053753000,  32.80000,
,,,0.000053754000,  32.00000,
,,,0.000053755000,  32.80000,
,,,0.000053756000,  32.80000,
,,,0.000053757000,  32.80000,
,,,0.000053758000,  31.20000,
,,,0.000053759000,  32.00000,
,,,0.000053760000,  32.80000,
,,,0.000053761000,  32.00000,
,,,0.000053762000,  32.80000,
,,,0.000053763000,  32.80000,
,,,0.000053764000,  33.60000,
,,,0.000053765000,  32.00000,
,,,0.000053766000,  32.00000,
,,,0.000053767000,  33.60000,
,,,0.000053768000,  32.00000,
,,,0.000053769000,  32.80000,
,,,0.000053770000,  32.00000,
,,,0.000053771000,  32.80000,
,,,0.000053772000,  32.00000,
,,,0.000053773000,  32.80000,
,,,0.000053774000,  32.80000,
,,,0.000053775000,  32.80000,
,,,0.000053776000,  32.80000,
,,,0.000053777000,  32.00000,
,,,0.000053778000,  32.80000,
,,,0.000053779000,  32.80000,
,,,0.000053780000,  32.00000,
,,,0.000053781000,  32.00000,
,,,0.000053782000,  33.60000,
,,,0.000053783000,  32.80000,
,,,0.000053784000,  32.80000,
,,,0.000053785000,  33.60000,
,,,0.000053786000,  33.60000,
,,,0.000053787000,  32.80000,
,,,0.000053788000,  31.20000,
,,,0.000053789000,  32.00000,
,,,0.000053790000,  33.60000,
,,,0.000053791000,  32.80000,
,,,0.000053792000,  32.00000,
,,,0.000053793000,  32.80000,
,,,0.000053794000,  32.00000,
,,,0.000053795000,  32.80000,
,,,0.000053796000,  32.80000,
,,,0.000053797000,  32.00000,
,,,0.000053798000,  33.60000,
,,,0.000053799000,  32.80000,
,,,0.000053800000,  32.80000,
,,,0.000053801000,  32.00000,
,,,0.000053802000,  32.80000,
,,,0.000053803000,  32.80000,
,,,0.000053804000,  32.00000,
,,,0.000053805000,  32.80000,
,,,0.000053806000,  32.80000,
,,,0.000053807000,  32.00000,
,,,0.000053808000,  32.00000,
,,,0.000053809000,  32.80000,
,,,0.000053810000,  32.00000,
,,,0.000053811000,  33.60000,
,,,0.000053812000,  32.80000,
,,,0.000053813000,  31.20000,
,,,0.000053814000,  32.00000,
,,,0.000053815000,  32.80000,
,,,0.000053816000,  33.60000,
,,,0.000053817000,  32.80000,
,,,0.000053818000,  32.00000,
,,,0.000053819000,  32.00000,
,,,0.000053820000,  32.00000,
,,,0.000053821000,  32.80000,
,,,0.000053822000,  32.00000,
,,,0.000053823000,  32.00000,
,,,0.000053824000,  32.00000,
,,,0.000053825000,  32.80000,
,,,0.000053826000,  33.60000,
,,,0.000053827000,  32.00000,
,,,0.000053828000,  32.80000,
,,,0.000053829000,  33.60000,
,,,0.000053830000,  32.00000,
,,,0.000053831000,  31.20000,
,,,0.000053832000,  32.80000,
,,,0.000053833000,  32.80000,
,,,0.000053834000,  32.80000,
,,,0.000053835000,  32.00000,
,,,0.000053836000,  32.80000,
,,,0.000053837000,  32.80000,
,,,0.000053838000,  32.80000,
,,,0.000053839000,  32.80000,
,,,0.000053840000,  33.60000,
,,,0.000053841000,  32.80000,
,,,0.000053842000,  32.80000,
,,,0.000053843000,  32.80000,
,,,0.000053844000,  32.00000,
,,,0.000053845000,  32.80000,
,,,0.000053846000,  32.80000,
,,,0.000053847000,  32.80000,
,,,0.000053848000,  33.60000,
,,,0.000053849000,  33.60000,
,,,0.000053850000,  32.00000,
,,,0.000053851000,  33.60000,
,,,0.000053852000,  33.60000,
,,,0.000053853000,  32.80000,
,,,0.000053854000,  33.60000,
,,,0.000053855000,  32.80000,
,,,0.000053856000,  32.80000,
,,,0.000053857000,  32.80000,
,,,0.000053858000,  32.00000,
,,,0.000053859000,  33.60000,
,,,0.000053860000,  33.60000,
,,,0.000053861000,  33.60000,
,,,0.000053862000,  32.80000,
,,,0.000053863000,  34.40000,
,,,0.000053864000,  32.80000,
,,,0.000053865000,  33.60000,
,,,0.000053866000,  32.80000,
,,,0.000053867000,  33.60000,
,,,0.000053868000,  32.80000,
,,,0.000053869000,  33.60000,
,,,0.000053870000,  33.60000,
,,,0.000053871000,  33.60000,
,,,0.000053872000,  33.60000,
,,,0.000053873000,  33.60000,
,,,0.000053874000,  32.80000,
,,,0.000053875000,  33.60000,
,,,0.000053876000,  32.80000,
,,,0.000053877000,  34.40000,
,,,0.000053878000,  34.40000,
,,,0.000053879000,  33.60000,
,,,0.000053880000,  32.00000,
,,,0.000053881000,  34.40000,
,,,0.000053882000,  32.80000,
,,,0.000053883000,  32.80000,
,,,0.000053884000,  33.60000,
,,,0.000053885000,  32.80000,
,,,0.000053886000,  32.00000,
,,,0.000053887000,  31.20000,
,,,0.000053888000,  32.00000,
,,,0.000053889000,  32.80000,
,,,0.000053890000,  32.80000,
,,,0.000053891000,  32.80000,
,,,0.000053892000,  32.00000,
,,,0.000053893000,  32.80000,
,,,0.000053894000,  33.60000,
,,,0.000053895000,  34.40000,
,,,0.000053896000,  33.60000,
,,,0.000053897000,  33.60000,
,,,0.000053898000,  33.60000,
,,,0.000053899000,  32.80000,
,,,0.000053900000,  32.80000,
,,,0.000053901000,  32.80000,
,,,0.000053902000,  33.60000,
,,,0.000053903000,  33.60000,
,,,0.000053904000,  33.60000,
,,,0.000053905000,  32.80000,
,,,0.000053906000,  32.80000,
,,,0.000053907000,  33.60000,
,,,0.000053908000,  32.80000,
,,,0.000053909000,  33.60000,
,,,0.000053910000,  34.40000,
,,,0.000053911000,  33.60000,
,,,0.000053912000,  32.00000,
,,,0.000053913000,  32.80000,
,,,0.000053914000,  33.60000,
,,,0.000053915000,  32.80000,
,,,0.000053916000,  32.80000,
,,,0.000053917000,  32.00000,
,,,0.000053918000,  32.80000,
,,,0.000053919000,  32.00000,
,,,0.000053920000,  32.00000,
,,,0.000053921000,  33.60000,
,,,0.000053922000,  32.80000,
,,,0.000053923000,  33.60000,
,,,0.000053924000,  32.80000,
,,,0.000053925000,  32.80000,
,,,0.000053926000,  32.80000,
,,,0.000053927000,  33.60000,
,,,0.000053928000,  32.80000,
,,,0.000053929000,  32.00000,
,,,0.000053930000,  32.80000,
,,,0.000053931000,  32.00000,
,,,0.000053932000,  32.80000,
,,,0.000053933000,  32.80000,
,,,0.000053934000,  32.80000,
,,,0.000053935000,  32.80000,
,,,0.000053936000,  32.80000,
,,,0.000053937000,  32.00000,
,,,0.000053938000,  32.80000,
,,,0.000053939000,  32.80000,
,,,0.000053940000,  32.80000,
,,,0.000053941000,  32.80000,
,,,0.000053942000,  32.80000,
,,,0.000053943000,  32.00000,
,,,0.000053944000,  33.60000,
,,,0.000053945000,  34.40000,
,,,0.000053946000,  32.80000,
,,,0.000053947000,  32.00000,
,,,0.000053948000,  32.80000,
,,,0.000053949000,  32.00000,
,,,0.000053950000,  32.80000,
,,,0.000053951000,  33.60000,
,,,0.000053952000,  33.60000,
,,,0.000053953000,  32.80000,
,,,0.000053954000,  33.60000,
,,,0.000053955000,  33.60000,
,,,0.000053956000,  32.80000,
,,,0.000053957000,  33.60000,
,,,0.000053958000,  32.80000,
,,,0.000053959000,  32.00000,
,,,0.000053960000,  32.80000,
,,,0.000053961000,  32.80000,
,,,0.000053962000,  32.80000,
,,,0.000053963000,  32.00000,
,,,0.000053964000,  32.80000,
,,,0.000053965000,  33.60000,
,,,0.000053966000,  32.80000,
,,,0.000053967000,  32.80000,
,,,0.000053968000,  32.00000,
,,,0.000053969000,  34.40000,
,,,0.000053970000,  32.00000,
,,,0.000053971000,  33.60000,
,,,0.000053972000,  33.60000,
,,,0.000053973000,  32.80000,
,,,0.000053974000,  33.60000,
,,,0.000053975000,  32.80000,
,,,0.000053976000,  34.40000,
,,,0.000053977000,  33.60000,
,,,0.000053978000,  32.00000,
,,,0.000053979000,  32.80000,
,,,0.000053980000,  32.80000,
,,,0.000053981000,  32.80000,
,,,0.000053982000,  32.00000,
,,,0.000053983000,  32.80000,
,,,0.000053984000,  32.00000,
,,,0.000053985000,  32.80000,
,,,0.000053986000,  32.80000,
,,,0.000053987000,  32.80000,
,,,0.000053988000,  32.00000,
,,,0.000053989000,  32.80000,
,,,0.000053990000,  32.80000,
,,,0.000053991000,  32.80000,
,,,0.000053992000,  32.80000,
,,,0.000053993000,  32.80000,
,,,0.000053994000,  32.80000,
,,,0.000053995000,  32.00000,
,,,0.000053996000,  32.80000,
,,,0.000053997000,  32.80000,
,,,0.000053998000,  32.80000,
,,,0.000053999000,  32.00000,
,,,0.000054000000,  33.60000,
,,,0.000054001000,  32.80000,
,,,0.000054002000,  32.80000,
,,,0.000054003000,  32.80000,
,,,0.000054004000,  32.00000,
,,,0.000054005000,  32.80000,
,,,0.000054006000,  32.00000,
,,,0.000054007000,  32.00000,
,,,0.000054008000,  32.80000,
,,,0.000054009000,  33.60000,
,,,0.000054010000,  32.80000,
,,,0.000054011000,  32.80000,
,,,0.000054012000,  32.80000,
,,,0.000054013000,  32.80000,
,,,0.000054014000,  32.80000,
,,,0.000054015000,  32.00000,
,,,0.000054016000,  32.00000,
,,,0.000054017000,  32.00000,
,,,0.000054018000,  32.00000,
,,,0.000054019000,  32.00000,
,,,0.000054020000,  32.00000,
,,,0.000054021000,  32.80000,
,,,0.000054022000,  32.80000,
,,,0.000054023000,  32.80000,
,,,0.000054024000,  32.80000,
,,,0.000054025000,  32.00000,
,,,0.000054026000,  32.00000,
,,,0.000054027000,  33.60000,
,,,0.000054028000,  32.80000,
,,,0.000054029000,  32.00000,
,,,0.000054030000,  32.80000,
,,,0.000054031000,  32.80000,
,,,0.000054032000,  33.60000,
,,,0.000054033000,  32.80000,
,,,0.000054034000,  32.00000,
,,,0.000054035000,  32.00000,
,,,0.000054036000,  33.60000,
,,,0.000054037000,  32.80000,
,,,0.000054038000,  32.80000,
,,,0.000054039000,  32.80000,
,,,0.000054040000,  32.00000,
,,,0.000054041000,  32.00000,
,,,0.000054042000,  32.00000,
,,,0.000054043000,  33.60000,
,,,0.000054044000,  32.80000,
,,,0.000054045000,  32.80000,
,,,0.000054046000,  32.00000,
,,,0.000054047000,  32.80000,
,,,0.000054048000,  33.60000,
,,,0.000054049000,  32.80000,
,,,0.000054050000,  34.40000,
,,,0.000054051000,  32.80000,
,,,0.000054052000,  32.80000,
,,,0.000054053000,  32.00000,
,,,0.000054054000,  33.60000,
,,,0.000054055000,  32.80000,
,,,0.000054056000,  31.20000,
,,,0.000054057000,  32.80000,
,,,0.000054058000,  32.00000,
,,,0.000054059000,  33.60000,
,,,0.000054060000,  32.80000,
,,,0.000054061000,  32.00000,
,,,0.000054062000,  31.20000,
,,,0.000054063000,  32.00000,
,,,0.000054064000,  32.00000,
,,,0.000054065000,  32.00000,
,,,0.000054066000,  32.80000,
,,,0.000054067000,  32.00000,
,,,0.000054068000,  32.00000,
,,,0.000054069000,  32.80000,
,,,0.000054070000,  32.80000,
,,,0.000054071000,  32.80000,
,,,0.000054072000,  32.80000,
,,,0.000054073000,  32.80000,
,,,0.000054074000,  32.00000,
,,,0.000054075000,  33.60000,
,,,0.000054076000,  32.00000,
,,,0.000054077000,  32.80000,
,,,0.000054078000,  32.00000,
,,,0.000054079000,  33.60000,
,,,0.000054080000,  31.20000,
,,,0.000054081000,  32.80000,
,,,0.000054082000,  32.00000,
,,,0.000054083000,  32.00000,
,,,0.000054084000,  32.00000,
,,,0.000054085000,  31.20000,
,,,0.000054086000,  32.00000,
,,,0.000054087000,  32.00000,
,,,0.000054088000,  32.00000,
,,,0.000054089000,  32.80000,
,,,0.000054090000,  32.00000,
,,,0.000054091000,  32.00000,
,,,0.000054092000,  32.80000,
,,,0.000054093000,  32.00000,
,,,0.000054094000,  32.00000,
,,,0.000054095000,  31.20000,
,,,0.000054096000,  32.00000,
,,,0.000054097000,  31.20000,
,,,0.000054098000,  32.00000,
,,,0.000054099000,  32.00000,
,,,0.000054100000,  31.20000,
,,,0.000054101000,  33.60000,
,,,0.000054102000,  32.00000,
,,,0.000054103000,  32.00000,
,,,0.000054104000,  32.00000,
,,,0.000054105000,  32.80000,
,,,0.000054106000,  32.00000,
,,,0.000054107000,  32.00000,
,,,0.000054108000,  31.20000,
,,,0.000054109000,  32.00000,
,,,0.000054110000,  31.20000,
,,,0.000054111000,  32.80000,
,,,0.000054112000,  32.00000,
,,,0.000054113000,  32.00000,
,,,0.000054114000,  32.00000,
,,,0.000054115000,  32.00000,
,,,0.000054116000,  31.20000,
,,,0.000054117000,  32.00000,
,,,0.000054118000,  32.80000,
,,,0.000054119000,  32.00000,
,,,0.000054120000,  32.00000,
,,,0.000054121000,  32.80000,
,,,0.000054122000,  32.00000,
,,,0.000054123000,  32.00000,
,,,0.000054124000,  31.20000,
,,,0.000054125000,  32.80000,
,,,0.000054126000,  32.00000,
,,,0.000054127000,  32.80000,
,,,0.000054128000,  30.40000,
,,,0.000054129000,  32.00000,
,,,0.000054130000,  32.80000,
,,,0.000054131000,  32.80000,
,,,0.000054132000,  32.00000,
,,,0.000054133000,  32.00000,
,,,0.000054134000,  31.20000,
,,,0.000054135000,  32.80000,
,,,0.000054136000,  32.80000,
,,,0.000054137000,  32.00000,
,,,0.000054138000,  32.80000,
,,,0.000054139000,  32.00000,
,,,0.000054140000,  31.20000,
,,,0.000054141000,  31.20000,
,,,0.000054142000,  32.00000,
,,,0.000054143000,  32.00000,
,,,0.000054144000,  32.00000,
,,,0.000054145000,  30.40000,
,,,0.000054146000,  31.20000,
,,,0.000054147000,  30.40000,
,,,0.000054148000,  30.40000,
,,,0.000054149000,  31.20000,
,,,0.000054150000,  32.80000,
,,,0.000054151000,  31.20000,
,,,0.000054152000,  31.20000,
,,,0.000054153000,  31.20000,
,,,0.000054154000,  30.40000,
,,,0.000054155000,  30.40000,
,,,0.000054156000,  32.00000,
,,,0.000054157000,  30.40000,
,,,0.000054158000,  32.00000,
,,,0.000054159000,  31.20000,
,,,0.000054160000,  31.20000,
,,,0.000054161000,  31.20000,
,,,0.000054162000,  31.20000,
,,,0.000054163000,  32.00000,
,,,0.000054164000,  31.20000,
,,,0.000054165000,  31.20000,
,,,0.000054166000,  31.20000,
,,,0.000054167000,  31.20000,
,,,0.000054168000,  32.00000,
,,,0.000054169000,  32.00000,
,,,0.000054170000,  31.20000,
,,,0.000054171000,  31.20000,
,,,0.000054172000,  31.20000,
,,,0.000054173000,  31.20000,
,,,0.000054174000,  31.20000,
,,,0.000054175000,  31.20000,
,,,0.000054176000,  32.80000,
,,,0.000054177000,  30.40000,
,,,0.000054178000,  32.00000,
,,,0.000054179000,  30.40000,
,,,0.000054180000,  31.20000,
,,,0.000054181000,  32.00000,
,,,0.000054182000,  30.40000,
,,,0.000054183000,  31.20000,
,,,0.000054184000,  32.00000,
,,,0.000054185000,  31.20000,
,,,0.000054186000,  30.40000,
,,,0.000054187000,  32.00000,
,,,0.000054188000,  31.20000,
,,,0.000054189000,  30.40000,
,,,0.000054190000,  30.40000,
,,,0.000054191000,  30.40000,
,,,0.000054192000,  31.20000,
,,,0.000054193000,  30.40000,
,,,0.000054194000,  31.20000,
,,,0.000054195000,  31.20000,
,,,0.000054196000,  30.40000,
,,,0.000054197000,  30.40000,
,,,0.000054198000,  30.40000,
,,,0.000054199000,  30.40000,
,,,0.000054200000,  29.60000,
,,,0.000054201000,  31.20000,
,,,0.000054202000,  31.20000,
,,,0.000054203000,  29.60000,
,,,0.000054204000,  30.40000,
,,,0.000054205000,  30.40000,
,,,0.000054206000,  29.60000,
,,,0.000054207000,  28.80000,
,,,0.000054208000,  30.40000,
,,,0.000054209000,  30.40000,
,,,0.000054210000,  29.60000,
,,,0.000054211000,  30.40000,
,,,0.000054212000,  29.60000,
,,,0.000054213000,  29.60000,
,,,0.000054214000,  29.60000,
,,,0.000054215000,  30.40000,
,,,0.000054216000,  29.60000,
,,,0.000054217000,  29.60000,
,,,0.000054218000,  29.60000,
,,,0.000054219000,  29.60000,
,,,0.000054220000,  28.80000,
,,,0.000054221000,  29.60000,
,,,0.000054222000,  29.60000,
,,,0.000054223000,  28.80000,
,,,0.000054224000,  28.80000,
,,,0.000054225000,  29.60000,
,,,0.000054226000,  29.60000,
,,,0.000054227000,  28.00000,
,,,0.000054228000,  30.40000,
,,,0.000054229000,  30.40000,
,,,0.000054230000,  29.60000,
,,,0.000054231000,  29.60000,
,,,0.000054232000,  29.60000,
,,,0.000054233000,  28.00000,
,,,0.000054234000,  28.80000,
,,,0.000054235000,  28.00000,
,,,0.000054236000,  28.00000,
,,,0.000054237000,  28.80000,
,,,0.000054238000,  28.00000,
,,,0.000054239000,  28.00000,
,,,0.000054240000,  28.00000,
,,,0.000054241000,  28.00000,
,,,0.000054242000,  28.80000,
,,,0.000054243000,  27.20000,
,,,0.000054244000,  27.20000,
,,,0.000054245000,  27.20000,
,,,0.000054246000,  27.20000,
,,,0.000054247000,  28.00000,
,,,0.000054248000,  28.00000,
,,,0.000054249000,  28.00000,
,,,0.000054250000,  27.20000,
,,,0.000054251000,  27.20000,
,,,0.000054252000,  26.40000,
,,,0.000054253000,  28.00000,
,,,0.000054254000,  28.00000,
,,,0.000054255000,  28.80000,
,,,0.000054256000,  27.20000,
,,,0.000054257000,  28.00000,
,,,0.000054258000,  26.40000,
,,,0.000054259000,  27.20000,
,,,0.000054260000,  28.00000,
,,,0.000054261000,  28.00000,
,,,0.000054262000,  26.40000,
,,,0.000054263000,  26.40000,
,,,0.000054264000,  27.20000,
,,,0.000054265000,  27.20000,
,,,0.000054266000,  26.40000,
,,,0.000054267000,  25.60000,
,,,0.000054268000,  26.40000,
,,,0.000054269000,  25.60000,
,,,0.000054270000,  25.60000,
,,,0.000054271000,  27.20000,
,,,0.000054272000,  26.40000,
,,,0.000054273000,  27.20000,
,,,0.000054274000,  25.60000,
,,,0.000054275000,  25.60000,
,,,0.000054276000,  26.40000,
,,,0.000054277000,  26.40000,
,,,0.000054278000,  25.60000,
,,,0.000054279000,  26.40000,
,,,0.000054280000,  26.40000,
,,,0.000054281000,  25.60000,
,,,0.000054282000,  25.60000,
,,,0.000054283000,  25.60000,
,,,0.000054284000,  24.80000,
,,,0.000054285000,  25.60000,
,,,0.000054286000,  25.60000,
,,,0.000054287000,  25.60000,
,,,0.000054288000,  25.60000,
,,,0.000054289000,  24.80000,
,,,0.000054290000,  24.00000,
,,,0.000054291000,  24.00000,
,,,0.000054292000,  24.00000,
,,,0.000054293000,  25.60000,
,,,0.000054294000,  24.80000,
,,,0.000054295000,  24.00000,
,,,0.000054296000,  24.00000,
,,,0.000054297000,  25.60000,
,,,0.000054298000,  24.00000,
,,,0.000054299000,  23.20000,
,,,0.000054300000,  23.20000,
,,,0.000054301000,  24.00000,
,,,0.000054302000,  23.20000,
,,,0.000054303000,  24.00000,
,,,0.000054304000,  23.20000,
,,,0.000054305000,  23.20000,
,,,0.000054306000,  22.40000,
,,,0.000054307000,  24.00000,
,,,0.000054308000,  23.20000,
,,,0.000054309000,  23.20000,
,,,0.000054310000,  24.00000,
,,,0.000054311000,  23.20000,
,,,0.000054312000,  22.40000,
,,,0.000054313000,  23.20000,
,,,0.000054314000,  21.60000,
,,,0.000054315000,  22.40000,
,,,0.000054316000,  23.20000,
,,,0.000054317000,  23.20000,
,,,0.000054318000,  22.40000,
,,,0.000054319000,  21.60000,
,,,0.000054320000,  22.40000,
,,,0.000054321000,  21.60000,
,,,0.000054322000,  20.80000,
,,,0.000054323000,  21.60000,
,,,0.000054324000,  20.80000,
,,,0.000054325000,  20.80000,
,,,0.000054326000,  20.80000,
,,,0.000054327000,  20.00000,
,,,0.000054328000,  22.40000,
,,,0.000054329000,  20.00000,
,,,0.000054330000,  19.20000,
,,,0.000054331000,  20.80000,
,,,0.000054332000,  19.20000,
,,,0.000054333000,  19.20000,
,,,0.000054334000,  19.20000,
,,,0.000054335000,  19.20000,
,,,0.000054336000,  20.00000,
,,,0.000054337000,  19.20000,
,,,0.000054338000,  19.20000,
,,,0.000054339000,  18.40000,
,,,0.000054340000,  17.60000,
,,,0.000054341000,  18.40000,
,,,0.000054342000,  18.40000,
,,,0.000054343000,  20.00000,
,,,0.000054344000,  17.60000,
,,,0.000054345000,  17.60000,
,,,0.000054346000,  17.60000,
,,,0.000054347000,  17.60000,
,,,0.000054348000,  18.40000,
,,,0.000054349000,  16.80000,
,,,0.000054350000,  17.60000,
,,,0.000054351000,  16.00000,
,,,0.000054352000,  16.00000,
,,,0.000054353000,  15.20000,
,,,0.000054354000,  16.00000,
,,,0.000054355000,  16.00000,
,,,0.000054356000,  16.00000,
,,,0.000054357000,  15.20000,
,,,0.000054358000,  15.20000,
,,,0.000054359000,  16.00000,
,,,0.000054360000,  16.00000,
,,,0.000054361000,  15.20000,
,,,0.000054362000,  15.20000,
,,,0.000054363000,  15.20000,
,,,0.000054364000,  15.20000,
,,,0.000054365000,  15.20000,
,,,0.000054366000,  14.40000,
,,,0.000054367000,  13.60000,
,,,0.000054368000,  14.40000,
,,,0.000054369000,  13.60000,
,,,0.000054370000,  13.60000,
,,,0.000054371000,  13.60000,
,,,0.000054372000,  13.60000,
,,,0.000054373000,  12.80000,
,,,0.000054374000,  12.00000,
,,,0.000054375000,  12.80000,
,,,0.000054376000,  12.80000,
,,,0.000054377000,  12.80000,
,,,0.000054378000,  12.00000,
,,,0.000054379000,  12.00000,
,,,0.000054380000,  11.20000,
,,,0.000054381000,  11.20000,
,,,0.000054382000,  11.20000,
,,,0.000054383000,  11.20000,
,,,0.000054384000,  11.20000,
,,,0.000054385000,  10.40000,
,,,0.000054386000,  11.20000,
,,,0.000054387000,   9.60000,
,,,0.000054388000,   9.60000,
,,,0.000054389000,   9.60000,
,,,0.000054390000,   9.60000,
,,,0.000054391000,   8.80000,
,,,0.000054392000,  10.40000,
,,,0.000054393000,   8.80000,
,,,0.000054394000,   9.60000,
,,,0.000054395000,   8.80000,
,,,0.000054396000,   8.80000,
,,,0.000054397000,   8.00000,
,,,0.000054398000,   7.20000,
,,,0.000054399000,   8.80000,
,,,0.000054400000,   8.00000,
,,,0.000054401000,   8.00000,
,,,0.000054402000,   7.20000,
,,,0.000054403000,   7.20000,
,,,0.000054404000,   7.20000,
,,,0.000054405000,   7.20000,
,,,0.000054406000,   6.40000,
,,,0.000054407000,   5.60000,
,,,0.000054408000,   7.20000,
,,,0.000054409000,   6.40000,
,,,0.000054410000,   5.60000,
,,,0.000054411000,   4.80000,
,,,0.000054412000,   6.40000,
,,,0.000054413000,   4.80000,
,,,0.000054414000,   6.40000,
,,,0.000054415000,   4.80000,
,,,0.000054416000,   4.80000,
,,,0.000054417000,   4.80000,
,,,0.000054418000,   4.80000,
,,,0.000054419000,   4.80000,
,,,0.000054420000,   4.80000,
,,,0.000054421000,   4.80000,
,,,0.000054422000,   4.80000,
,,,0.000054423000,   4.80000,
,,,0.000054424000,   4.80000,
,,,0.000054425000,   3.20000,
,,,0.000054426000,   3.20000,
,,,0.000054427000,   4.00000,
,,,0.000054428000,   3.20000,
,,,0.000054429000,   4.00000,
,,,0.000054430000,   3.20000,
,,,0.000054431000,   4.00000,
,,,0.000054432000,   2.40000,
,,,0.000054433000,   4.00000,
,,,0.000054434000,   3.20000,
,,,0.000054435000,   2.40000,
,,,0.000054436000,   3.20000,
,,,0.000054437000,   2.40000,
,,,0.000054438000,   1.60000,
,,,0.000054439000,   1.60000,
,,,0.000054440000,   1.60000,
,,,0.000054441000,   0.80000,
,,,0.000054442000,   1.60000,
,,,0.000054443000,   1.60000,
,,,0.000054444000,   2.40000,
,,,0.000054445000,   1.60000,
,,,0.000054446000,   1.60000,
,,,0.000054447000,   0.80000,
,,,0.000054448000,   0.00000,
,,,0.000054449000,   1.60000,
,,,0.000054450000,   0.00000,
,,,0.000054451000,   0.00000,
,,,0.000054452000,   0.80000,
,,,0.000054453000,   1.60000,
,,,0.000054454000,   0.80000,
,,,0.000054455000,   0.00000,
,,,0.000054456000,   0.00000,
,,,0.000054457000,   0.00000,
,,,0.000054458000,   0.00000,
,,,0.000054459000,   1.60000,
,,,0.000054460000,   0.00000,
,,,0.000054461000,   0.80000,
,,,0.000054462000,   0.00000,
,,,0.000054463000,   0.80000,
,,,0.000054464000,   0.00000,
,,,0.000054465000,   0.80000,
,,,0.000054466000,  -0.80000,
,,,0.000054467000,  -0.80000,
,,,0.000054468000,   0.00000,
,,,0.000054469000,  -0.80000,
,,,0.000054470000,  -1.60000,
,,,0.000054471000,   0.00000,
,,,0.000054472000,   0.00000,
,,,0.000054473000,  -1.60000,
,,,0.000054474000,   0.00000,
,,,0.000054475000,   0.00000,
,,,0.000054476000,  -0.80000,
,,,0.000054477000,   0.00000,
,,,0.000054478000,  -0.80000,
,,,0.000054479000,  -0.80000,
,,,0.000054480000,  -1.60000,
,,,0.000054481000,  -0.80000,
,,,0.000054482000,   0.00000,
,,,0.000054483000,  -0.80000,
,,,0.000054484000,  -1.60000,
,,,0.000054485000,   0.00000,
,,,0.000054486000,  -1.60000,
,,,0.000054487000,  -1.60000,
,,,0.000054488000,  -0.80000,
,,,0.000054489000,  -1.60000,
,,,0.000054490000,  -1.60000,
,,,0.000054491000,  -1.60000,
,,,0.000054492000,  -1.60000,
,,,0.000054493000,  -1.60000,
,,,0.000054494000,  -1.60000,
,,,0.000054495000,  -0.80000,
,,,0.000054496000,  -0.80000,
,,,0.000054497000,  -1.60000,
,,,0.000054498000,  -0.80000,
,,,0.000054499000,  -1.60000,
,,,0.000054500000,  -1.60000,
,,,0.000054501000,  -1.60000,
,,,0.000054502000,  -1.60000,
,,,0.000054503000,  -1.60000,
,,,0.000054504000,  -0.80000,
,,,0.000054505000,  -0.80000,
,,,0.000054506000,  -0.80000,
,,,0.000054507000,   0.00000,
,,,0.000054508000,  -0.80000,
,,,0.000054509000,  -0.80000,
,,,0.000054510000,  -2.40000,
,,,0.000054511000,  -1.60000,
,,,0.000054512000,  -0.80000,
,,,0.000054513000,  -0.80000,
,,,0.000054514000,  -0.80000,
,,,0.000054515000,  -0.80000,
,,,0.000054516000,  -1.60000,
,,,0.000054517000,  -0.80000,
,,,0.000054518000,  -0.80000,
,,,0.000054519000,   0.00000,
,,,0.000054520000,  -1.60000,
,,,0.000054521000,  -0.80000,
,,,0.000054522000,   0.00000,
,,,0.000054523000,  -0.80000,
,,,0.000054524000,  -0.80000,
,,,0.000054525000,  -1.60000,
,,,0.000054526000,  -0.80000,
,,,0.000054527000,  -1.60000,
,,,0.000054528000,  -0.80000,
,,,0.000054529000,  -0.80000,
,,,0.000054530000,  -1.60000,
,,,0.000054531000,  -1.60000,
,,,0.000054532000,  -1.60000,
,,,0.000054533000,  -0.80000,
,,,0.000054534000,  -1.60000,
,,,0.000054535000,  -1.60000,
,,,0.000054536000,  -0.80000,
,,,0.000054537000,  -1.60000,
,,,0.000054538000,  -1.60000,
,,,0.000054539000,  -0.80000,
,,,0.000054540000,  -1.60000,
,,,0.000054541000,  -1.60000,
,,,0.000054542000,  -1.60000,
,,,0.000054543000,  -1.60000,
,,,0.000054544000,  -0.80000,
,,,0.000054545000,  -1.60000,
,,,0.000054546000,  -0.80000,
,,,0.000054547000,  -1.60000,
,,,0.000054548000,  -1.60000,
,,,0.000054549000,  -1.60000,
,,,0.000054550000,  -0.80000,
,,,0.000054551000,  -2.40000,
,,,0.000054552000,  -0.80000,
,,,0.000054553000,  -0.80000,
,,,0.000054554000,  -0.80000,
,,,0.000054555000,  -1.60000,
,,,0.000054556000,  -0.80000,
,,,0.000054557000,  -0.80000,
,,,0.000054558000,  -0.80000,
,,,0.000054559000,  -1.60000,
,,,0.000054560000,  -1.60000,
,,,0.000054561000,  -0.80000,
,,,0.000054562000,  -0.80000,
,,,0.000054563000,  -0.80000,
,,,0.000054564000,  -1.60000,
,,,0.000054565000,  -0.80000,
,,,0.000054566000,   0.00000,
,,,0.000054567000,  -0.80000,
,,,0.000054568000,  -0.80000,
,,,0.000054569000,  -1.60000,
,,,0.000054570000,  -0.80000,
,,,0.000054571000,  -0.80000,
,,,0.000054572000,  -1.60000,
,,,0.000054573000,  -2.40000,
,,,0.000054574000,  -0.80000,
,,,0.000054575000,  -1.60000,
,,,0.000054576000,  -2.40000,
,,,0.000054577000,  -0.80000,
,,,0.000054578000,  -0.80000,
,,,0.000054579000,  -1.60000,
,,,0.000054580000,  -1.60000,
,,,0.000054581000,  -0.80000,
,,,0.000054582000,  -0.80000,
,,,0.000054583000,  -0.80000,
,,,0.000054584000,  -0.80000,
,,,0.000054585000,  -1.60000,
,,,0.000054586000,  -2.40000,
,,,0.000054587000,  -0.80000,
,,,0.000054588000,  -1.60000,
,,,0.000054589000,  -0.80000,
,,,0.000054590000,  -0.80000,
,,,0.000054591000,  -0.80000,
,,,0.000054592000,  -1.60000,
,,,0.000054593000,  -1.60000,
,,,0.000054594000,  -1.60000,
,,,0.000054595000,  -0.80000,
,,,0.000054596000,  -2.40000,
,,,0.000054597000,   0.00000,
,,,0.000054598000,  -0.80000,
,,,0.000054599000,  -1.60000,
,,,0.000054600000,  -0.80000,
,,,0.000054601000,  -0.80000,
,,,0.000054602000,  -0.80000,
,,,0.000054603000,  -0.80000,
,,,0.000054604000,  -1.60000,
,,,0.000054605000,  -0.80000,
,,,0.000054606000,   0.00000,
,,,0.000054607000,   0.80000,
,,,0.000054608000,   0.00000,
,,,0.000054609000,  -0.80000,
,,,0.000054610000,  -1.60000,
,,,0.000054611000,  -1.60000,
,,,0.000054612000,  -0.80000,
,,,0.000054613000,  -1.60000,
,,,0.000054614000,  -0.80000,
,,,0.000054615000,   0.00000,
,,,0.000054616000,  -0.80000,
,,,0.000054617000,  -0.80000,
,,,0.000054618000,   0.00000,
,,,0.000054619000,  -0.80000,
,,,0.000054620000,  -0.80000,
,,,0.000054621000,  -0.80000,
,,,0.000054622000,  -0.80000,
,,,0.000054623000,  -1.60000,
,,,0.000054624000,  -2.40000,
,,,0.000054625000,  -2.40000,
,,,0.000054626000,  -0.80000,
,,,0.000054627000,  -0.80000,
,,,0.000054628000,   0.00000,
,,,0.000054629000,   0.00000,
,,,0.000054630000,  -0.80000,
,,,0.000054631000,  -0.80000,
,,,0.000054632000,  -0.80000,
,,,0.000054633000,   0.00000,
,,,0.000054634000,  -0.80000,
,,,0.000054635000,  -1.60000,
,,,0.000054636000,  -0.80000,
,,,0.000054637000,  -1.60000,
,,,0.000054638000,  -1.60000,
,,,0.000054639000,  -0.80000,
,,,0.000054640000,  -1.60000,
,,,0.000054641000,  -1.60000,
,,,0.000054642000,  -1.60000,
,,,0.000054643000,  -2.40000,
,,,0.000054644000,  -1.60000,
,,,0.000054645000,  -2.40000,
,,,0.000054646000,  -1.60000,
,,,0.000054647000,  -1.60000,
,,,0.000054648000,  -0.80000,
,,,0.000054649000,  -1.60000,
,,,0.000054650000,  -1.60000,
,,,0.000054651000,  -1.60000,
,,,0.000054652000,   0.00000,
,,,0.000054653000,  -0.80000,
,,,0.000054654000,  -1.60000,
,,,0.000054655000,  -0.80000,
,,,0.000054656000,  -0.80000,
,,,0.000054657000,  -0.80000,
,,,0.000054658000,  -0.80000,
,,,0.000054659000,  -0.80000,
,,,0.000054660000,  -0.80000,
,,,0.000054661000,   0.00000,
,,,0.000054662000,   0.00000,
,,,0.000054663000,   0.00000,
,,,0.000054664000,   0.00000,
,,,0.000054665000,  -0.80000,
,,,0.000054666000,  -0.80000,
,,,0.000054667000,   0.00000,
,,,0.000054668000,  -0.80000,
,,,0.000054669000,   0.00000,
,,,0.000054670000,  -1.60000,
,,,0.000054671000,  -0.80000,
,,,0.000054672000,  -0.80000,
,,,0.000054673000,   0.00000,
,,,0.000054674000,  -0.80000,
,,,0.000054675000,  -1.60000,
,,,0.000054676000,   0.00000,
,,,0.000054677000,   0.00000,
,,,0.000054678000,   0.00000,
,,,0.000054679000,  -1.60000,
,,,0.000054680000,   0.00000,
,,,0.000054681000,  -1.60000,
,,,0.000054682000,  -2.40000,
,,,0.000054683000,   0.00000,
,,,0.000054684000,  -1.60000,
,,,0.000054685000,  -0.80000,
,,,0.000054686000,  -1.60000,
,,,0.000054687000,  -0.80000,
,,,0.000054688000,  -0.80000,
,,,0.000054689000,  -0.80000,
,,,0.000054690000,  -0.80000,
,,,0.000054691000,   0.00000,
,,,0.000054692000,   0.00000,
,,,0.000054693000,   0.80000,
,,,0.000054694000,  -0.80000,
,,,0.000054695000,  -0.80000,
,,,0.000054696000,  -0.80000,
,,,0.000054697000,  -0.80000,
,,,0.000054698000,   0.00000,
,,,0.000054699000,   0.00000,
,,,0.000054700000,  -0.80000,
,,,0.000054701000,   0.00000,
,,,0.000054702000,   0.00000,
,,,0.000054703000,  -0.80000,
,,,0.000054704000,  -1.60000,
,,,0.000054705000,   0.00000,
,,,0.000054706000,  -0.80000,
,,,0.000054707000,  -0.80000,
,,,0.000054708000,  -1.60000,
,,,0.000054709000,   0.80000,
,,,0.000054710000,   0.80000,
,,,0.000054711000,   0.00000,
,,,0.000054712000,   0.00000,
,,,0.000054713000,   0.00000,
,,,0.000054714000,   0.00000,
,,,0.000054715000,   0.00000,
,,,0.000054716000,   0.00000,
,,,0.000054717000,   0.00000,
,,,0.000054718000,   0.00000,
,,,0.000054719000,  -0.80000,
,,,0.000054720000,   0.00000,
,,,0.000054721000,   0.80000,
,,,0.000054722000,  -1.60000,
,,,0.000054723000,   0.00000,
,,,0.000054724000,  -0.80000,
,,,0.000054725000,   0.00000,
,,,0.000054726000,   0.00000,
,,,0.000054727000,   0.00000,
,,,0.000054728000,  -0.80000,
,,,0.000054729000,   0.00000,
,,,0.000054730000,  -0.80000,
,,,0.000054731000,   0.00000,
,,,0.000054732000,  -0.80000,
,,,0.000054733000,  -0.80000,
,,,0.000054734000,   0.00000,
,,,0.000054735000,  -0.80000,
,,,0.000054736000,  -1.60000,
,,,0.000054737000,  -0.80000,
,,,0.000054738000,  -0.80000,
,,,0.000054739000,   0.00000,
,,,0.000054740000,  -0.80000,
,,,0.000054741000,  -0.80000,
,,,0.000054742000,  -1.60000,
,,,0.000054743000,   0.80000,
,,,0.000054744000,  -0.80000,
,,,0.000054745000,  -0.80000,
,,,0.000054746000,  -0.80000,
,,,0.000054747000,  -0.80000,
,,,0.000054748000,   0.80000,
,,,0.000054749000,   0.00000,
,,,0.000054750000,   0.80000,
,,,0.000054751000,   0.00000,
,,,0.000054752000,  -0.80000,
,,,0.000054753000,  -0.80000,
,,,0.000054754000,   0.80000,
,,,0.000054755000,   0.80000,
,,,0.000054756000,   0.80000,
,,,0.000054757000,   1.60000,
,,,0.000054758000,   0.80000,
,,,0.000054759000,   0.00000,
,,,0.000054760000,   0.80000,
,,,0.000054761000,   0.00000,
,,,0.000054762000,   0.80000,
,,,0.000054763000,  -0.80000,
,,,0.000054764000,   0.80000,
,,,0.000054765000,   0.00000,
,,,0.000054766000,  -0.80000,
,,,0.000054767000,  -0.80000,
,,,0.000054768000,   0.00000,
,,,0.000054769000,   0.80000,
,,,0.000054770000,  -0.80000,
,,,0.000054771000,  -0.80000,
,,,0.000054772000,   0.00000,
,,,0.000054773000,  -0.80000,
,,,0.000054774000,   0.00000,
,,,0.000054775000,   0.00000,
,,,0.000054776000,   0.00000,
,,,0.000054777000,   0.00000,
,,,0.000054778000,  -0.80000,
,,,0.000054779000,   0.00000,
,,,0.000054780000,   0.00000,
,,,0.000054781000,   0.00000,
,,,0.000054782000,   0.00000,
,,,0.000054783000,  -0.80000,
,,,0.000054784000,   0.80000,
,,,0.000054785000,   0.80000,
,,,0.000054786000,   0.80000,
,,,0.000054787000,   0.80000,
,,,0.000054788000,   0.80000,
,,,0.000054789000,   0.00000,
,,,0.000054790000,   0.00000,
,,,0.000054791000,   0.00000,
,,,0.000054792000,   0.00000,
,,,0.000054793000,   0.00000,
,,,0.000054794000,   1.60000,
,,,0.000054795000,   0.00000,
,,,0.000054796000,   0.00000,
,,,0.000054797000,   0.00000,
,,,0.000054798000,   0.00000,
,,,0.000054799000,   0.00000,
,,,0.000054800000,   0.80000,
,,,0.000054801000,   0.00000,
,,,0.000054802000,   0.80000,
,,,0.000054803000,  -0.80000,
,,,0.000054804000,   0.00000,
,,,0.000054805000,   0.80000,
,,,0.000054806000,   0.80000,
,,,0.000054807000,  -0.80000,
,,,0.000054808000,   0.80000,
,,,0.000054809000,   0.80000,
,,,0.000054810000,   1.60000,
,,,0.000054811000,   0.80000,
,,,0.000054812000,   0.00000,
,,,0.000054813000,   0.80000,
,,,0.000054814000,   1.60000,
,,,0.000054815000,   0.80000,
,,,0.000054816000,   0.80000,
,,,0.000054817000,   0.80000,
,,,0.000054818000,   0.00000,
,,,0.000054819000,   0.80000,
,,,0.000054820000,   0.00000,
,,,0.000054821000,  -0.80000,
,,,0.000054822000,  -0.80000,
,,,0.000054823000,   0.80000,
,,,0.000054824000,   0.80000,
,,,0.000054825000,   1.60000,
,,,0.000054826000,   0.80000,
,,,0.000054827000,   0.00000,
,,,0.000054828000,   0.00000,
,,,0.000054829000,   1.60000,
,,,0.000054830000,   0.00000,
,,,0.000054831000,   0.00000,
,,,0.000054832000,   0.80000,
,,,0.000054833000,   0.80000,
,,,0.000054834000,  -0.80000,
,,,0.000054835000,   1.60000,
,,,0.000054836000,   0.80000,
,,,0.000054837000,   0.00000,
,,,0.000054838000,   0.00000,
,,,0.000054839000,  -0.80000,
,,,0.000054840000,   0.00000,
,,,0.000054841000,   0.00000,
,,,0.000054842000,   0.80000,
,,,0.000054843000,   0.80000,
,,,0.000054844000,   0.00000,
,,,0.000054845000,   0.80000,
,,,0.000054846000,  -0.80000,
,,,0.000054847000,   0.00000,
,,,0.000054848000,   0.00000,
,,,0.000054849000,   0.00000,
,,,0.000054850000,   0.80000,
,,,0.000054851000,   0.00000,
,,,0.000054852000,   0.00000,
,,,0.000054853000,   0.80000,
,,,0.000054854000,   0.00000,
,,,0.000054855000,   0.80000,
,,,0.000054856000,   1.60000,
,,,0.000054857000,   0.80000,
,,,0.000054858000,   0.80000,
,,,0.000054859000,   1.60000,
,,,0.000054860000,   1.60000,
,,,0.000054861000,   0.80000,
,,,0.000054862000,   0.80000,
,,,0.000054863000,   0.80000,
,,,0.000054864000,   0.80000,
,,,0.000054865000,  -0.80000,
,,,0.000054866000,   0.00000,
,,,0.000054867000,   0.80000,
,,,0.000054868000,   0.00000,
,,,0.000054869000,   0.00000,
,,,0.000054870000,   0.00000,
,,,0.000054871000,   0.80000,
,,,0.000054872000,   0.00000,
,,,0.000054873000,   0.00000,
,,,0.000054874000,   0.80000,
,,,0.000054875000,   0.00000,
,,,0.000054876000,   0.00000,
,,,0.000054877000,  -0.80000,
,,,0.000054878000,   1.60000,
,,,0.000054879000,   0.00000,
,,,0.000054880000,  -0.80000,
,,,0.000054881000,   0.00000,
,,,0.000054882000,   0.00000,
,,,0.000054883000,   0.80000,
,,,0.000054884000,   0.80000,
,,,0.000054885000,   0.80000,
,,,0.000054886000,   0.80000,
,,,0.000054887000,   0.80000,
,,,0.000054888000,   0.00000,
,,,0.000054889000,   0.00000,
,,,0.000054890000,  -0.80000,
,,,0.000054891000,   0.00000,
,,,0.000054892000,   0.80000,
,,,0.000054893000,   0.80000,
,,,0.000054894000,   0.00000,
,,,0.000054895000,   0.00000,
,,,0.000054896000,   0.00000,
,,,0.000054897000,   0.00000,
,,,0.000054898000,   0.00000,
,,,0.000054899000,   0.00000,
,,,0.000054900000,   0.00000,
,,,0.000054901000,   0.00000,
,,,0.000054902000,  -0.80000,
,,,0.000054903000,   0.80000,
,,,0.000054904000,   1.60000,
,,,0.000054905000,   1.60000,
,,,0.000054906000,  -0.80000,
,,,0.000054907000,   0.00000,
,,,0.000054908000,   1.60000,
,,,0.000054909000,   0.80000,
,,,0.000054910000,   0.80000,
,,,0.000054911000,  -0.80000,
,,,0.000054912000,   1.60000,
,,,0.000054913000,   0.00000,
,,,0.000054914000,   0.80000,
,,,0.000054915000,   0.80000,
,,,0.000054916000,   0.00000,
,,,0.000054917000,   0.80000,
,,,0.000054918000,   1.60000,
,,,0.000054919000,   0.80000,
,,,0.000054920000,  -0.80000,
,,,0.000054921000,   0.80000,
,,,0.000054922000,   0.80000,
,,,0.000054923000,  -0.80000,
,,,0.000054924000,   0.80000,
,,,0.000054925000,   0.80000,
,,,0.000054926000,   0.80000,
,,,0.000054927000,   0.00000,
,,,0.000054928000,   0.80000,
,,,0.000054929000,   0.80000,
,,,0.000054930000,   0.80000,
,,,0.000054931000,   0.80000,
,,,0.000054932000,   0.80000,
,,,0.000054933000,  -0.80000,
,,,0.000054934000,   0.00000,
,,,0.000054935000,   0.00000,
,,,0.000054936000,   0.00000,
,,,0.000054937000,   0.00000,
,,,0.000054938000,   0.80000,
,,,0.000054939000,   0.80000,
,,,0.000054940000,   0.80000,
,,,0.000054941000,   0.80000,
,,,0.000054942000,   0.00000,
,,,0.000054943000,   1.60000,
,,,0.000054944000,  -0.80000,
,,,0.000054945000,   0.80000,
,,,0.000054946000,   0.00000,
,,,0.000054947000,   0.00000,
,,,0.000054948000,   0.00000,
,,,0.000054949000,  -0.80000,
,,,0.000054950000,   1.60000,
,,,0.000054951000,   0.00000,
,,,0.000054952000,   0.00000,
,,,0.000054953000,   0.00000,
,,,0.000054954000,   0.80000,
,,,0.000054955000,  -0.80000,
,,,0.000054956000,  -1.60000,
,,,0.000054957000,   0.80000,
,,,0.000054958000,  -1.60000,
,,,0.000054959000,   0.80000,
,,,0.000054960000,  -0.80000,
,,,0.000054961000,  -0.80000,
,,,0.000054962000,   0.00000,
,,,0.000054963000,  -0.80000,
,,,0.000054964000,  -0.80000,
,,,0.000054965000,  -0.80000,
,,,0.000054966000,  -1.60000,
,,,0.000054967000,  -0.80000,
,,,0.000054968000,  -1.60000,
,,,0.000054969000,  -2.40000,
,,,0.000054970000,  -2.40000,
,,,0.000054971000,  -2.40000,
,,,0.000054972000,  -2.40000,
,,,0.000054973000,  -1.60000,
,,,0.000054974000,  -1.60000,
,,,0.000054975000,  -2.40000,
,,,0.000054976000,  -3.20000,
,,,0.000054977000,  -2.40000,
,,,0.000054978000,  -3.20000,
,,,0.000054979000,  -3.20000,
,,,0.000054980000,  -3.20000,
,,,0.000054981000,  -3.20000,
,,,0.000054982000,  -3.20000,
,,,0.000054983000,  -3.20000,
,,,0.000054984000,  -3.20000,
,,,0.000054985000,  -3.20000,
,,,0.000054986000,  -4.00000,
,,,0.000054987000,  -4.00000,
,,,0.000054988000,  -3.20000,
,,,0.000054989000,  -3.20000,
,,,0.000054990000,  -3.20000,
,,,0.000054991000,  -4.00000,
,,,0.000054992000,  -3.20000,
,,,0.000054993000,  -4.00000,
,,,0.000054994000,  -3.20000,
,,,0.000054995000,  -4.00000,
,,,0.000054996000,  -4.00000,
,,,0.000054997000,  -2.40000,
,,,0.000054998000,  -4.00000,
,,,0.000054999000,  -3.20000,
,,,0.000055000000,  -4.00000,
,,,0.000055001000,  -4.80000,
,,,0.000055002000,  -4.00000,
,,,0.000055003000,  -4.80000,
,,,0.000055004000,  -5.60000,
,,,0.000055005000,  -5.60000,
,,,0.000055006000,  -6.40000,
,,,0.000055007000,  -4.80000,
,,,0.000055008000,  -6.40000,
,,,0.000055009000,  -5.60000,
,,,0.000055010000,  -5.60000,
,,,0.000055011000,  -5.60000,
,,,0.000055012000,  -6.40000,
,,,0.000055013000,  -6.40000,
,,,0.000055014000,  -6.40000,
,,,0.000055015000,  -6.40000,
,,,0.000055016000,  -7.20000,
,,,0.000055017000,  -7.20000,
,,,0.000055018000,  -7.20000,
,,,0.000055019000,  -7.20000,
,,,0.000055020000,  -8.00000,
,,,0.000055021000,  -8.00000,
,,,0.000055022000,  -8.00000,
,,,0.000055023000,  -7.20000,
,,,0.000055024000,  -8.00000,
,,,0.000055025000,  -7.20000,
,,,0.000055026000,  -8.80000,
,,,0.000055027000,  -8.80000,
,,,0.000055028000,  -7.20000,
,,,0.000055029000,  -8.80000,
,,,0.000055030000,  -8.80000,
,,,0.000055031000,  -8.80000,
,,,0.000055032000,  -9.60000,
,,,0.000055033000,  -8.80000,
,,,0.000055034000, -10.40000,
,,,0.000055035000, -10.40000,
,,,0.000055036000,  -8.80000,
,,,0.000055037000, -11.20000,
,,,0.000055038000, -10.40000,
,,,0.000055039000, -10.40000,
,,,0.000055040000, -11.20000,
,,,0.000055041000, -11.20000,
,,,0.000055042000, -11.20000,
,,,0.000055043000, -12.00000,
,,,0.000055044000, -11.20000,
,,,0.000055045000, -11.20000,
,,,0.000055046000, -12.00000,
,,,0.000055047000, -11.20000,
,,,0.000055048000, -12.80000,
,,,0.000055049000, -13.60000,
,,,0.000055050000, -12.00000,
,,,0.000055051000, -12.80000,
,,,0.000055052000, -12.80000,
,,,0.000055053000, -12.80000,
,,,0.000055054000, -12.80000,
,,,0.000055055000, -12.80000,
,,,0.000055056000, -13.60000,
,,,0.000055057000, -12.80000,
,,,0.000055058000, -13.60000,
,,,0.000055059000, -14.40000,
,,,0.000055060000, -14.40000,
,,,0.000055061000, -14.40000,
,,,0.000055062000, -14.40000,
,,,0.000055063000, -13.60000,
,,,0.000055064000, -15.20000,
,,,0.000055065000, -15.20000,
,,,0.000055066000, -15.20000,
,,,0.000055067000, -16.00000,
,,,0.000055068000, -14.40000,
,,,0.000055069000, -14.40000,
,,,0.000055070000, -15.20000,
,,,0.000055071000, -16.80000,
,,,0.000055072000, -16.00000,
,,,0.000055073000, -16.00000,
,,,0.000055074000, -16.80000,
,,,0.000055075000, -17.60000,
,,,0.000055076000, -16.00000,
,,,0.000055077000, -15.20000,
,,,0.000055078000, -17.60000,
,,,0.000055079000, -17.60000,
,,,0.000055080000, -17.60000,
,,,0.000055081000, -17.60000,
,,,0.000055082000, -18.40000,
,,,0.000055083000, -17.60000,
,,,0.000055084000, -18.40000,
,,,0.000055085000, -17.60000,
,,,0.000055086000, -19.20000,
,,,0.000055087000, -20.80000,
,,,0.000055088000, -19.20000,
,,,0.000055089000, -19.20000,
,,,0.000055090000, -19.20000,
,,,0.000055091000, -19.20000,
,,,0.000055092000, -20.00000,
,,,0.000055093000, -20.00000,
,,,0.000055094000, -20.80000,
,,,0.000055095000, -20.00000,
,,,0.000055096000, -20.80000,
,,,0.000055097000, -20.80000,
,,,0.000055098000, -21.60000,
,,,0.000055099000, -22.40000,
,,,0.000055100000, -21.60000,
,,,0.000055101000, -20.80000,
,,,0.000055102000, -20.80000,
,,,0.000055103000, -21.60000,
,,,0.000055104000, -22.40000,
,,,0.000055105000, -22.40000,
,,,0.000055106000, -22.40000,
,,,0.000055107000, -21.60000,
,,,0.000055108000, -22.40000,
,,,0.000055109000, -24.00000,
,,,0.000055110000, -23.20000,
,,,0.000055111000, -22.40000,
,,,0.000055112000, -23.20000,
,,,0.000055113000, -23.20000,
,,,0.000055114000, -24.00000,
,,,0.000055115000, -23.20000,
,,,0.000055116000, -24.00000,
,,,0.000055117000, -23.20000,
,,,0.000055118000, -24.80000,
,,,0.000055119000, -24.00000,
,,,0.000055120000, -24.00000,
,,,0.000055121000, -25.60000,
,,,0.000055122000, -24.00000,
,,,0.000055123000, -24.80000,
,,,0.000055124000, -25.60000,
,,,0.000055125000, -27.20000,
,,,0.000055126000, -25.60000,
,,,0.000055127000, -24.80000,
,,,0.000055128000, -25.60000,
,,,0.000055129000, -27.20000,
,,,0.000055130000, -27.20000,
,,,0.000055131000, -28.00000,
,,,0.000055132000, -26.40000,
,,,0.000055133000, -26.40000,
,,,0.000055134000, -27.20000,
,,,0.000055135000, -27.20000,
,,,0.000055136000, -27.20000,
,,,0.000055137000, -28.00000,
,,,0.000055138000, -28.00000,
,,,0.000055139000, -27.20000,
,,,0.000055140000, -28.00000,
,,,0.000055141000, -28.80000,
,,,0.000055142000, -28.80000,
,,,0.000055143000, -28.00000,
,,,0.000055144000, -28.00000,
,,,0.000055145000, -28.00000,
,,,0.000055146000, -28.00000,
,,,0.000055147000, -28.00000,
,,,0.000055148000, -29.60000,
,,,0.000055149000, -30.40000,
,,,0.000055150000, -29.60000,
,,,0.000055151000, -29.60000,
,,,0.000055152000, -30.40000,
,,,0.000055153000, -29.60000,
,,,0.000055154000, -30.40000,
,,,0.000055155000, -30.40000,
,,,0.000055156000, -28.80000,
,,,0.000055157000, -28.80000,
,,,0.000055158000, -30.40000,
,,,0.000055159000, -30.40000,
,,,0.000055160000, -29.60000,
,,,0.000055161000, -30.40000,
,,,0.000055162000, -30.40000,
,,,0.000055163000, -31.20000,
,,,0.000055164000, -31.20000,
,,,0.000055165000, -31.20000,
,,,0.000055166000, -32.80000,
,,,0.000055167000, -32.80000,
,,,0.000055168000, -31.20000,
,,,0.000055169000, -32.00000,
,,,0.000055170000, -32.00000,
,,,0.000055171000, -31.20000,
,,,0.000055172000, -33.60000,
,,,0.000055173000, -31.20000,
,,,0.000055174000, -32.00000,
,,,0.000055175000, -32.00000,
,,,0.000055176000, -32.00000,
,,,0.000055177000, -32.80000,
,,,0.000055178000, -32.80000,
,,,0.000055179000, -33.60000,
,,,0.000055180000, -33.60000,
,,,0.000055181000, -33.60000,
,,,0.000055182000, -32.00000,
,,,0.000055183000, -32.80000,
,,,0.000055184000, -32.00000,
,,,0.000055185000, -33.60000,
,,,0.000055186000, -33.60000,
,,,0.000055187000, -32.80000,
,,,0.000055188000, -33.60000,
,,,0.000055189000, -32.00000,
,,,0.000055190000, -33.60000,
,,,0.000055191000, -34.40000,
,,,0.000055192000, -32.00000,
,,,0.000055193000, -33.60000,
,,,0.000055194000, -33.60000,
,,,0.000055195000, -34.40000,
,,,0.000055196000, -33.60000,
,,,0.000055197000, -34.40000,
,,,0.000055198000, -33.60000,
,,,0.000055199000, -33.60000,
,,,0.000055200000, -32.80000,
,,,0.000055201000, -32.80000,
,,,0.000055202000, -33.60000,
,,,0.000055203000, -34.40000,
,,,0.000055204000, -32.80000,
,,,0.000055205000, -34.40000,
,,,0.000055206000, -33.60000,
,,,0.000055207000, -33.60000,
,,,0.000055208000, -33.60000,
,,,0.000055209000, -34.40000,
,,,0.000055210000, -33.60000,
,,,0.000055211000, -34.40000,
,,,0.000055212000, -33.60000,
,,,0.000055213000, -35.20000,
,,,0.000055214000, -35.20000,
,,,0.000055215000, -33.60000,
,,,0.000055216000, -33.60000,
,,,0.000055217000, -34.40000,
,,,0.000055218000, -34.40000,
,,,0.000055219000, -34.40000,
,,,0.000055220000, -33.60000,
,,,0.000055221000, -33.60000,
,,,0.000055222000, -34.40000,
,,,0.000055223000, -34.40000,
,,,0.000055224000, -36.00000,
,,,0.000055225000, -34.40000,
,,,0.000055226000, -34.40000,
,,,0.000055227000, -35.20000,
,,,0.000055228000, -34.40000,
,,,0.000055229000, -35.20000,
,,,0.000055230000, -35.20000,
,,,0.000055231000, -35.20000,
,,,0.000055232000, -33.60000,
,,,0.000055233000, -35.20000,
,,,0.000055234000, -33.60000,
,,,0.000055235000, -34.40000,
,,,0.000055236000, -34.40000,
,,,0.000055237000, -36.00000,
,,,0.000055238000, -34.40000,
,,,0.000055239000, -34.40000,
,,,0.000055240000, -35.20000,
,,,0.000055241000, -33.60000,
,,,0.000055242000, -34.40000,
,,,0.000055243000, -34.40000,
,,,0.000055244000, -34.40000,
,,,0.000055245000, -33.60000,
,,,0.000055246000, -34.40000,
,,,0.000055247000, -35.20000,
,,,0.000055248000, -35.20000,
,,,0.000055249000, -34.40000,
,,,0.000055250000, -34.40000,
,,,0.000055251000, -34.40000,
,,,0.000055252000, -34.40000,
,,,0.000055253000, -34.40000,
,,,0.000055254000, -32.80000,
,,,0.000055255000, -33.60000,
,,,0.000055256000, -33.60000,
,,,0.000055257000, -34.40000,
,,,0.000055258000, -32.80000,
,,,0.000055259000, -33.60000,
,,,0.000055260000, -34.40000,
,,,0.000055261000, -32.80000,
,,,0.000055262000, -33.60000,
,,,0.000055263000, -32.80000,
,,,0.000055264000, -34.40000,
,,,0.000055265000, -33.60000,
,,,0.000055266000, -34.40000,
,,,0.000055267000, -34.40000,
,,,0.000055268000, -33.60000,
,,,0.000055269000, -35.20000,
,,,0.000055270000, -34.40000,
,,,0.000055271000, -34.40000,
,,,0.000055272000, -33.60000,
,,,0.000055273000, -33.60000,
,,,0.000055274000, -34.40000,
,,,0.000055275000, -33.60000,
,,,0.000055276000, -33.60000,
,,,0.000055277000, -33.60000,
,,,0.000055278000, -33.60000,
,,,0.000055279000, -34.40000,
,,,0.000055280000, -33.60000,
,,,0.000055281000, -32.80000,
,,,0.000055282000, -32.80000,
,,,0.000055283000, -32.80000,
,,,0.000055284000, -34.40000,
,,,0.000055285000, -32.80000,
,,,0.000055286000, -34.40000,
,,,0.000055287000, -32.80000,
,,,0.000055288000, -33.60000,
,,,0.000055289000, -33.60000,
,,,0.000055290000, -33.60000,
,,,0.000055291000, -32.80000,
,,,0.000055292000, -33.60000,
,,,0.000055293000, -32.00000,
,,,0.000055294000, -32.80000,
,,,0.000055295000, -32.80000,
,,,0.000055296000, -33.60000,
,,,0.000055297000, -32.00000,
,,,0.000055298000, -33.60000,
,,,0.000055299000, -32.00000,
,,,0.000055300000, -32.80000,
,,,0.000055301000, -32.00000,
,,,0.000055302000, -32.80000,
,,,0.000055303000, -32.00000,
,,,0.000055304000, -33.60000,
,,,0.000055305000, -33.60000,
,,,0.000055306000, -31.20000,
,,,0.000055307000, -32.00000,
,,,0.000055308000, -32.80000,
,,,0.000055309000, -30.40000,
,,,0.000055310000, -31.20000,
,,,0.000055311000, -31.20000,
,,,0.000055312000, -32.00000,
,,,0.000055313000, -32.00000,
,,,0.000055314000, -32.00000,
,,,0.000055315000, -32.00000,
,,,0.000055316000, -32.80000,
,,,0.000055317000, -31.20000,
,,,0.000055318000, -31.20000,
,,,0.000055319000, -31.20000,
,,,0.000055320000, -31.20000,
,,,0.000055321000, -31.20000,
,,,0.000055322000, -32.00000,
,,,0.000055323000, -32.80000,
,,,0.000055324000, -32.00000,
,,,0.000055325000, -31.20000,
,,,0.000055326000, -32.00000,
,,,0.000055327000, -32.00000,
,,,0.000055328000, -32.00000,
,,,0.000055329000, -32.80000,
,,,0.000055330000, -32.00000,
,,,0.000055331000, -30.40000,
,,,0.000055332000, -31.20000,
,,,0.000055333000, -32.00000,
,,,0.000055334000, -32.00000,
,,,0.000055335000, -32.80000,
,,,0.000055336000, -32.00000,
,,,0.000055337000, -31.20000,
,,,0.000055338000, -31.20000,
,,,0.000055339000, -31.20000,
,,,0.000055340000, -32.00000,
,,,0.000055341000, -31.20000,
,,,0.000055342000, -32.00000,
,,,0.000055343000, -31.20000,
,,,0.000055344000, -30.40000,
,,,0.000055345000, -31.20000,
,,,0.000055346000, -32.00000,
,,,0.000055347000, -31.20000,
,,,0.000055348000, -31.20000,
,,,0.000055349000, -32.00000,
,,,0.000055350000, -31.20000,
,,,0.000055351000, -30.40000,
,,,0.000055352000, -31.20000,
,,,0.000055353000, -32.00000,
,,,0.000055354000, -31.20000,
,,,0.000055355000, -32.00000,
,,,0.000055356000, -30.40000,
,,,0.000055357000, -31.20000,
,,,0.000055358000, -31.20000,
,,,0.000055359000, -31.20000,
,,,0.000055360000, -32.00000,
,,,0.000055361000, -32.00000,
,,,0.000055362000, -31.20000,
,,,0.000055363000, -31.20000,
,,,0.000055364000, -31.20000,
,,,0.000055365000, -32.00000,
,,,0.000055366000, -31.20000,
,,,0.000055367000, -32.00000,
,,,0.000055368000, -32.00000,
,,,0.000055369000, -31.20000,
,,,0.000055370000, -30.40000,
,,,0.000055371000, -30.40000,
,,,0.000055372000, -30.40000,
,,,0.000055373000, -31.20000,
,,,0.000055374000, -30.40000,
,,,0.000055375000, -30.40000,
,,,0.000055376000, -30.40000,
,,,0.000055377000, -30.40000,
,,,0.000055378000, -31.20000,
,,,0.000055379000, -32.00000,
,,,0.000055380000, -31.20000,
,,,0.000055381000, -30.40000,
,,,0.000055382000, -31.20000,
,,,0.000055383000, -31.20000,
,,,0.000055384000, -31.20000,
,,,0.000055385000, -29.60000,
,,,0.000055386000, -32.00000,
,,,0.000055387000, -32.00000,
,,,0.000055388000, -32.00000,
,,,0.000055389000, -30.40000,
,,,0.000055390000, -30.40000,
,,,0.000055391000, -31.20000,
,,,0.000055392000, -31.20000,
,,,0.000055393000, -30.40000,
,,,0.000055394000, -31.20000,
,,,0.000055395000, -32.00000,
,,,0.000055396000, -31.20000,
,,,0.000055397000, -31.20000,
,,,0.000055398000, -30.40000,
,,,0.000055399000, -31.20000,
,,,0.000055400000, -31.20000,
,,,0.000055401000, -31.20000,
,,,0.000055402000, -30.40000,
,,,0.000055403000, -31.20000,
,,,0.000055404000, -32.80000,
,,,0.000055405000, -32.00000,
,,,0.000055406000, -32.00000,
,,,0.000055407000, -32.00000,
,,,0.000055408000, -31.20000,
,,,0.000055409000, -32.00000,
,,,0.000055410000, -32.00000,
,,,0.000055411000, -31.20000,
,,,0.000055412000, -30.40000,
,,,0.000055413000, -30.40000,
,,,0.000055414000, -32.00000,
,,,0.000055415000, -32.00000,
,,,0.000055416000, -32.00000,
,,,0.000055417000, -31.20000,
,,,0.000055418000, -32.80000,
,,,0.000055419000, -31.20000,
,,,0.000055420000, -31.20000,
,,,0.000055421000, -31.20000,
,,,0.000055422000, -32.80000,
,,,0.000055423000, -32.00000,
,,,0.000055424000, -32.00000,
,,,0.000055425000, -31.20000,
,,,0.000055426000, -32.00000,
,,,0.000055427000, -32.80000,
,,,0.000055428000, -33.60000,
,,,0.000055429000, -32.00000,
,,,0.000055430000, -31.20000,
,,,0.000055431000, -32.80000,
,,,0.000055432000, -32.80000,
,,,0.000055433000, -32.80000,
,,,0.000055434000, -33.60000,
,,,0.000055435000, -32.80000,
,,,0.000055436000, -32.00000,
,,,0.000055437000, -32.80000,
,,,0.000055438000, -32.00000,
,,,0.000055439000, -32.00000,
,,,0.000055440000, -33.60000,
,,,0.000055441000, -32.00000,
,,,0.000055442000, -32.80000,
,,,0.000055443000, -32.00000,
,,,0.000055444000, -31.20000,
,,,0.000055445000, -32.80000,
,,,0.000055446000, -33.60000,
,,,0.000055447000, -32.80000,
,,,0.000055448000, -33.60000,
,,,0.000055449000, -32.00000,
,,,0.000055450000, -32.00000,
,,,0.000055451000, -32.80000,
,,,0.000055452000, -33.60000,
,,,0.000055453000, -31.20000,
,,,0.000055454000, -31.20000,
,,,0.000055455000, -32.80000,
,,,0.000055456000, -32.80000,
,,,0.000055457000, -32.00000,
,,,0.000055458000, -33.60000,
,,,0.000055459000, -33.60000,
,,,0.000055460000, -33.60000,
,,,0.000055461000, -32.80000,
,,,0.000055462000, -33.60000,
,,,0.000055463000, -33.60000,
,,,0.000055464000, -34.40000,
,,,0.000055465000, -32.80000,
,,,0.000055466000, -32.80000,
,,,0.000055467000, -32.80000,
,,,0.000055468000, -32.80000,
,,,0.000055469000, -34.40000,
,,,0.000055470000, -33.60000,
,,,0.000055471000, -33.60000,
,,,0.000055472000, -33.60000,
,,,0.000055473000, -33.60000,
,,,0.000055474000, -33.60000,
,,,0.000055475000, -33.60000,
,,,0.000055476000, -32.80000,
,,,0.000055477000, -33.60000,
,,,0.000055478000, -33.60000,
,,,0.000055479000, -33.60000,
,,,0.000055480000, -33.60000,
,,,0.000055481000, -32.80000,
,,,0.000055482000, -33.60000,
,,,0.000055483000, -33.60000,
,,,0.000055484000, -33.60000,
,,,0.000055485000, -34.40000,
,,,0.000055486000, -35.20000,
,,,0.000055487000, -32.80000,
,,,0.000055488000, -34.40000,
,,,0.000055489000, -33.60000,
,,,0.000055490000, -35.20000,
,,,0.000055491000, -33.60000,
,,,0.000055492000, -33.60000,
,,,0.000055493000, -33.60000,
,,,0.000055494000, -34.40000,
,,,0.000055495000, -33.60000,
,,,0.000055496000, -34.40000,
,,,0.000055497000, -33.60000,
,,,0.000055498000, -33.60000,
,,,0.000055499000, -33.60000,
,,,0.000055500000, -34.40000,
,,,0.000055501000, -33.60000,
,,,0.000055502000, -33.60000,
,,,0.000055503000, -34.40000,
,,,0.000055504000, -33.60000,
,,,0.000055505000, -34.40000,
,,,0.000055506000, -35.20000,
,,,0.000055507000, -32.80000,
,,,0.000055508000, -34.40000,
,,,0.000055509000, -33.60000,
,,,0.000055510000, -33.60000,
,,,0.000055511000, -34.40000,
,,,0.000055512000, -33.60000,
,,,0.000055513000, -33.60000,
,,,0.000055514000, -34.40000,
,,,0.000055515000, -34.40000,
,,,0.000055516000, -33.60000,
,,,0.000055517000, -33.60000,
,,,0.000055518000, -33.60000,
,,,0.000055519000, -35.20000,
,,,0.000055520000, -34.40000,
,,,0.000055521000, -33.60000,
,,,0.000055522000, -33.60000,
,,,0.000055523000, -34.40000,
,,,0.000055524000, -35.20000,
,,,0.000055525000, -34.40000,
,,,0.000055526000, -33.60000,
,,,0.000055527000, -35.20000,
,,,0.000055528000, -35.20000,
,,,0.000055529000, -34.40000,
,,,0.000055530000, -34.40000,
,,,0.000055531000, -34.40000,
,,,0.000055532000, -34.40000,
,,,0.000055533000, -33.60000,
,,,0.000055534000, -33.60000,
,,,0.000055535000, -34.40000,
,,,0.000055536000, -33.60000,
,,,0.000055537000, -33.60000,
,,,0.000055538000, -34.40000,
,,,0.000055539000, -34.40000,
,,,0.000055540000, -33.60000,
,,,0.000055541000, -34.40000,
,,,0.000055542000, -32.80000,
,,,0.000055543000, -34.40000,
,,,0.000055544000, -34.40000,
,,,0.000055545000, -33.60000,
,,,0.000055546000, -34.40000,
,,,0.000055547000, -35.20000,
,,,0.000055548000, -34.40000,
,,,0.000055549000, -33.60000,
,,,0.000055550000, -34.40000,
,,,0.000055551000, -33.60000,
,,,0.000055552000, -33.60000,
,,,0.000055553000, -34.40000,
,,,0.000055554000, -33.60000,
,,,0.000055555000, -34.40000,
,,,0.000055556000, -32.80000,
,,,0.000055557000, -33.60000,
,,,0.000055558000, -32.80000,
,,,0.000055559000, -34.40000,
,,,0.000055560000, -33.60000,
,,,0.000055561000, -32.80000,
,,,0.000055562000, -34.40000,
,,,0.000055563000, -33.60000,
,,,0.000055564000, -32.80000,
,,,0.000055565000, -33.60000,
,,,0.000055566000, -34.40000,
,,,0.000055567000, -32.80000,
,,,0.000055568000, -32.80000,
,,,0.000055569000, -34.40000,
,,,0.000055570000, -34.40000,
,,,0.000055571000, -33.60000,
,,,0.000055572000, -32.80000,
,,,0.000055573000, -32.80000,
,,,0.000055574000, -34.40000,
,,,0.000055575000, -33.60000,
,,,0.000055576000, -33.60000,
,,,0.000055577000, -34.40000,
,,,0.000055578000, -33.60000,
,,,0.000055579000, -33.60000,
,,,0.000055580000, -32.80000,
,,,0.000055581000, -32.80000,
,,,0.000055582000, -33.60000,
,,,0.000055583000, -32.00000,
,,,0.000055584000, -34.40000,
,,,0.000055585000, -34.40000,
,,,0.000055586000, -33.60000,
,,,0.000055587000, -33.60000,
,,,0.000055588000, -33.60000,
,,,0.000055589000, -33.60000,
,,,0.000055590000, -34.40000,
,,,0.000055591000, -33.60000,
,,,0.000055592000, -34.40000,
,,,0.000055593000, -34.40000,
,,,0.000055594000, -32.80000,
,,,0.000055595000, -33.60000,
,,,0.000055596000, -32.80000,
,,,0.000055597000, -33.60000,
,,,0.000055598000, -32.80000,
,,,0.000055599000, -33.60000,
,,,0.000055600000, -33.60000,
,,,0.000055601000, -32.80000,
,,,0.000055602000, -33.60000,
,,,0.000055603000, -34.40000,
,,,0.000055604000, -32.80000,
,,,0.000055605000, -32.80000,
,,,0.000055606000, -32.80000,
,,,0.000055607000, -33.60000,
,,,0.000055608000, -33.60000,
,,,0.000055609000, -32.80000,
,,,0.000055610000, -34.40000,
,,,0.000055611000, -32.00000,
,,,0.000055612000, -32.80000,
,,,0.000055613000, -33.60000,
,,,0.000055614000, -32.80000,
,,,0.000055615000, -32.00000,
,,,0.000055616000, -32.00000,
,,,0.000055617000, -32.80000,
,,,0.000055618000, -33.60000,
,,,0.000055619000, -32.80000,
,,,0.000055620000, -32.80000,
,,,0.000055621000, -32.80000,
,,,0.000055622000, -33.60000,
,,,0.000055623000, -33.60000,
,,,0.000055624000, -33.60000,
,,,0.000055625000, -33.60000,
,,,0.000055626000, -34.40000,
,,,0.000055627000, -32.80000,
,,,0.000055628000, -32.80000,
,,,0.000055629000, -33.60000,
,,,0.000055630000, -32.80000,
,,,0.000055631000, -32.80000,
,,,0.000055632000, -32.80000,
,,,0.000055633000, -34.40000,
,,,0.000055634000, -32.80000,
,,,0.000055635000, -32.00000,
,,,0.000055636000, -32.80000,
,,,0.000055637000, -32.80000,
,,,0.000055638000, -32.80000,
,,,0.000055639000, -33.60000,
,,,0.000055640000, -32.80000,
,,,0.000055641000, -32.00000,
,,,0.000055642000, -33.60000,
,,,0.000055643000, -32.80000,
,,,0.000055644000, -32.80000,
,,,0.000055645000, -32.00000,
,,,0.000055646000, -32.80000,
,,,0.000055647000, -32.80000,
,,,0.000055648000, -32.00000,
,,,0.000055649000, -32.80000,
,,,0.000055650000, -32.80000,
,,,0.000055651000, -32.80000,
,,,0.000055652000, -32.00000,
,,,0.000055653000, -32.00000,
,,,0.000055654000, -32.80000,
,,,0.000055655000, -32.00000,
,,,0.000055656000, -32.80000,
,,,0.000055657000, -32.00000,
,,,0.000055658000, -32.80000,
,,,0.000055659000, -32.80000,
,,,0.000055660000, -32.80000,
,,,0.000055661000, -32.80000,
,,,0.000055662000, -32.80000,
,,,0.000055663000, -32.00000,
,,,0.000055664000, -32.80000,
,,,0.000055665000, -32.80000,
,,,0.000055666000, -32.00000,
,,,0.000055667000, -32.80000,
,,,0.000055668000, -32.00000,
,,,0.000055669000, -32.80000,
,,,0.000055670000, -32.80000,
,,,0.000055671000, -32.80000,
,,,0.000055672000, -32.80000,
,,,0.000055673000, -32.80000,
,,,0.000055674000, -33.60000,
,,,0.000055675000, -32.80000,
,,,0.000055676000, -33.60000,
,,,0.000055677000, -32.00000,
,,,0.000055678000, -32.80000,
,,,0.000055679000, -31.20000,
,,,0.000055680000, -32.80000,
,,,0.000055681000, -32.80000,
,,,0.000055682000, -32.80000,
,,,0.000055683000, -33.60000,
,,,0.000055684000, -32.80000,
,,,0.000055685000, -32.80000,
,,,0.000055686000, -33.60000,
,,,0.000055687000, -32.00000,
,,,0.000055688000, -32.80000,
,,,0.000055689000, -33.60000,
,,,0.000055690000, -32.00000,
,,,0.000055691000, -32.80000,
,,,0.000055692000, -33.60000,
,,,0.000055693000, -32.80000,
,,,0.000055694000, -34.40000,
,,,0.000055695000, -33.60000,
,,,0.000055696000, -31.20000,
,,,0.000055697000, -32.80000,
,,,0.000055698000, -33.60000,
,,,0.000055699000, -32.80000,
,,,0.000055700000, -32.80000,
,,,0.000055701000, -33.60000,
,,,0.000055702000, -32.00000,
,,,0.000055703000, -32.00000,
,,,0.000055704000, -33.60000,
,,,0.000055705000, -32.80000,
,,,0.000055706000, -33.60000,
,,,0.000055707000, -32.80000,
,,,0.000055708000, -32.80000,
,,,0.000055709000, -32.00000,
,,,0.000055710000, -32.80000,
,,,0.000055711000, -32.80000,
,,,0.000055712000, -34.40000,
,,,0.000055713000, -32.80000,
,,,0.000055714000, -32.00000,
,,,0.000055715000, -32.00000,
,,,0.000055716000, -32.00000,
,,,0.000055717000, -32.80000,
,,,0.000055718000, -32.80000,
,,,0.000055719000, -32.80000,
,,,0.000055720000, -31.20000,
,,,0.000055721000, -33.60000,
,,,0.000055722000, -33.60000,
,,,0.000055723000, -33.60000,
,,,0.000055724000, -33.60000,
,,,0.000055725000, -33.60000,
,,,0.000055726000, -32.80000,
,,,0.000055727000, -32.00000,
,,,0.000055728000, -33.60000,
,,,0.000055729000, -32.00000,
,,,0.000055730000, -33.60000,
,,,0.000055731000, -33.60000,
,,,0.000055732000, -33.60000,
,,,0.000055733000, -32.80000,
,,,0.000055734000, -32.80000,
,,,0.000055735000, -33.60000,
,,,0.000055736000, -32.80000,
,,,0.000055737000, -33.60000,
,,,0.000055738000, -32.80000,
,,,0.000055739000, -33.60000,
,,,0.000055740000, -32.00000,
,,,0.000055741000, -33.60000,
,,,0.000055742000, -32.80000,
,,,0.000055743000, -33.60000,
,,,0.000055744000, -33.60000,
,,,0.000055745000, -33.60000,
,,,0.000055746000, -33.60000,
,,,0.000055747000, -33.60000,
,,,0.000055748000, -32.80000,
,,,0.000055749000, -32.80000,
,,,0.000055750000, -32.00000,
,,,0.000055751000, -33.60000,
,,,0.000055752000, -32.80000,
,,,0.000055753000, -32.80000,
,,,0.000055754000, -32.00000,
,,,0.000055755000, -32.80000,
,,,0.000055756000, -32.00000,
,,,0.000055757000, -33.60000,
,,,0.000055758000, -32.80000,
,,,0.000055759000, -34.40000,
,,,0.000055760000, -33.60000,
,,,0.000055761000, -33.60000,
,,,0.000055762000, -33.60000,
,,,0.000055763000, -32.00000,
,,,0.000055764000, -33.60000,
,,,0.000055765000, -32.80000,
,,,0.000055766000, -33.60000,
,,,0.000055767000, -32.80000,
,,,0.000055768000, -32.80000,
,,,0.000055769000, -32.80000,
,,,0.000055770000, -32.80000,
,,,0.000055771000, -32.80000,
,,,0.000055772000, -32.80000,
,,,0.000055773000, -32.80000,
,,,0.000055774000, -32.80000,
,,,0.000055775000, -33.60000,
,,,0.000055776000, -33.60000,
,,,0.000055777000, -32.80000,
,,,0.000055778000, -32.00000,
,,,0.000055779000, -32.80000,
,,,0.000055780000, -32.00000,
,,,0.000055781000, -32.00000,
,,,0.000055782000, -33.60000,
,,,0.000055783000, -32.00000,
,,,0.000055784000, -32.80000,
,,,0.000055785000, -33.60000,
,,,0.000055786000, -32.80000,
,,,0.000055787000, -32.80000,
,,,0.000055788000, -32.80000,
,,,0.000055789000, -32.80000,
,,,0.000055790000, -33.60000,
,,,0.000055791000, -33.60000,
,,,0.000055792000, -32.80000,
,,,0.000055793000, -34.40000,
,,,0.000055794000, -33.60000,
,,,0.000055795000, -33.60000,
,,,0.000055796000, -33.60000,
,,,0.000055797000, -33.60000,
,,,0.000055798000, -33.60000,
,,,0.000055799000, -32.80000,
,,,0.000055800000, -33.60000,
,,,0.000055801000, -32.80000,
,,,0.000055802000, -32.00000,
,,,0.000055803000, -33.60000,
,,,0.000055804000, -32.80000,
,,,0.000055805000, -33.60000,
,,,0.000055806000, -32.80000,
,,,0.000055807000, -32.80000,
,,,0.000055808000, -33.60000,
,,,0.000055809000, -32.80000,
,,,0.000055810000, -33.60000,
,,,0.000055811000, -33.60000,
,,,0.000055812000, -33.60000,
,,,0.000055813000, -32.80000,
,,,0.000055814000, -33.60000,
,,,0.000055815000, -33.60000,
,,,0.000055816000, -34.40000,
,,,0.000055817000, -33.60000,
,,,0.000055818000, -33.60000,
,,,0.000055819000, -32.80000,
,,,0.000055820000, -32.80000,
,,,0.000055821000, -33.60000,
,,,0.000055822000, -33.60000,
,,,0.000055823000, -34.40000,
,,,0.000055824000, -33.60000,
,,,0.000055825000, -33.60000,
,,,0.000055826000, -33.60000,
,,,0.000055827000, -33.60000,
,,,0.000055828000, -33.60000,
,,,0.000055829000, -32.80000,
,,,0.000055830000, -33.60000,
,,,0.000055831000, -33.60000,
,,,0.000055832000, -32.80000,
,,,0.000055833000, -33.60000,
,,,0.000055834000, -32.80000,
,,,0.000055835000, -32.80000,
,,,0.000055836000, -33.60000,
,,,0.000055837000, -33.60000,
,,,0.000055838000, -33.60000,
,,,0.000055839000, -32.80000,
,,,0.000055840000, -33.60000,
,,,0.000055841000, -33.60000,
,,,0.000055842000, -35.20000,
,,,0.000055843000, -33.60000,
,,,0.000055844000, -33.60000,
,,,0.000055845000, -33.60000,
,,,0.000055846000, -32.80000,
,,,0.000055847000, -34.40000,
,,,0.000055848000, -33.60000,
,,,0.000055849000, -32.80000,
,,,0.000055850000, -33.60000,
,,,0.000055851000, -34.40000,
,,,0.000055852000, -32.80000,
,,,0.000055853000, -32.80000,
,,,0.000055854000, -32.80000,
,,,0.000055855000, -32.80000,
,,,0.000055856000, -33.60000,
,,,0.000055857000, -32.80000,
,,,0.000055858000, -32.80000,
,,,0.000055859000, -33.60000,
,,,0.000055860000, -33.60000,
,,,0.000055861000, -32.80000,
,,,0.000055862000, -32.80000,
,,,0.000055863000, -33.60000,
,,,0.000055864000, -32.80000,
,,,0.000055865000, -33.60000,
,,,0.000055866000, -33.60000,
,,,0.000055867000, -32.80000,
,,,0.000055868000, -33.60000,
,,,0.000055869000, -34.40000,
,,,0.000055870000, -32.80000,
,,,0.000055871000, -33.60000,
,,,0.000055872000, -33.60000,
,,,0.000055873000, -32.80000,
,,,0.000055874000, -33.60000,
,,,0.000055875000, -33.60000,
,,,0.000055876000, -33.60000,
,,,0.000055877000, -32.80000,
,,,0.000055878000, -32.80000,
,,,0.000055879000, -32.80000,
,,,0.000055880000, -33.60000,
,,,0.000055881000, -33.60000,
,,,0.000055882000, -33.60000,
,,,0.000055883000, -32.80000,
,,,0.000055884000, -33.60000,
,,,0.000055885000, -32.80000,
,,,0.000055886000, -32.80000,
,,,0.000055887000, -33.60000,
,,,0.000055888000, -32.80000,
,,,0.000055889000, -33.60000,
,,,0.000055890000, -34.40000,
,,,0.000055891000, -32.80000,
,,,0.000055892000, -32.80000,
,,,0.000055893000, -32.00000,
,,,0.000055894000, -32.80000,
,,,0.000055895000, -32.80000,
,,,0.000055896000, -33.60000,
,,,0.000055897000, -32.80000,
,,,0.000055898000, -32.80000,
,,,0.000055899000, -32.80000,
,,,0.000055900000, -33.60000,
,,,0.000055901000, -33.60000,
,,,0.000055902000, -33.60000,
,,,0.000055903000, -32.80000,
,,,0.000055904000, -33.60000,
,,,0.000055905000, -32.80000,
,,,0.000055906000, -32.80000,
,,,0.000055907000, -32.80000,
,,,0.000055908000, -34.40000,
,,,0.000055909000, -33.60000,
