Record Length,2.500000e+03,,  -0.000178000000,  32.80000,
Sample Interval,2.000000e-07,,  -0.000177800000,  32.80000,
Trigger Point,8.900000000000e+02,,  -0.000177600000,  31.20000,
,,,  -0.000177400000,  32.80000,
,,,  -0.000177200000,  31.20000,
,,,  -0.000177000000,  32.00000,
Source,MATH,,  -0.000176800000,  31.20000,
Vertical Units,V,,  -0.000176600000,  32.80000,
Vertical Scale,2.000000e+01,,  -0.000176400000,  32.80000,
Vertical Offset,0.000000e+00,,  -0.000176200000,  32.00000,
Horizontal Units,s,,  -0.000176000000,  32.00000,
Horizontal Scale,5.000000e-05,,  -0.000175800000,  32.00000,
Pt Fmt,Y,,  -0.000175600000,  32.00000,
Yzero,0.000000e+00,,  -0.000175400000,  32.80000,
Probe Atten,1.000000e+00,,  -0.000175200000,  32.80000,
Model Number,TDS2004C,,  -0.000175000000,  32.80000,
Serial Number,C012246,,  -0.000174800000,  32.00000,
Firmware Version,FV:v24.18,,  -0.000174600000,  31.20000,
,,,-00.000174400000,  32.00000,
,,,-00.000174200000,  32.00000,
,,,-00.000174000000,  32.00000,
,,,-00.000173800000,  32.80000,
,,,-00.000173600000,  33.60000,
,,,-00.000173400000,  32.00000,
,,,-00.000173200000,  32.80000,
,,,-00.000173000000,  32.80000,
,,,-00.000172800000,  32.00000,
,,,-00.000172600000,  32.80000,
,,,-00.000172400000,  32.80000,
,,,-00.000172200000,  32.00000,
,,,-00.000172000000,  32.80000,
,,,-00.000171800000,  32.80000,
,,,-00.000171600000,  33.60000,
,,,-00.000171400000,  32.80000,
,,,-00.000171200000,  32.00000,
,,,-00.000171000000,  33.60000,
,,,-00.000170800000,  33.60000,
,,,-00.000170600000,  32.00000,
,,,-00.000170400000,  33.60000,
,,,-00.000170200000,  32.00000,
,,,-00.000170000000,  32.00000,
,,,-00.000169800000,  32.80000,
,,,-00.000169600000,  32.00000,
,,,-00.000169400000,  32.00000,
,,,-00.000169200000,  31.20000,
,,,-00.000169000000,  32.00000,
,,,-00.000168800000,  32.80000,
,,,-00.000168600000,  32.00000,
,,,-00.000168400000,  32.80000,
,,,-00.000168200000,  32.00000,
,,,-00.000168000000,  32.80000,
,,,-00.000167800000,  31.20000,
,,,-00.000167600000,  32.80000,
,,,-00.000167400000,  33.60000,
,,,-00.000167200000,  32.00000,
,,,-00.000167000000,  32.80000,
,,,-00.000166800000,  32.80000,
,,,-00.000166600000,  32.00000,
,,,-00.000166400000,  32.00000,
,,,-00.000166200000,  33.60000,
,,,-00.000166000000,  32.80000,
,,,-00.000165800000,  32.80000,
,,,-00.000165600000,  32.00000,
,,,-00.000165400000,  32.80000,
,,,-00.000165200000,  32.80000,
,,,-00.000165000000,  33.60000,
,,,-00.000164800000,  33.60000,
,,,-00.000164600000,  32.00000,
,,,-00.000164400000,  32.00000,
,,,-00.000164200000,  32.80000,
,,,-00.000164000000,  32.80000,
,,,-00.000163800000,  32.00000,
,,,-00.000163600000,  32.00000,
,,,-00.000163400000,  33.60000,
,,,-00.000163200000,  32.80000,
,,,-00.000163000000,  32.80000,
,,,-00.000162800000,  31.20000,
,,,-00.000162600000,  32.80000,
,,,-00.000162400000,  32.80000,
,,,-00.000162200000,  32.00000,
,,,-00.000162000000,  32.00000,
,,,-00.000161800000,  32.00000,
,,,-00.000161600000,  32.80000,
,,,-00.000161400000,  32.00000,
,,,-00.000161200000,  33.60000,
,,,-00.000161000000,  32.00000,
,,,-00.000160800000,  33.60000,
,,,-00.000160600000,  32.80000,
,,,-00.000160400000,  32.80000,
,,,-00.000160200000,  32.80000,
,,,-00.000160000000,  32.00000,
,,,-00.000159800000,  32.80000,
,,,-00.000159600000,  32.00000,
,,,-00.000159400000,  32.80000,
,,,-00.000159200000,  32.00000,
,,,-00.000159000000,  32.00000,
,,,-00.000158800000,  32.80000,
,,,-00.000158600000,  32.00000,
,,,-00.000158400000,  32.80000,
,,,-00.000158200000,  32.80000,
,,,-00.000158000000,  32.80000,
,,,-00.000157800000,  32.80000,
,,,-00.000157600000,  31.20000,
,,,-00.000157400000,  32.80000,
,,,-00.000157200000,  33.60000,
,,,-00.000157000000,  32.00000,
,,,-00.000156800000,  32.80000,
,,,-00.000156600000,  32.00000,
,,,-00.000156400000,  32.80000,
,,,-00.000156200000,  32.00000,
,,,-00.000156000000,  32.80000,
,,,-00.000155800000,  31.20000,
,,,-00.000155600000,  32.00000,
,,,-00.000155400000,  32.80000,
,,,-00.000155200000,  32.00000,
,,,-00.000155000000,  32.80000,
,,,-00.000154800000,  32.00000,
,,,-00.000154600000,  32.80000,
,,,-00.000154400000,  32.00000,
,,,-00.000154200000,  32.80000,
,,,-00.000154000000,  31.20000,
,,,-00.000153800000,  32.00000,
,,,-00.000153600000,  31.20000,
,,,-00.000153400000,  31.20000,
,,,-00.000153200000,  32.80000,
,,,-00.000153000000,  32.00000,
,,,-00.000152800000,  32.80000,
,,,-00.000152600000,  32.80000,
,,,-00.000152400000,  32.00000,
,,,-00.000152200000,  32.00000,
,,,-00.000152000000,  32.00000,
,,,-00.000151800000,  33.60000,
,,,-00.000151600000,  33.60000,
,,,-00.000151400000,  32.80000,
,,,-00.000151200000,  32.80000,
,,,-00.000151000000,  32.00000,
,,,-00.000150800000,  32.00000,
,,,-00.000150600000,  32.80000,
,,,-00.000150400000,  32.80000,
,,,-00.000150200000,  33.60000,
,,,-00.000150000000,  33.60000,
,,,-00.000149800000,  31.20000,
,,,-00.000149600000,  32.80000,
,,,-00.000149400000,  32.00000,
,,,-00.000149200000,  32.00000,
,,,-00.000149000000,  32.00000,
,,,-00.000148800000,  33.60000,
,,,-00.000148600000,  33.60000,
,,,-00.000148400000,  32.80000,
,,,-00.000148200000,  31.20000,
,,,-00.000148000000,  32.00000,
,,,-00.000147800000,  32.80000,
,,,-00.000147600000,  32.00000,
,,,-00.000147400000,  32.00000,
,,,-00.000147200000,  32.80000,
,,,-00.000147000000,  32.00000,
,,,-00.000146800000,  32.80000,
,,,-00.000146600000,  32.00000,
,,,-00.000146400000,  32.80000,
,,,-00.000146200000,  33.60000,
,,,-00.000146000000,  32.00000,
,,,-00.000145800000,  32.00000,
,,,-00.000145600000,  32.00000,
,,,-00.000145400000,  32.80000,
,,,-00.000145200000,  33.60000,
,,,-00.000145000000,  32.80000,
,,,-00.000144800000,  32.00000,
,,,-00.000144600000,  31.20000,
,,,-00.000144400000,  31.20000,
,,,-00.000144200000,  32.00000,
,,,-00.000144000000,  32.80000,
,,,-00.000143800000,  32.00000,
,,,-00.000143600000,  32.80000,
,,,-00.000143400000,  32.00000,
,,,-00.000143200000,  32.80000,
,,,-00.000143000000,  31.20000,
,,,-00.000142800000,  32.00000,
,,,-00.000142600000,  32.80000,
,,,-00.000142400000,  32.00000,
,,,-00.000142200000,  32.80000,
,,,-00.000142000000,  32.80000,
,,,-00.000141800000,  32.80000,
,,,-00.000141600000,  32.80000,
,,,-00.000141400000,  32.00000,
,,,-00.000141200000,  32.00000,
,,,-00.000141000000,  32.00000,
,,,-00.000140800000,  34.40000,
,,,-00.000140600000,  32.00000,
,,,-00.000140400000,  31.20000,
,,,-00.000140200000,  32.80000,
,,,-00.000140000000,  32.80000,
,,,-00.000139800000,  32.80000,
,,,-00.000139600000,  32.00000,
,,,-00.000139400000,  32.80000,
,,,-00.000139200000,  32.00000,
,,,-00.000139000000,  32.00000,
,,,-00.000138800000,  32.00000,
,,,-00.000138600000,  32.00000,
,,,-00.000138400000,  32.80000,
,,,-00.000138200000,  32.00000,
,,,-00.000138000000,  31.20000,
,,,-00.000137800000,  32.80000,
,,,-00.000137600000,  31.20000,
,,,-00.000137400000,  30.40000,
,,,-00.000137200000,  30.40000,
,,,-00.000137000000,  27.20000,
,,,-00.000136800000,  26.40000,
,,,-00.000136600000,  20.00000,
,,,-00.000136400000,  19.20000,
,,,-00.000136200000,  15.20000,
,,,-00.000136000000,  15.20000,
,,,-00.000135800000,  11.20000,
,,,-00.000135600000,   7.20000,
,,,-00.000135400000,   5.60000,
,,,-00.000135200000,   2.40000,
,,,-00.000135000000,   1.60000,
,,,-00.000134800000,  -1.60000,
,,,-00.000134600000,  -3.20000,
,,,-00.000134400000,  -5.60000,
,,,-00.000134200000,  -5.60000,
,,,-00.000134000000,  -8.00000,
,,,-00.000133800000, -10.40000,
,,,-00.000133600000, -10.40000,
,,,-00.000133400000, -12.00000,
,,,-00.000133200000, -13.60000,
,,,-00.000133000000, -15.20000,
,,,-00.000132800000, -16.80000,
,,,-00.000132600000, -16.80000,
,,,-00.000132400000, -18.40000,
,,,-00.000132200000, -18.40000,
,,,-00.000132000000, -19.20000,
,,,-00.000131800000, -20.80000,
,,,-00.000131600000, -22.40000,
,,,-00.000131400000, -21.60000,
,,,-00.000131200000, -22.40000,
,,,-00.000131000000, -22.40000,
,,,-00.000130800000, -23.20000,
,,,-00.000130600000, -24.80000,
,,,-00.000130400000, -24.80000,
,,,-00.000130200000, -24.80000,
,,,-00.000130000000, -25.60000,
,,,-00.000129800000, -25.60000,
,,,-00.000129600000, -27.20000,
,,,-00.000129400000, -26.40000,
,,,-00.000129200000, -28.00000,
,,,-00.000129000000, -27.20000,
,,,-00.000128800000, -27.20000,
,,,-00.000128600000, -28.00000,
,,,-00.000128400000, -28.80000,
,,,-00.000128200000, -28.80000,
,,,-00.000128000000, -28.80000,
,,,-00.000127800000, -29.60000,
,,,-00.000127600000, -28.80000,
,,,-00.000127400000, -29.60000,
,,,-00.000127200000, -30.40000,
,,,-00.000127000000, -29.60000,
,,,-00.000126800000, -29.60000,
,,,-00.000126600000, -30.40000,
,,,-00.000126400000, -30.40000,
,,,-00.000126200000, -31.20000,
,,,-00.000126000000, -30.40000,
,,,-00.000125800000, -30.40000,
,,,-00.000125600000, -31.20000,
,,,-00.000125400000, -30.40000,
,,,-00.000125200000, -31.20000,
,,,-00.000125000000, -30.40000,
,,,-00.000124800000, -31.20000,
,,,-00.000124600000, -32.00000,
,,,-00.000124400000, -32.00000,
,,,-00.000124200000, -31.20000,
,,,-00.000124000000, -32.00000,
,,,-00.000123800000, -32.80000,
,,,-00.000123600000, -32.80000,
,,,-00.000123400000, -32.00000,
,,,-00.000123200000, -31.20000,
,,,-00.000123000000, -32.80000,
,,,-00.000122800000, -32.00000,
,,,-00.000122600000, -31.20000,
,,,-00.000122400000, -32.80000,
,,,-00.000122200000, -32.00000,
,,,-00.000122000000, -32.00000,
,,,-00.000121800000, -33.60000,
,,,-00.000121600000, -32.00000,
,,,-00.000121400000, -31.20000,
,,,-00.000121200000, -32.00000,
,,,-00.000121000000, -32.80000,
,,,-00.000120800000, -32.00000,
,,,-00.000120600000, -32.80000,
,,,-00.000120400000, -32.00000,
,,,-00.000120200000, -32.80000,
,,,-00.000120000000, -33.60000,
,,,-00.000119800000, -32.80000,
,,,-00.000119600000, -32.00000,
,,,-00.000119400000, -32.80000,
,,,-00.000119200000, -32.00000,
,,,-00.000119000000, -32.80000,
,,,-00.000118800000, -33.60000,
,,,-00.000118600000, -32.80000,
,,,-00.000118400000, -32.80000,
,,,-00.000118200000, -32.80000,
,,,-00.000118000000, -32.00000,
,,,-00.000117800000, -32.00000,
,,,-00.000117600000, -33.60000,
,,,-00.000117400000, -32.80000,
,,,-00.000117200000, -32.00000,
,,,-00.000117000000, -33.60000,
,,,-00.000116800000, -32.00000,
,,,-00.000116600000, -32.80000,
,,,-00.000116400000, -33.60000,
,,,-00.000116200000, -33.60000,
,,,-00.000116000000, -33.60000,
,,,-00.000115800000, -32.80000,
,,,-00.000115600000, -32.80000,
,,,-00.000115400000, -32.00000,
,,,-00.000115200000, -32.00000,
,,,-00.000115000000, -34.40000,
,,,-00.000114800000, -32.00000,
,,,-00.000114600000, -32.80000,
,,,-00.000114400000, -32.80000,
,,,-00.000114200000, -32.00000,
,,,-00.000114000000, -33.60000,
,,,-00.000113800000, -33.60000,
,,,-00.000113600000, -32.80000,
,,,-00.000113400000, -32.80000,
,,,-00.000113200000, -32.00000,
,,,-00.000113000000, -33.60000,
,,,-00.000112800000, -32.00000,
,,,-00.000112600000, -32.80000,
,,,-00.000112400000, -32.00000,
,,,-00.000112200000, -32.00000,
,,,-00.000112000000, -32.80000,
,,,-00.000111800000, -33.60000,
,,,-00.000111600000, -32.80000,
,,,-00.000111400000, -32.80000,
,,,-00.000111200000, -32.00000,
,,,-00.000111000000, -32.80000,
,,,-00.000110800000, -33.60000,
,,,-00.000110600000, -32.80000,
,,,-00.000110400000, -32.00000,
,,,-00.000110200000, -33.60000,
,,,-00.000110000000, -32.00000,
,,,-00.000109800000, -33.60000,
,,,-00.000109600000, -32.80000,
,,,-00.000109400000, -32.80000,
,,,-00.000109200000, -32.80000,
,,,-00.000109000000, -31.20000,
,,,-00.000108800000, -32.00000,
,,,-00.000108600000, -32.80000,
,,,-00.000108400000, -32.80000,
,,,-00.000108200000, -33.60000,
,,,-00.000108000000, -33.60000,
,,,-00.000107800000, -32.00000,
,,,-00.000107600000, -32.80000,
,,,-00.000107400000, -32.00000,
,,,-00.000107200000, -32.80000,
,,,-00.000107000000, -32.80000,
,,,-00.000106800000, -32.80000,
,,,-00.000106600000, -32.80000,
,,,-00.000106400000, -32.80000,
,,,-00.000106200000, -32.80000,
,,,-00.000106000000, -32.80000,
,,,-00.000105800000, -32.00000,
,,,-00.000105600000, -32.80000,
,,,-00.000105400000, -32.80000,
,,,-00.000105200000, -32.80000,
,,,-00.000105000000, -32.80000,
,,,-00.000104800000, -33.60000,
,,,-00.000104600000, -32.80000,
,,,-00.000104400000, -34.40000,
,,,-00.000104200000, -32.00000,
,,,-00.000104000000, -32.80000,
,,,-00.000103800000, -33.60000,
,,,-00.000103600000, -31.20000,
,,,-00.000103400000, -33.60000,
,,,-00.000103200000, -32.80000,
,,,-00.000103000000, -32.80000,
,,,-00.000102800000, -32.80000,
,,,-00.000102600000, -32.80000,
,,,-00.000102400000, -32.00000,
,,,-00.000102200000, -32.80000,
,,,-00.000102000000, -33.60000,
,,,-00.000101800000, -33.60000,
,,,-00.000101600000, -32.80000,
,,,-00.000101400000, -32.80000,
,,,-00.000101200000, -32.80000,
,,,-00.000101000000, -32.80000,
,,,-00.000100800000, -33.60000,
,,,-00.000100600000, -33.60000,
,,,-00.000100400000, -32.80000,
,,,-00.000100200000, -33.60000,
,,,-00.000100000000, -32.00000,
,,,-00.000099800000, -32.80000,
,,,-00.000099600000, -32.80000,
,,,-00.000099400000, -32.80000,
,,,-00.000099200000, -32.80000,
,,,-00.000099000000, -33.60000,
,,,-00.000098800000, -32.00000,
,,,-00.000098600000, -32.80000,
,,,-00.000098400000, -33.60000,
,,,-00.000098200000, -32.80000,
,,,-00.000098000000, -32.80000,
,,,-00.000097800000, -33.60000,
,,,-00.000097600000, -32.80000,
,,,-00.000097400000, -32.80000,
,,,-00.000097200000, -33.60000,
,,,-00.000097000000, -32.80000,
,,,-00.000096800000, -32.80000,
,,,-00.000096600000, -33.60000,
,,,-00.000096400000, -33.60000,
,,,-00.000096200000, -32.80000,
,,,-00.000096000000, -32.00000,
,,,-00.000095800000, -32.00000,
,,,-00.000095600000, -32.80000,
,,,-00.000095400000, -33.60000,
,,,-00.000095200000, -33.60000,
,,,-00.000095000000, -32.80000,
,,,-00.000094800000, -32.00000,
,,,-00.000094600000, -32.80000,
,,,-00.000094400000, -32.00000,
,,,-00.000094200000, -32.80000,
,,,-00.000094000000, -32.80000,
,,,-00.000093800000, -33.60000,
,,,-00.000093600000, -32.80000,
,,,-00.000093400000, -33.60000,
,,,-00.000093200000, -32.80000,
,,,-00.000093000000, -32.80000,
,,,-00.000092800000, -32.80000,
,,,-00.000092600000, -33.60000,
,,,-00.000092400000, -32.80000,
,,,-00.000092200000, -32.00000,
,,,-00.000092000000, -32.80000,
,,,-00.000091800000, -32.80000,
,,,-00.000091600000, -32.80000,
,,,-00.000091400000, -32.00000,
,,,-00.000091200000, -33.60000,
,,,-00.000091000000, -32.80000,
,,,-00.000090800000, -32.80000,
,,,-00.000090600000, -32.00000,
,,,-00.000090400000, -32.80000,
,,,-00.000090200000, -32.00000,
,,,-00.000090000000, -33.60000,
,,,-00.000089800000, -32.80000,
,,,-00.000089600000, -33.60000,
,,,-00.000089400000, -33.60000,
,,,-00.000089200000, -32.80000,
,,,-00.000089000000, -32.00000,
,,,-00.000088800000, -32.00000,
,,,-00.000088600000, -32.80000,
,,,-00.000088400000, -32.80000,
,,,-00.000088200000, -33.60000,
,,,-00.000088000000, -32.00000,
,,,-00.000087800000, -32.00000,
,,,-00.000087600000, -32.80000,
,,,-00.000087400000, -32.80000,
,,,-00.000087200000, -32.80000,
,,,-00.000087000000, -32.00000,
,,,-00.000086800000, -32.00000,
,,,-00.000086600000, -33.60000,
,,,-00.000086400000, -33.60000,
,,,-00.000086200000, -33.60000,
,,,-00.000086000000, -32.00000,
,,,-00.000085800000, -31.20000,
,,,-00.000085600000, -31.20000,
,,,-00.000085400000, -32.80000,
,,,-00.000085200000, -32.80000,
,,,-00.000085000000, -32.80000,
,,,-00.000084800000, -32.00000,
,,,-00.000084600000, -33.60000,
,,,-00.000084400000, -33.60000,
,,,-00.000084200000, -32.80000,
,,,-00.000084000000, -33.60000,
,,,-00.000083800000, -32.00000,
,,,-00.000083600000, -32.80000,
,,,-00.000083400000, -33.60000,
,,,-00.000083200000, -32.80000,
,,,-00.000083000000, -32.80000,
,,,-00.000082800000, -33.60000,
,,,-00.000082600000, -33.60000,
,,,-00.000082400000, -33.60000,
,,,-00.000082200000, -33.60000,
,,,-00.000082000000, -33.60000,
,,,-00.000081800000, -32.00000,
,,,-00.000081600000, -32.80000,
,,,-00.000081400000, -32.80000,
,,,-00.000081200000, -32.00000,
,,,-00.000081000000, -32.80000,
,,,-00.000080800000, -32.80000,
,,,-00.000080600000, -32.80000,
,,,-00.000080400000, -33.60000,
,,,-00.000080200000, -32.80000,
,,,-00.000080000000, -32.00000,
,,,-00.000079800000, -32.80000,
,,,-00.000079600000, -32.80000,
,,,-00.000079400000, -33.60000,
,,,-00.000079200000, -33.60000,
,,,-00.000079000000, -33.60000,
,,,-00.000078800000, -32.80000,
,,,-00.000078600000, -32.80000,
,,,-00.000078400000, -32.80000,
,,,-00.000078200000, -32.80000,
,,,-00.000078000000, -32.80000,
,,,-00.000077800000, -32.80000,
,,,-00.000077600000, -32.80000,
,,,-00.000077400000, -33.60000,
,,,-00.000077200000, -33.60000,
,,,-00.000077000000, -32.80000,
,,,-00.000076800000, -32.80000,
,,,-00.000076600000, -33.60000,
,,,-00.000076400000, -33.60000,
,,,-00.000076200000, -32.80000,
,,,-00.000076000000, -32.80000,
,,,-00.000075800000, -32.80000,
,,,-00.000075600000, -33.60000,
,,,-00.000075400000, -34.40000,
,,,-00.000075200000, -32.80000,
,,,-00.000075000000, -32.80000,
,,,-00.000074800000, -32.80000,
,,,-00.000074600000, -33.60000,
,,,-00.000074400000, -32.80000,
,,,-00.000074200000, -33.60000,
,,,-00.000074000000, -34.40000,
,,,-00.000073800000, -33.60000,
,,,-00.000073600000, -32.00000,
,,,-00.000073400000, -33.60000,
,,,-00.000073200000, -32.80000,
,,,-00.000073000000, -32.80000,
,,,-00.000072800000, -32.80000,
,,,-00.000072600000, -32.00000,
,,,-00.000072400000, -32.80000,
,,,-00.000072200000, -33.60000,
,,,-00.000072000000, -32.00000,
,,,-00.000071800000, -33.60000,
,,,-00.000071600000, -32.80000,
,,,-00.000071400000, -32.00000,
,,,-00.000071200000, -32.80000,
,,,-00.000071000000, -32.00000,
,,,-00.000070800000, -33.60000,
,,,-00.000070600000, -32.80000,
,,,-00.000070400000, -32.00000,
,,,-00.000070200000, -32.80000,
,,,-00.000070000000, -32.00000,
,,,-00.000069800000, -32.80000,
,,,-00.000069600000, -32.00000,
,,,-00.000069400000, -33.60000,
,,,-00.000069200000, -32.80000,
,,,-00.000069000000, -32.80000,
,,,-00.000068800000, -33.60000,
,,,-00.000068600000, -32.80000,
,,,-00.000068400000, -32.00000,
,,,-00.000068200000, -32.80000,
,,,-00.000068000000, -32.00000,
,,,-00.000067800000, -32.80000,
,,,-00.000067600000, -32.00000,
,,,-00.000067400000, -32.80000,
,,,-00.000067200000, -32.00000,
,,,-00.000067000000, -32.80000,
,,,-00.000066800000, -32.00000,
,,,-00.000066600000, -32.80000,
,,,-00.000066400000, -32.80000,
,,,-00.000066200000, -32.80000,
,,,-00.000066000000, -32.80000,
,,,-00.000065800000, -33.60000,
,,,-00.000065600000, -32.80000,
,,,-00.000065400000, -32.00000,
,,,-00.000065200000, -31.20000,
,,,-00.000065000000, -32.80000,
,,,-00.000064800000, -32.00000,
,,,-00.000064600000, -32.80000,
,,,-00.000064400000, -33.60000,
,,,-00.000064200000, -33.60000,
,,,-00.000064000000, -32.80000,
,,,-00.000063800000, -32.80000,
,,,-00.000063600000, -33.60000,
,,,-00.000063400000, -32.00000,
,,,-00.000063200000, -32.80000,
,,,-00.000063000000, -32.00000,
,,,-00.000062800000, -32.80000,
,,,-00.000062600000, -33.60000,
,,,-00.000062400000, -32.80000,
,,,-00.000062200000, -32.80000,
,,,-00.000062000000, -32.80000,
,,,-00.000061800000, -32.80000,
,,,-00.000061600000, -33.60000,
,,,-00.000061400000, -32.00000,
,,,-00.000061200000, -32.80000,
,,,-00.000061000000, -32.80000,
,,,-00.000060800000, -32.80000,
,,,-00.000060600000, -33.60000,
,,,-00.000060400000, -32.80000,
,,,-00.000060200000, -32.00000,
,,,-00.000060000000, -32.80000,
,,,-00.000059800000, -31.20000,
,,,-00.000059600000, -32.80000,
,,,-00.000059400000, -33.60000,
,,,-00.000059200000, -33.60000,
,,,-00.000059000000, -32.80000,
,,,-00.000058800000, -32.80000,
,,,-00.000058600000, -31.20000,
,,,-00.000058400000, -32.00000,
,,,-00.000058200000, -32.80000,
,,,-00.000058000000, -32.80000,
,,,-00.000057800000, -31.20000,
,,,-00.000057600000, -33.60000,
,,,-00.000057400000, -33.60000,
,,,-00.000057200000, -33.60000,
,,,-00.000057000000, -32.80000,
,,,-00.000056800000, -33.60000,
,,,-00.000056600000, -32.80000,
,,,-00.000056400000, -32.80000,
,,,-00.000056200000, -32.80000,
,,,-00.000056000000, -32.80000,
,,,-00.000055800000, -33.60000,
,,,-00.000055600000, -34.40000,
,,,-00.000055400000, -32.80000,
,,,-00.000055200000, -33.60000,
,,,-00.000055000000, -32.00000,
,,,-00.000054800000, -32.80000,
,,,-00.000054600000, -32.00000,
,,,-00.000054400000, -32.00000,
,,,-00.000054200000, -32.00000,
,,,-00.000054000000, -32.80000,
,,,-00.000053800000, -32.80000,
,,,-00.000053600000, -33.60000,
,,,-00.000053400000, -33.60000,
,,,-00.000053200000, -31.20000,
,,,-00.000053000000, -32.80000,
,,,-00.000052800000, -32.80000,
,,,-00.000052600000, -34.40000,
,,,-00.000052400000, -32.80000,
,,,-00.000052200000, -32.80000,
,,,-00.000052000000, -33.60000,
,,,-00.000051800000, -32.80000,
,,,-00.000051600000, -33.60000,
,,,-00.000051400000, -32.80000,
,,,-00.000051200000, -32.80000,
,,,-00.000051000000, -32.80000,
,,,-00.000050800000, -34.40000,
,,,-00.000050600000, -32.80000,
,,,-00.000050400000, -33.60000,
,,,-00.000050200000, -32.00000,
,,,-00.000050000000, -32.80000,
,,,-00.000049800000, -32.00000,
,,,-00.000049600000, -32.00000,
,,,-00.000049400000, -32.00000,
,,,-00.000049200000, -32.00000,
,,,-00.000049000000, -32.80000,
,,,-00.000048800000, -32.80000,
,,,-00.000048600000, -33.60000,
,,,-00.000048400000, -33.60000,
,,,-00.000048200000, -32.00000,
,,,-00.000048000000, -32.00000,
,,,-00.000047800000, -32.80000,
,,,-00.000047600000, -32.80000,
,,,-00.000047400000, -32.80000,
,,,-00.000047200000, -33.60000,
,,,-00.000047000000, -33.60000,
,,,-00.000046800000, -33.60000,
,,,-00.000046600000, -32.80000,
,,,-00.000046400000, -32.00000,
,,,-00.000046200000, -32.80000,
,,,-00.000046000000, -33.60000,
,,,-00.000045800000, -32.80000,
,,,-00.000045600000, -33.60000,
,,,-00.000045400000, -33.60000,
,,,-00.000045200000, -33.60000,
,,,-00.000045000000, -34.40000,
,,,-00.000044800000, -32.80000,
,,,-00.000044600000, -32.00000,
,,,-00.000044400000, -32.80000,
,,,-00.000044200000, -32.80000,
,,,-00.000044000000, -32.80000,
,,,-00.000043800000, -32.80000,
,,,-00.000043600000, -33.60000,
,,,-00.000043400000, -33.60000,
,,,-00.000043200000, -32.00000,
,,,-00.000043000000, -32.00000,
,,,-00.000042800000, -32.00000,
,,,-00.000042600000, -33.60000,
,,,-00.000042400000, -33.60000,
,,,-00.000042200000, -31.20000,
,,,-00.000042000000, -32.00000,
,,,-00.000041800000, -32.80000,
,,,-00.000041600000, -32.00000,
,,,-00.000041400000, -32.80000,
,,,-00.000041200000, -33.60000,
,,,-00.000041000000, -33.60000,
,,,-00.000040800000, -33.60000,
,,,-00.000040600000, -32.80000,
,,,-00.000040400000, -32.80000,
,,,-00.000040200000, -32.00000,
,,,-00.000040000000, -32.80000,
,,,-00.000039800000, -33.60000,
,,,-00.000039600000, -33.60000,
,,,-00.000039400000, -33.60000,
,,,-00.000039200000, -32.00000,
,,,-00.000039000000, -32.80000,
,,,-00.000038800000, -32.80000,
,,,-00.000038600000, -32.80000,
,,,-00.000038400000, -33.60000,
,,,-00.000038200000, -32.80000,
,,,-00.000038000000, -32.80000,
,,,-00.000037800000, -33.60000,
,,,-00.000037600000, -33.60000,
,,,-00.000037400000, -32.00000,
,,,-00.000037200000, -33.60000,
,,,-00.000037000000, -33.60000,
,,,-00.000036800000, -32.80000,
,,,-00.000036600000, -33.60000,
,,,-00.000036400000, -32.80000,
,,,-00.000036200000, -32.00000,
,,,-00.000036000000, -32.80000,
,,,-00.000035800000, -33.60000,
,,,-00.000035600000, -32.00000,
,,,-00.000035400000, -32.80000,
,,,-00.000035200000, -33.60000,
,,,-00.000035000000, -31.20000,
,,,-00.000034800000, -32.00000,
,,,-00.000034600000, -33.60000,
,,,-00.000034400000, -32.80000,
,,,-00.000034200000, -33.60000,
,,,-00.000034000000, -32.80000,
,,,-00.000033800000, -33.60000,
,,,-00.000033600000, -32.80000,
,,,-00.000033400000, -33.60000,
,,,-00.000033200000, -32.80000,
,,,-00.000033000000, -32.80000,
,,,-00.000032800000, -33.60000,
,,,-00.000032600000, -33.60000,
,,,-00.000032400000, -32.80000,
,,,-00.000032200000, -33.60000,
,,,-00.000032000000, -32.00000,
,,,-00.000031800000, -32.80000,
,,,-00.000031600000, -33.60000,
,,,-00.000031400000, -32.80000,
,,,-00.000031200000, -32.80000,
,,,-00.000031000000, -32.00000,
,,,-00.000030800000, -32.80000,
,,,-00.000030600000, -32.00000,
,,,-00.000030400000, -33.60000,
,,,-00.000030200000, -33.60000,
,,,-00.000030000000, -33.60000,
,,,-00.000029800000, -32.80000,
,,,-00.000029600000, -33.60000,
,,,-00.000029400000, -32.00000,
,,,-00.000029200000, -32.00000,
,,,-00.000029000000, -33.60000,
,,,-00.000028800000, -33.60000,
,,,-00.000028600000, -32.80000,
,,,-00.000028400000, -32.00000,
,,,-00.000028200000, -32.00000,
,,,-00.000028000000, -32.80000,
,,,-00.000027800000, -32.00000,
,,,-00.000027600000, -32.80000,
,,,-00.000027400000, -32.00000,
,,,-00.000027200000, -32.80000,
,,,-00.000027000000, -33.60000,
,,,-00.000026800000, -32.80000,
,,,-00.000026600000, -32.00000,
,,,-00.000026400000, -32.00000,
,,,-00.000026200000, -32.80000,
,,,-00.000026000000, -32.00000,
,,,-00.000025800000, -33.60000,
,,,-00.000025600000, -32.00000,
,,,-00.000025400000, -32.80000,
,,,-00.000025200000, -33.60000,
,,,-00.000025000000, -32.80000,
,,,-00.000024800000, -32.00000,
,,,-00.000024600000, -33.60000,
,,,-00.000024400000, -32.00000,
,,,-00.000024200000, -32.80000,
,,,-00.000024000000, -32.80000,
,,,-00.000023800000, -33.60000,
,,,-00.000023600000, -32.80000,
,,,-00.000023400000, -33.60000,
,,,-00.000023200000, -32.80000,
,,,-00.000023000000, -32.80000,
,,,-00.000022800000, -33.60000,
,,,-00.000022600000, -32.80000,
,,,-00.000022400000, -32.80000,
,,,-00.000022200000, -32.00000,
,,,-00.000022000000, -32.00000,
,,,-00.000021800000, -32.00000,
,,,-00.000021600000, -32.80000,
,,,-00.000021400000, -32.80000,
,,,-00.000021200000, -33.60000,
,,,-00.000021000000, -32.80000,
,,,-00.000020800000, -32.80000,
,,,-00.000020600000, -32.80000,
,,,-00.000020400000, -32.80000,
,,,-00.000020200000, -32.00000,
,,,-00.000020000000, -32.80000,
,,,-00.000019800000, -32.80000,
,,,-00.000019600000, -32.80000,
,,,-00.000019400000, -32.80000,
,,,-00.000019200000, -32.80000,
,,,-00.000019000000, -33.60000,
,,,-00.000018800000, -32.80000,
,,,-00.000018600000, -32.80000,
,,,-00.000018400000, -33.60000,
,,,-00.000018200000, -32.00000,
,,,-00.000018000000, -33.60000,
,,,-00.000017800000, -33.60000,
,,,-00.000017600000, -32.80000,
,,,-00.000017400000, -32.80000,
,,,-00.000017200000, -32.80000,
,,,-00.000017000000, -32.80000,
,,,-00.000016800000, -32.80000,
,,,-00.000016600000, -32.80000,
,,,-00.000016400000, -33.60000,
,,,-00.000016200000, -32.80000,
,,,-00.000016000000, -33.60000,
,,,-00.000015800000, -32.00000,
,,,-00.000015600000, -32.00000,
,,,-00.000015400000, -32.00000,
,,,-00.000015200000, -32.80000,
,,,-00.000015000000, -33.60000,
,,,-00.000014800000, -32.80000,
,,,-00.000014600000, -33.60000,
,,,-00.000014400000, -33.60000,
,,,-00.000014200000, -32.80000,
,,,-00.000014000000, -33.60000,
,,,-00.000013800000, -33.60000,
,,,-00.000013600000, -33.60000,
,,,-00.000013400000, -32.80000,
,,,-00.000013200000, -32.80000,
,,,-00.000013000000, -32.80000,
,,,-00.000012800000, -33.60000,
,,,-00.000012600000, -33.60000,
,,,-00.000012400000, -32.80000,
,,,-00.000012200000, -32.80000,
,,,-00.000012000000, -33.60000,
,,,-00.000011800000, -32.80000,
,,,-00.000011600000, -32.00000,
,,,-00.000011400000, -32.80000,
,,,-00.000011200000, -32.00000,
,,,-00.000011000000, -33.60000,
,,,-00.000010800000, -32.80000,
,,,-00.000010600000, -33.60000,
,,,-00.000010400000, -32.80000,
,,,-00.000010200000, -33.60000,
,,,-00.000010000000, -32.80000,
,,,-00.000009800000, -32.80000,
,,,-00.000009600000, -32.00000,
,,,-00.000009400000, -33.60000,
,,,-00.000009200000, -33.60000,
,,,-00.000009000000, -32.80000,
,,,-00.000008800000, -32.80000,
,,,-00.000008600000, -32.80000,
,,,-00.000008400000, -32.00000,
,,,-00.000008200000, -32.80000,
,,,-00.000008000000, -32.80000,
,,,-00.000007800000, -32.80000,
,,,-00.000007600000, -32.80000,
,,,-00.000007400000, -32.00000,
,,,-00.000007200000, -33.60000,
,,,-00.000007000000, -32.80000,
,,,-00.000006800000, -31.20000,
,,,-00.000006600000, -32.00000,
,,,-00.000006400000, -31.20000,
,,,-00.000006200000, -32.00000,
,,,-00.000006000000, -32.00000,
,,,-00.000005800000, -32.00000,
,,,-00.000005600000, -32.80000,
,,,-00.000005400000, -32.80000,
,,,-00.000005200000, -32.80000,
,,,-00.000005000000, -32.80000,
,,,-00.000004800000, -33.60000,
,,,-00.000004600000, -32.80000,
,,,-00.000004400000, -32.00000,
,,,-00.000004200000, -33.60000,
,,,-00.000004000000, -31.20000,
,,,-00.000003800000, -32.00000,
,,,-00.000003600000, -31.20000,
,,,-00.000003400000, -32.00000,
,,,-00.000003200000, -32.80000,
,,,-00.000003000000, -32.80000,
,,,-00.000002800000, -32.80000,
,,,-00.000002600000, -32.00000,
,,,-00.000002400000, -32.80000,
,,,-00.000002200000, -32.80000,
,,,-00.000002000000, -32.00000,
,,,-00.000001800000, -33.60000,
,,,-00.000001600000, -33.60000,
,,,-00.000001400000, -32.00000,
,,,-00.000001200000, -32.80000,
,,,-00.000001000000, -32.80000,
,,,-00.000000800000, -32.80000,
,,,-00.000000600000, -31.20000,
,,,-00.000000400000, -32.80000,
,,,-00.000000200000, -31.20000,
,,,-00.000000000000, -32.00000,
,,,00.000000200000, -28.00000,
,,,00.000000400000, -27.20000,
,,,00.000000600000, -28.00000,
,,,00.000000800000, -20.80000,
,,,00.000001000000, -22.40000,
,,,00.000001200000, -17.60000,
,,,00.000001400000, -15.20000,
,,,00.000001600000, -12.00000,
,,,00.000001800000,  -8.00000,
,,,00.000002000000,  -5.60000,
,,,00.000002200000,  -4.80000,
,,,00.000002400000,  -2.40000,
,,,00.000002600000,   0.80000,
,,,00.000002800000,   3.20000,
,,,00.000003000000,   4.00000,
,,,00.000003200000,   5.60000,
,,,00.000003400000,   8.00000,
,,,00.000003600000,   8.80000,
,,,00.000003800000,   9.60000,
,,,00.000004000000,  12.00000,
,,,00.000004200000,  14.40000,
,,,00.000004400000,  15.20000,
,,,00.000004600000,  15.20000,
,,,00.000004800000,  16.00000,
,,,00.000005000000,  18.40000,
,,,00.000005200000,  17.60000,
,,,00.000005400000,  19.20000,
,,,00.000005600000,  20.00000,
,,,00.000005800000,  20.80000,
,,,00.000006000000,  20.80000,
,,,00.000006200000,  22.40000,
,,,00.000006400000,  23.20000,
,,,00.000006600000,  24.80000,
,,,00.000006800000,  24.80000,
,,,00.000007000000,  25.60000,
,,,00.000007200000,  25.60000,
,,,00.000007400000,  25.60000,
,,,00.000007600000,  26.40000,
,,,00.000007800000,  26.40000,
,,,00.000008000000,  27.20000,
,,,00.000008200000,  27.20000,
,,,00.000008400000,  28.80000,
,,,00.000008600000,  28.00000,
,,,00.000008800000,  28.00000,
,,,00.000009000000,  27.20000,
,,,00.000009200000,  29.60000,
,,,00.000009400000,  28.80000,
,,,00.000009600000,  28.80000,
,,,00.000009800000,  30.40000,
,,,00.000010000000,  28.80000,
,,,00.000010200000,  28.80000,
,,,00.000010400000,  29.60000,
,,,00.000010600000,  30.40000,
,,,00.000010800000,  29.60000,
,,,00.000011000000,  30.40000,
,,,00.000011200000,  31.20000,
,,,00.000011400000,  31.20000,
,,,00.000011600000,  31.20000,
,,,00.000011800000,  32.00000,
,,,00.000012000000,  31.20000,
,,,00.000012200000,  30.40000,
,,,00.000012400000,  32.00000,
,,,00.000012600000,  31.20000,
,,,00.000012800000,  32.00000,
,,,00.000013000000,  32.00000,
,,,00.000013200000,  31.20000,
,,,00.000013400000,  31.20000,
,,,00.000013600000,  31.20000,
,,,00.000013800000,  32.00000,
,,,00.000014000000,  31.20000,
,,,00.000014200000,  31.20000,
,,,00.000014400000,  31.20000,
,,,00.000014600000,  31.20000,
,,,00.000014800000,  32.80000,
,,,00.000015000000,  31.20000,
,,,00.000015200000,  32.00000,
,,,00.000015400000,  32.00000,
,,,00.000015600000,  30.40000,
,,,00.000015800000,  32.80000,
,,,00.000016000000,  31.20000,
,,,00.000016200000,  31.20000,
,,,00.000016400000,  31.20000,
,,,00.000016600000,  32.80000,
,,,00.000016800000,  32.00000,
,,,00.000017000000,  32.80000,
,,,00.000017200000,  32.00000,
,,,00.000017400000,  32.80000,
,,,00.000017600000,  34.40000,
,,,00.000017800000,  32.00000,
,,,00.000018000000,  32.00000,
,,,00.000018200000,  32.00000,
,,,00.000018400000,  31.20000,
,,,00.000018600000,  32.00000,
,,,00.000018800000,  32.00000,
,,,00.000019000000,  32.80000,
,,,00.000019200000,  32.00000,
,,,00.000019400000,  32.00000,
,,,00.000019600000,  32.00000,
,,,00.000019800000,  32.00000,
,,,00.000020000000,  32.80000,
,,,00.000020200000,  32.80000,
,,,00.000020400000,  32.00000,
,,,00.000020600000,  32.80000,
,,,00.000020800000,  32.00000,
,,,00.000021000000,  32.00000,
,,,00.000021200000,  32.80000,
,,,00.000021400000,  32.00000,
,,,00.000021600000,  32.80000,
,,,00.000021800000,  32.80000,
,,,00.000022000000,  32.00000,
,,,00.000022200000,  32.00000,
,,,00.000022400000,  32.80000,
,,,00.000022600000,  32.80000,
,,,00.000022800000,  31.20000,
,,,00.000023000000,  32.80000,
,,,00.000023200000,  32.00000,
,,,00.000023400000,  32.00000,
,,,00.000023600000,  32.00000,
,,,00.000023800000,  32.00000,
,,,00.000024000000,  32.80000,
,,,00.000024200000,  32.80000,
,,,00.000024400000,  33.60000,
,,,00.000024600000,  32.80000,
,,,00.000024800000,  32.80000,
,,,00.000025000000,  32.80000,
,,,00.000025200000,  32.80000,
,,,00.000025400000,  33.60000,
,,,00.000025600000,  32.00000,
,,,00.000025800000,  32.80000,
,,,00.000026000000,  32.00000,
,,,00.000026200000,  32.00000,
,,,00.000026400000,  32.00000,
,,,00.000026600000,  32.00000,
,,,00.000026800000,  32.80000,
,,,00.000027000000,  32.00000,
,,,00.000027200000,  32.00000,
,,,00.000027400000,  32.80000,
,,,00.000027600000,  32.80000,
,,,00.000027800000,  33.60000,
,,,00.000028000000,  32.80000,
,,,00.000028200000,  32.80000,
,,,00.000028400000,  33.60000,
,,,00.000028600000,  32.80000,
,,,00.000028800000,  32.00000,
,,,00.000029000000,  32.00000,
,,,00.000029200000,  32.80000,
,,,00.000029400000,  32.00000,
,,,00.000029600000,  32.80000,
,,,00.000029800000,  31.20000,
,,,00.000030000000,  32.80000,
,,,00.000030200000,  32.00000,
,,,00.000030400000,  32.80000,
,,,00.000030600000,  32.00000,
,,,00.000030800000,  32.80000,
,,,00.000031000000,  32.00000,
,,,00.000031200000,  32.00000,
,,,00.000031400000,  32.80000,
,,,00.000031600000,  33.60000,
,,,00.000031800000,  32.00000,
,,,00.000032000000,  32.80000,
,,,00.000032200000,  31.20000,
,,,00.000032400000,  32.80000,
,,,00.000032600000,  32.00000,
,,,00.000032800000,  33.60000,
,,,00.000033000000,  32.80000,
,,,00.000033200000,  32.00000,
,,,00.000033400000,  32.00000,
,,,00.000033600000,  32.80000,
,,,00.000033800000,  33.60000,
,,,00.000034000000,  32.80000,
,,,00.000034200000,  33.60000,
,,,00.000034400000,  32.00000,
,,,00.000034600000,  32.00000,
,,,00.000034800000,  32.80000,
,,,00.000035000000,  32.00000,
,,,00.000035200000,  32.80000,
,,,00.000035400000,  32.80000,
,,,00.000035600000,  32.00000,
,,,00.000035800000,  32.80000,
,,,00.000036000000,  32.00000,
,,,00.000036200000,  31.20000,
,,,00.000036400000,  32.80000,
,,,00.000036600000,  32.00000,
,,,00.000036800000,  32.00000,
,,,00.000037000000,  32.00000,
,,,00.000037200000,  32.00000,
,,,00.000037400000,  33.60000,
,,,00.000037600000,  33.60000,
,,,00.000037800000,  32.80000,
,,,00.000038000000,  32.00000,
,,,00.000038200000,  33.60000,
,,,00.000038400000,  32.80000,
,,,00.000038600000,  33.60000,
,,,00.000038800000,  33.60000,
,,,00.000039000000,  32.00000,
,,,00.000039200000,  32.80000,
,,,00.000039400000,  32.80000,
,,,00.000039600000,  32.80000,
,,,00.000039800000,  32.80000,
,,,00.000040000000,  32.00000,
,,,00.000040200000,  32.80000,
,,,00.000040400000,  32.00000,
,,,00.000040600000,  31.20000,
,,,00.000040800000,  32.00000,
,,,00.000041000000,  31.20000,
,,,00.000041200000,  32.00000,
,,,00.000041400000,  32.80000,
,,,00.000041600000,  32.00000,
,,,00.000041800000,  31.20000,
,,,00.000042000000,  32.80000,
,,,00.000042200000,  32.00000,
,,,00.000042400000,  32.80000,
,,,00.000042600000,  32.80000,
,,,00.000042800000,  32.00000,
,,,00.000043000000,  32.80000,
,,,00.000043200000,  32.00000,
,,,00.000043400000,  32.80000,
,,,00.000043600000,  32.00000,
,,,00.000043800000,  32.80000,
,,,00.000044000000,  32.00000,
,,,00.000044200000,  32.80000,
,,,00.000044400000,  32.00000,
,,,00.000044600000,  33.60000,
,,,00.000044800000,  32.80000,
,,,00.000045000000,  32.00000,
,,,00.000045200000,  32.00000,
,,,00.000045400000,  32.00000,
,,,00.000045600000,  32.00000,
,,,00.000045800000,  32.00000,
,,,00.000046000000,  32.00000,
,,,00.000046200000,  32.80000,
,,,00.000046400000,  33.60000,
,,,00.000046600000,  32.00000,
,,,00.000046800000,  32.00000,
,,,00.000047000000,  32.80000,
,,,00.000047200000,  32.80000,
,,,00.000047400000,  32.80000,
,,,00.000047600000,  32.80000,
,,,00.000047800000,  32.00000,
,,,00.000048000000,  32.80000,
,,,00.000048200000,  32.80000,
,,,00.000048400000,  33.60000,
,,,00.000048600000,  32.00000,
,,,00.000048800000,  32.00000,
,,,00.000049000000,  32.00000,
,,,00.000049200000,  32.00000,
,,,00.000049400000,  32.80000,
,,,00.000049600000,  32.00000,
,,,00.000049800000,  32.00000,
,,,00.000050000000,  31.20000,
,,,00.000050200000,  32.80000,
,,,00.000050400000,  32.00000,
,,,00.000050600000,  31.20000,
,,,00.000050800000,  32.00000,
,,,00.000051000000,  32.00000,
,,,00.000051200000,  33.60000,
,,,00.000051400000,  32.80000,
,,,00.000051600000,  32.80000,
,,,00.000051800000,  32.00000,
,,,00.000052000000,  32.00000,
,,,00.000052200000,  32.80000,
,,,00.000052400000,  33.60000,
,,,00.000052600000,  32.00000,
,,,00.000052800000,  33.60000,
,,,00.000053000000,  32.80000,
,,,00.000053200000,  32.00000,
,,,00.000053400000,  32.80000,
,,,00.000053600000,  32.80000,
,,,00.000053800000,  32.00000,
,,,00.000054000000,  32.80000,
,,,00.000054200000,  31.20000,
,,,00.000054400000,  32.80000,
,,,00.000054600000,  32.00000,
,,,00.000054800000,  33.60000,
,,,00.000055000000,  31.20000,
,,,00.000055200000,  32.80000,
,,,00.000055400000,  32.80000,
,,,00.000055600000,  32.80000,
,,,00.000055800000,  32.80000,
,,,00.000056000000,  32.80000,
,,,00.000056200000,  32.80000,
,,,00.000056400000,  32.00000,
,,,00.000056600000,  32.00000,
,,,00.000056800000,  32.00000,
,,,00.000057000000,  32.80000,
,,,00.000057200000,  32.80000,
,,,00.000057400000,  32.80000,
,,,00.000057600000,  32.80000,
,,,00.000057800000,  32.00000,
,,,00.000058000000,  32.00000,
,,,00.000058200000,  32.80000,
,,,00.000058400000,  32.80000,
,,,00.000058600000,  34.40000,
,,,00.000058800000,  32.00000,
,,,00.000059000000,  32.00000,
,,,00.000059200000,  32.00000,
,,,00.000059400000,  32.00000,
,,,00.000059600000,  32.00000,
,,,00.000059800000,  32.00000,
,,,00.000060000000,  32.00000,
,,,00.000060200000,  32.00000,
,,,00.000060400000,  33.60000,
,,,00.000060600000,  32.80000,
,,,00.000060800000,  32.80000,
,,,00.000061000000,  32.00000,
,,,00.000061200000,  32.80000,
,,,00.000061400000,  32.00000,
,,,00.000061600000,  32.80000,
,,,00.000061800000,  32.00000,
,,,00.000062000000,  32.00000,
,,,00.000062200000,  32.80000,
,,,00.000062400000,  32.80000,
,,,00.000062600000,  32.00000,
,,,00.000062800000,  32.80000,
,,,00.000063000000,  32.80000,
,,,00.000063200000,  32.80000,
,,,00.000063400000,  32.00000,
,,,00.000063600000,  32.00000,
,,,00.000063800000,  33.60000,
,,,00.000064000000,  32.80000,
,,,00.000064200000,  32.80000,
,,,00.000064400000,  32.80000,
,,,00.000064600000,  32.80000,
,,,00.000064800000,  32.00000,
,,,00.000065000000,  32.80000,
,,,00.000065200000,  32.80000,
,,,00.000065400000,  32.00000,
,,,00.000065600000,  32.00000,
,,,00.000065800000,  31.20000,
,,,00.000066000000,  32.80000,
,,,00.000066200000,  32.80000,
,,,00.000066400000,  32.00000,
,,,00.000066600000,  32.80000,
,,,00.000066800000,  32.00000,
,,,00.000067000000,  32.00000,
,,,00.000067200000,  32.80000,
,,,00.000067400000,  32.80000,
,,,00.000067600000,  32.80000,
,,,00.000067800000,  32.00000,
,,,00.000068000000,  32.80000,
,,,00.000068200000,  32.80000,
,,,00.000068400000,  32.00000,
,,,00.000068600000,  32.00000,
,,,00.000068800000,  31.20000,
,,,00.000069000000,  32.00000,
,,,00.000069200000,  32.00000,
,,,00.000069400000,  32.00000,
,,,00.000069600000,  32.00000,
,,,00.000069800000,  32.00000,
,,,00.000070000000,  32.80000,
,,,00.000070200000,  32.00000,
,,,00.000070400000,  32.80000,
,,,00.000070600000,  32.80000,
,,,00.000070800000,  32.80000,
,,,00.000071000000,  33.60000,
,,,00.000071200000,  32.80000,
,,,00.000071400000,  32.80000,
,,,00.000071600000,  32.00000,
,,,00.000071800000,  32.00000,
,,,00.000072000000,  32.80000,
,,,00.000072200000,  32.80000,
,,,00.000072400000,  32.00000,
,,,00.000072600000,  32.00000,
,,,00.000072800000,  33.60000,
,,,00.000073000000,  32.80000,
,,,00.000073200000,  32.80000,
,,,00.000073400000,  33.60000,
,,,00.000073600000,  32.00000,
,,,00.000073800000,  32.80000,
,,,00.000074000000,  31.20000,
,,,00.000074200000,  33.60000,
,,,00.000074400000,  32.00000,
,,,00.000074600000,  32.80000,
,,,00.000074800000,  32.80000,
,,,00.000075000000,  32.80000,
,,,00.000075200000,  32.80000,
,,,00.000075400000,  32.00000,
,,,00.000075600000,  32.80000,
,,,00.000075800000,  32.80000,
,,,00.000076000000,  32.80000,
,,,00.000076200000,  32.80000,
,,,00.000076400000,  32.80000,
,,,00.000076600000,  32.00000,
,,,00.000076800000,  32.80000,
,,,00.000077000000,  33.60000,
,,,00.000077200000,  32.00000,
,,,00.000077400000,  32.80000,
,,,00.000077600000,  32.00000,
,,,00.000077800000,  32.80000,
,,,00.000078000000,  32.00000,
,,,00.000078200000,  33.60000,
,,,00.000078400000,  33.60000,
,,,00.000078600000,  32.00000,
,,,00.000078800000,  32.80000,
,,,00.000079000000,  33.60000,
,,,00.000079200000,  32.80000,
,,,00.000079400000,  32.80000,
,,,00.000079600000,  32.80000,
,,,00.000079800000,  32.80000,
,,,00.000080000000,  33.60000,
,,,00.000080200000,  32.80000,
,,,00.000080400000,  32.80000,
,,,00.000080600000,  32.00000,
,,,00.000080800000,  32.00000,
,,,00.000081000000,  33.60000,
,,,00.000081200000,  31.20000,
,,,00.000081400000,  32.00000,
,,,00.000081600000,  31.20000,
,,,00.000081800000,  33.60000,
,,,00.000082000000,  32.80000,
,,,00.000082200000,  32.00000,
,,,00.000082400000,  32.80000,
,,,00.000082600000,  32.80000,
,,,00.000082800000,  32.00000,
,,,00.000083000000,  32.80000,
,,,00.000083200000,  32.80000,
,,,00.000083400000,  32.80000,
,,,00.000083600000,  32.00000,
,,,00.000083800000,  32.80000,
,,,00.000084000000,  32.80000,
,,,00.000084200000,  32.80000,
,,,00.000084400000,  32.00000,
,,,00.000084600000,  32.00000,
,,,00.000084800000,  32.00000,
,,,00.000085000000,  32.80000,
,,,00.000085200000,  32.80000,
,,,00.000085400000,  32.00000,
,,,00.000085600000,  32.80000,
,,,00.000085800000,  32.80000,
,,,00.000086000000,  32.80000,
,,,00.000086200000,  32.00000,
,,,00.000086400000,  32.00000,
,,,00.000086600000,  32.80000,
,,,00.000086800000,  32.80000,
,,,00.000087000000,  33.60000,
,,,00.000087200000,  32.80000,
,,,00.000087400000,  32.80000,
,,,00.000087600000,  32.80000,
,,,00.000087800000,  32.00000,
,,,00.000088000000,  32.80000,
,,,00.000088200000,  32.80000,
,,,00.000088400000,  32.00000,
,,,00.000088600000,  32.80000,
,,,00.000088800000,  32.00000,
,,,00.000089000000,  34.40000,
,,,00.000089200000,  31.20000,
,,,00.000089400000,  32.80000,
,,,00.000089600000,  32.00000,
,,,00.000089800000,  32.80000,
,,,00.000090000000,  32.80000,
,,,00.000090200000,  31.20000,
,,,00.000090400000,  32.00000,
,,,00.000090600000,  32.80000,
,,,00.000090800000,  32.00000,
,,,00.000091000000,  32.80000,
,,,00.000091200000,  31.20000,
,,,00.000091400000,  32.00000,
,,,00.000091600000,  32.80000,
,,,00.000091800000,  31.20000,
,,,00.000092000000,  32.00000,
,,,00.000092200000,  33.60000,
,,,00.000092400000,  32.80000,
,,,00.000092600000,  32.80000,
,,,00.000092800000,  32.00000,
,,,00.000093000000,  32.80000,
,,,00.000093200000,  32.00000,
,,,00.000093400000,  32.80000,
,,,00.000093600000,  32.80000,
,,,00.000093800000,  32.00000,
,,,00.000094000000,  32.80000,
,,,00.000094200000,  32.80000,
,,,00.000094400000,  32.80000,
,,,00.000094600000,  32.00000,
,,,00.000094800000,  32.00000,
,,,00.000095000000,  32.80000,
,,,00.000095200000,  32.00000,
,,,00.000095400000,  32.00000,
,,,00.000095600000,  32.00000,
,,,00.000095800000,  32.80000,
,,,00.000096000000,  32.00000,
,,,00.000096200000,  32.00000,
,,,00.000096400000,  33.60000,
,,,00.000096600000,  32.00000,
,,,00.000096800000,  32.80000,
,,,00.000097000000,  32.80000,
,,,00.000097200000,  33.60000,
,,,00.000097400000,  33.60000,
,,,00.000097600000,  32.80000,
,,,00.000097800000,  32.00000,
,,,00.000098000000,  32.00000,
,,,00.000098200000,  32.80000,
,,,00.000098400000,  32.00000,
,,,00.000098600000,  32.00000,
,,,00.000098800000,  33.60000,
,,,00.000099000000,  32.00000,
,,,00.000099200000,  32.80000,
,,,00.000099400000,  32.80000,
,,,00.000099600000,  32.80000,
,,,00.000099800000,  32.80000,
,,,00.000100000000,  32.80000,
,,,00.000100200000,  32.80000,
,,,00.000100400000,  32.00000,
,,,00.000100600000,  33.60000,
,,,00.000100800000,  32.80000,
,,,00.000101000000,  32.00000,
,,,00.000101200000,  32.00000,
,,,00.000101400000,  31.20000,
,,,00.000101600000,  32.80000,
,,,00.000101800000,  32.00000,
,,,00.000102000000,  33.60000,
,,,00.000102200000,  32.00000,
,,,00.000102400000,  33.60000,
,,,00.000102600000,  32.00000,
,,,00.000102800000,  32.00000,
,,,00.000103000000,  32.80000,
,,,00.000103200000,  32.80000,
,,,00.000103400000,  32.80000,
,,,00.000103600000,  32.80000,
,,,00.000103800000,  32.80000,
,,,00.000104000000,  32.80000,
,,,00.000104200000,  32.00000,
,,,00.000104400000,  32.00000,
,,,00.000104600000,  32.80000,
,,,00.000104800000,  32.00000,
,,,00.000105000000,  32.00000,
,,,00.000105200000,  33.60000,
,,,00.000105400000,  32.80000,
,,,00.000105600000,  32.80000,
,,,00.000105800000,  32.80000,
,,,00.000106000000,  32.80000,
,,,00.000106200000,  32.80000,
,,,00.000106400000,  32.00000,
,,,00.000106600000,  33.60000,
,,,00.000106800000,  32.00000,
,,,00.000107000000,  32.80000,
,,,00.000107200000,  32.80000,
,,,00.000107400000,  33.60000,
,,,00.000107600000,  32.80000,
,,,00.000107800000,  32.00000,
,,,00.000108000000,  32.80000,
,,,00.000108200000,  32.00000,
,,,00.000108400000,  31.20000,
,,,00.000108600000,  32.00000,
,,,00.000108800000,  33.60000,
,,,00.000109000000,  32.00000,
,,,00.000109200000,  32.80000,
,,,00.000109400000,  32.80000,
,,,00.000109600000,  32.80000,
,,,00.000109800000,  34.40000,
,,,00.000110000000,  32.80000,
,,,00.000110200000,  32.00000,
,,,00.000110400000,  32.80000,
,,,00.000110600000,  32.00000,
,,,00.000110800000,  33.60000,
,,,00.000111000000,  32.80000,
,,,00.000111200000,  32.80000,
,,,00.000111400000,  32.80000,
,,,00.000111600000,  33.60000,
,,,00.000111800000,  32.00000,
,,,00.000112000000,  32.00000,
,,,00.000112200000,  34.40000,
,,,00.000112400000,  32.00000,
,,,00.000112600000,  31.20000,
,,,00.000112800000,  32.00000,
,,,00.000113000000,  33.60000,
,,,00.000113200000,  32.80000,
,,,00.000113400000,  31.20000,
,,,00.000113600000,  32.00000,
,,,00.000113800000,  32.80000,
,,,00.000114000000,  32.00000,
,,,00.000114200000,  32.00000,
,,,00.000114400000,  32.00000,
,,,00.000114600000,  32.80000,
,,,00.000114800000,  32.80000,
,,,00.000115000000,  32.80000,
,,,00.000115200000,  31.20000,
,,,00.000115400000,  31.20000,
,,,00.000115600000,  33.60000,
,,,00.000115800000,  32.80000,
,,,00.000116000000,  32.00000,
,,,00.000116200000,  32.00000,
,,,00.000116400000,  32.00000,
,,,00.000116600000,  32.00000,
,,,00.000116800000,  33.60000,
,,,00.000117000000,  32.80000,
,,,00.000117200000,  32.00000,
,,,00.000117400000,  33.60000,
,,,00.000117600000,  32.80000,
,,,00.000117800000,  32.80000,
,,,00.000118000000,  32.00000,
,,,00.000118200000,  32.80000,
,,,00.000118400000,  32.00000,
,,,00.000118600000,  32.00000,
,,,00.000118800000,  33.60000,
,,,00.000119000000,  32.80000,
,,,00.000119200000,  32.80000,
,,,00.000119400000,  32.80000,
,,,00.000119600000,  33.60000,
,,,00.000119800000,  32.00000,
,,,00.000120000000,  31.20000,
,,,00.000120200000,  32.00000,
,,,00.000120400000,  32.80000,
,,,00.000120600000,  32.80000,
,,,00.000120800000,  32.00000,
,,,00.000121000000,  32.00000,
,,,00.000121200000,  32.80000,
,,,00.000121400000,  32.80000,
,,,00.000121600000,  32.80000,
,,,00.000121800000,  32.80000,
,,,00.000122000000,  32.80000,
,,,00.000122200000,  32.80000,
,,,00.000122400000,  31.20000,
,,,00.000122600000,  31.20000,
,,,00.000122800000,  32.80000,
,,,00.000123000000,  32.80000,
,,,00.000123200000,  32.80000,
,,,00.000123400000,  33.60000,
,,,00.000123600000,  32.80000,
,,,00.000123800000,  32.80000,
,,,00.000124000000,  32.80000,
,,,00.000124200000,  31.20000,
,,,00.000124400000,  32.80000,
,,,00.000124600000,  32.80000,
,,,00.000124800000,  32.00000,
,,,00.000125000000,  32.00000,
,,,00.000125200000,  32.00000,
,,,00.000125400000,  32.80000,
,,,00.000125600000,  32.80000,
,,,00.000125800000,  32.80000,
,,,00.000126000000,  32.00000,
,,,00.000126200000,  32.80000,
,,,00.000126400000,  32.80000,
,,,00.000126600000,  32.80000,
,,,00.000126800000,  32.80000,
,,,00.000127000000,  34.40000,
,,,00.000127200000,  32.80000,
,,,00.000127400000,  32.80000,
,,,00.000127600000,  32.00000,
,,,00.000127800000,  32.00000,
,,,00.000128000000,  31.20000,
,,,00.000128200000,  32.00000,
,,,00.000128400000,  32.00000,
,,,00.000128600000,  33.60000,
,,,00.000128800000,  31.20000,
,,,00.000129000000,  32.00000,
,,,00.000129200000,  32.80000,
,,,00.000129400000,  32.00000,
,,,00.000129600000,  32.00000,
,,,00.000129800000,  32.80000,
,,,00.000130000000,  32.80000,
,,,00.000130200000,  32.80000,
,,,00.000130400000,  32.00000,
,,,00.000130600000,  32.80000,
,,,00.000130800000,  32.00000,
,,,00.000131000000,  32.80000,
,,,00.000131200000,  32.00000,
,,,00.000131400000,  32.80000,
,,,00.000131600000,  33.60000,
,,,00.000131800000,  32.80000,
,,,00.000132000000,  32.80000,
,,,00.000132200000,  33.60000,
,,,00.000132400000,  31.20000,
,,,00.000132600000,  32.00000,
,,,00.000132800000,  32.00000,
,,,00.000133000000,  32.00000,
,,,00.000133200000,  32.00000,
,,,00.000133400000,  31.20000,
,,,00.000133600000,  32.00000,
,,,00.000133800000,  32.00000,
,,,00.000134000000,  32.00000,
,,,00.000134200000,  31.20000,
,,,00.000134400000,  32.80000,
,,,00.000134600000,  32.80000,
,,,00.000134800000,  32.80000,
,,,00.000135000000,  32.00000,
,,,00.000135200000,  32.80000,
,,,00.000135400000,  32.80000,
,,,00.000135600000,  32.00000,
,,,00.000135800000,  32.00000,
,,,00.000136000000,  32.80000,
,,,00.000136200000,  33.60000,
,,,00.000136400000,  32.80000,
,,,00.000136600000,  32.00000,
,,,00.000136800000,  32.80000,
,,,00.000137000000,  32.80000,
,,,00.000137200000,  32.00000,
,,,00.000137400000,  32.80000,
,,,00.000137600000,  32.80000,
,,,00.000137800000,  31.20000,
,,,00.000138000000,  26.40000,
,,,00.000138200000,  28.00000,
,,,00.000138400000,  28.80000,
,,,00.000138600000,  20.80000,
,,,00.000138800000,  21.60000,
,,,00.000139000000,  16.00000,
,,,00.000139200000,  13.60000,
,,,00.000139400000,  12.00000,
,,,00.000139600000,   8.00000,
,,,00.000139800000,   4.80000,
,,,00.000140000000,   3.20000,
,,,00.000140200000,   1.60000,
,,,00.000140400000,  -0.80000,
,,,00.000140600000,  -4.00000,
,,,00.000140800000,  -4.80000,
,,,00.000141000000,  -6.40000,
,,,00.000141200000,  -8.80000,
,,,00.000141400000,  -9.60000,
,,,00.000141600000, -11.20000,
,,,00.000141800000, -11.20000,
,,,00.000142000000, -14.40000,
,,,00.000142200000, -15.20000,
,,,00.000142400000, -15.20000,
,,,00.000142600000, -16.00000,
,,,00.000142800000, -18.40000,
,,,00.000143000000, -19.20000,
,,,00.000143200000, -18.40000,
,,,00.000143400000, -20.00000,
,,,00.000143600000, -20.80000,
,,,00.000143800000, -22.40000,
,,,00.000144000000, -21.60000,
,,,00.000144200000, -24.00000,
,,,00.000144400000, -24.00000,
,,,00.000144600000, -24.80000,
,,,00.000144800000, -24.80000,
,,,00.000145000000, -26.40000,
,,,00.000145200000, -25.60000,
,,,00.000145400000, -26.40000,
,,,00.000145600000, -26.40000,
,,,00.000145800000, -26.40000,
,,,00.000146000000, -27.20000,
,,,00.000146200000, -27.20000,
,,,00.000146400000, -28.80000,
,,,00.000146600000, -28.00000,
,,,00.000146800000, -28.00000,
,,,00.000147000000, -29.60000,
,,,00.000147200000, -28.80000,
,,,00.000147400000, -29.60000,
,,,00.000147600000, -28.80000,
,,,00.000147800000, -29.60000,
,,,00.000148000000, -29.60000,
,,,00.000148200000, -29.60000,
,,,00.000148400000, -31.20000,
,,,00.000148600000, -30.40000,
,,,00.000148800000, -29.60000,
,,,00.000149000000, -29.60000,
,,,00.000149200000, -31.20000,
,,,00.000149400000, -31.20000,
,,,00.000149600000, -30.40000,
,,,00.000149800000, -30.40000,
,,,00.000150000000, -32.00000,
,,,00.000150200000, -31.20000,
,,,00.000150400000, -29.60000,
,,,00.000150600000, -32.00000,
,,,00.000150800000, -31.20000,
,,,00.000151000000, -31.20000,
,,,00.000151200000, -32.00000,
,,,00.000151400000, -32.00000,
,,,00.000151600000, -31.20000,
,,,00.000151800000, -31.20000,
,,,00.000152000000, -32.00000,
,,,00.000152200000, -31.20000,
,,,00.000152400000, -32.00000,
,,,00.000152600000, -31.20000,
,,,00.000152800000, -32.00000,
,,,00.000153000000, -32.00000,
,,,00.000153200000, -32.80000,
,,,00.000153400000, -32.00000,
,,,00.000153600000, -33.60000,
,,,00.000153800000, -32.80000,
,,,00.000154000000, -32.00000,
,,,00.000154200000, -33.60000,
,,,00.000154400000, -32.80000,
,,,00.000154600000, -32.80000,
,,,00.000154800000, -32.00000,
,,,00.000155000000, -32.00000,
,,,00.000155200000, -32.00000,
,,,00.000155400000, -32.80000,
,,,00.000155600000, -32.00000,
,,,00.000155800000, -32.00000,
,,,00.000156000000, -32.00000,
,,,00.000156200000, -32.00000,
,,,00.000156400000, -32.00000,
,,,00.000156600000, -32.80000,
,,,00.000156800000, -33.60000,
,,,00.000157000000, -31.20000,
,,,00.000157200000, -33.60000,
,,,00.000157400000, -32.00000,
,,,00.000157600000, -32.80000,
,,,00.000157800000, -32.80000,
,,,00.000158000000, -32.80000,
,,,00.000158200000, -32.00000,
,,,00.000158400000, -32.80000,
,,,00.000158600000, -33.60000,
,,,00.000158800000, -32.80000,
,,,00.000159000000, -32.80000,
,,,00.000159200000, -33.60000,
,,,00.000159400000, -33.60000,
,,,00.000159600000, -33.60000,
,,,00.000159800000, -32.00000,
,,,00.000160000000, -32.00000,
,,,00.000160200000, -32.80000,
,,,00.000160400000, -33.60000,
,,,00.000160600000, -32.80000,
,,,00.000160800000, -31.20000,
,,,00.000161000000, -33.60000,
,,,00.000161200000, -32.80000,
,,,00.000161400000, -32.80000,
,,,00.000161600000, -32.00000,
,,,00.000161800000, -32.80000,
,,,00.000162000000, -33.60000,
,,,00.000162200000, -32.00000,
,,,00.000162400000, -33.60000,
,,,00.000162600000, -32.80000,
,,,00.000162800000, -32.80000,
,,,00.000163000000, -32.00000,
,,,00.000163200000, -33.60000,
,,,00.000163400000, -32.80000,
,,,00.000163600000, -32.80000,
,,,00.000163800000, -32.80000,
,,,00.000164000000, -32.80000,
,,,00.000164200000, -32.80000,
,,,00.000164400000, -32.00000,
,,,00.000164600000, -32.80000,
,,,00.000164800000, -32.00000,
,,,00.000165000000, -31.20000,
,,,00.000165200000, -32.80000,
,,,00.000165400000, -33.60000,
,,,00.000165600000, -32.00000,
,,,00.000165800000, -33.60000,
,,,00.000166000000, -32.00000,
,,,00.000166200000, -32.80000,
,,,00.000166400000, -32.00000,
,,,00.000166600000, -31.20000,
,,,00.000166800000, -33.60000,
,,,00.000167000000, -33.60000,
,,,00.000167200000, -31.20000,
,,,00.000167400000, -33.60000,
,,,00.000167600000, -33.60000,
,,,00.000167800000, -32.80000,
,,,00.000168000000, -32.80000,
,,,00.000168200000, -33.60000,
,,,00.000168400000, -32.80000,
,,,00.000168600000, -32.00000,
,,,00.000168800000, -32.00000,
,,,00.000169000000, -33.60000,
,,,00.000169200000, -32.80000,
,,,00.000169400000, -32.80000,
,,,00.000169600000, -33.60000,
,,,00.000169800000, -33.60000,
,,,00.000170000000, -33.60000,
,,,00.000170200000, -32.80000,
,,,00.000170400000, -32.80000,
,,,00.000170600000, -32.00000,
,,,00.000170800000, -32.80000,
,,,00.000171000000, -32.80000,
,,,00.000171200000, -33.60000,
,,,00.000171400000, -32.80000,
,,,00.000171600000, -32.00000,
,,,00.000171800000, -32.80000,
,,,00.000172000000, -32.00000,
,,,00.000172200000, -32.00000,
,,,00.000172400000, -31.20000,
,,,00.000172600000, -32.00000,
,,,00.000172800000, -32.80000,
,,,00.000173000000, -32.80000,
,,,00.000173200000, -33.60000,
,,,00.000173400000, -32.80000,
,,,00.000173600000, -32.80000,
,,,00.000173800000, -32.00000,
,,,00.000174000000, -32.80000,
,,,00.000174200000, -32.00000,
,,,00.000174400000, -33.60000,
,,,00.000174600000, -32.80000,
,,,00.000174800000, -32.80000,
,,,00.000175000000, -32.00000,
,,,00.000175200000, -32.80000,
,,,00.000175400000, -32.80000,
,,,00.000175600000, -32.00000,
,,,00.000175800000, -32.00000,
,,,00.000176000000, -32.80000,
,,,00.000176200000, -32.80000,
,,,00.000176400000, -33.60000,
,,,00.000176600000, -33.60000,
,,,00.000176800000, -32.80000,
,,,00.000177000000, -33.60000,
,,,00.000177200000, -33.60000,
,,,00.000177400000, -32.80000,
,,,00.000177600000, -33.60000,
,,,00.000177800000, -32.00000,
,,,00.000178000000, -33.60000,
,,,00.000178200000, -32.00000,
,,,00.000178400000, -33.60000,
,,,00.000178600000, -32.00000,
,,,00.000178800000, -32.00000,
,,,00.000179000000, -32.00000,
,,,00.000179200000, -33.60000,
,,,00.000179400000, -32.80000,
,,,00.000179600000, -32.80000,
,,,00.000179800000, -32.80000,
,,,00.000180000000, -32.80000,
,,,00.000180200000, -33.60000,
,,,00.000180400000, -32.80000,
,,,00.000180600000, -32.80000,
,,,00.000180800000, -32.80000,
,,,00.000181000000, -32.80000,
,,,00.000181200000, -33.60000,
,,,00.000181400000, -32.80000,
,,,00.000181600000, -32.80000,
,,,00.000181800000, -33.60000,
,,,00.000182000000, -32.80000,
,,,00.000182200000, -32.80000,
,,,00.000182400000, -32.80000,
,,,00.000182600000, -32.00000,
,,,00.000182800000, -31.20000,
,,,00.000183000000, -33.60000,
,,,00.000183200000, -33.60000,
,,,00.000183400000, -34.40000,
,,,00.000183600000, -32.80000,
,,,00.000183800000, -32.80000,
,,,00.000184000000, -33.60000,
,,,00.000184200000, -32.80000,
,,,00.000184400000, -33.60000,
,,,00.000184600000, -32.00000,
,,,00.000184800000, -32.00000,
,,,00.000185000000, -33.60000,
,,,00.000185200000, -33.60000,
,,,00.000185400000, -32.80000,
,,,00.000185600000, -32.80000,
,,,00.000185800000, -32.80000,
,,,00.000186000000, -33.60000,
,,,00.000186200000, -32.80000,
,,,00.000186400000, -32.00000,
,,,00.000186600000, -33.60000,
,,,00.000186800000, -32.80000,
,,,00.000187000000, -32.80000,
,,,00.000187200000, -32.80000,
,,,00.000187400000, -32.80000,
,,,00.000187600000, -33.60000,
,,,00.000187800000, -32.00000,
,,,00.000188000000, -33.60000,
,,,00.000188200000, -32.80000,
,,,00.000188400000, -32.80000,
,,,00.000188600000, -32.00000,
,,,00.000188800000, -32.80000,
,,,00.000189000000, -32.80000,
,,,00.000189200000, -32.80000,
,,,00.000189400000, -32.80000,
,,,00.000189600000, -32.00000,
,,,00.000189800000, -32.80000,
,,,00.000190000000, -32.80000,
,,,00.000190200000, -32.80000,
,,,00.000190400000, -32.00000,
,,,00.000190600000, -32.80000,
,,,00.000190800000, -32.80000,
,,,00.000191000000, -32.80000,
,,,00.000191200000, -32.00000,
,,,00.000191400000, -32.80000,
,,,00.000191600000, -32.80000,
,,,00.000191800000, -32.00000,
,,,00.000192000000, -33.60000,
,,,00.000192200000, -33.60000,
,,,00.000192400000, -33.60000,
,,,00.000192600000, -32.80000,
,,,00.000192800000, -32.80000,
,,,00.000193000000, -33.60000,
,,,00.000193200000, -34.40000,
,,,00.000193400000, -32.00000,
,,,00.000193600000, -32.80000,
,,,00.000193800000, -33.60000,
,,,00.000194000000, -33.60000,
,,,00.000194200000, -33.60000,
,,,00.000194400000, -33.60000,
,,,00.000194600000, -32.00000,
,,,00.000194800000, -32.00000,
,,,00.000195000000, -34.40000,
,,,00.000195200000, -34.40000,
,,,00.000195400000, -32.80000,
,,,00.000195600000, -32.00000,
,,,00.000195800000, -32.80000,
,,,00.000196000000, -32.80000,
,,,00.000196200000, -32.80000,
,,,00.000196400000, -33.60000,
,,,00.000196600000, -32.00000,
,,,00.000196800000, -33.60000,
,,,00.000197000000, -32.00000,
,,,00.000197200000, -32.00000,
,,,00.000197400000, -33.60000,
,,,00.000197600000, -32.00000,
,,,00.000197800000, -32.00000,
,,,00.000198000000, -33.60000,
,,,00.000198200000, -32.80000,
,,,00.000198400000, -32.00000,
,,,00.000198600000, -32.80000,
,,,00.000198800000, -32.00000,
,,,00.000199000000, -33.60000,
,,,00.000199200000, -33.60000,
,,,00.000199400000, -33.60000,
,,,00.000199600000, -32.00000,
,,,00.000199800000, -32.80000,
,,,00.000200000000, -33.60000,
,,,00.000200200000, -32.80000,
,,,00.000200400000, -32.80000,
,,,00.000200600000, -32.00000,
,,,00.000200800000, -33.60000,
,,,00.000201000000, -33.60000,
,,,00.000201200000, -32.00000,
,,,00.000201400000, -32.80000,
,,,00.000201600000, -32.80000,
,,,00.000201800000, -33.60000,
,,,00.000202000000, -32.80000,
,,,00.000202200000, -32.80000,
,,,00.000202400000, -32.00000,
,,,00.000202600000, -32.80000,
,,,00.000202800000, -32.80000,
,,,00.000203000000, -33.60000,
,,,00.000203200000, -32.00000,
,,,00.000203400000, -33.60000,
,,,00.000203600000, -32.00000,
,,,00.000203800000, -32.00000,
,,,00.000204000000, -32.80000,
,,,00.000204200000, -33.60000,
,,,00.000204400000, -32.80000,
,,,00.000204600000, -32.80000,
,,,00.000204800000, -32.80000,
,,,00.000205000000, -33.60000,
,,,00.000205200000, -33.60000,
,,,00.000205400000, -33.60000,
,,,00.000205600000, -32.80000,
,,,00.000205800000, -32.80000,
,,,00.000206000000, -32.80000,
,,,00.000206200000, -32.80000,
,,,00.000206400000, -31.20000,
,,,00.000206600000, -32.00000,
,,,00.000206800000, -31.20000,
,,,00.000207000000, -31.20000,
,,,00.000207200000, -32.00000,
,,,00.000207400000, -33.60000,
,,,00.000207600000, -33.60000,
,,,00.000207800000, -32.00000,
,,,00.000208000000, -32.80000,
,,,00.000208200000, -32.80000,
,,,00.000208400000, -33.60000,
,,,00.000208600000, -32.80000,
,,,00.000208800000, -32.80000,
,,,00.000209000000, -32.00000,
,,,00.000209200000, -32.80000,
,,,00.000209400000, -32.80000,
,,,00.000209600000, -32.80000,
,,,00.000209800000, -31.20000,
,,,00.000210000000, -32.00000,
,,,00.000210200000, -32.80000,
,,,00.000210400000, -32.00000,
,,,00.000210600000, -33.60000,
,,,00.000210800000, -32.00000,
,,,00.000211000000, -32.80000,
,,,00.000211200000, -32.80000,
,,,00.000211400000, -32.80000,
,,,00.000211600000, -32.00000,
,,,00.000211800000, -32.80000,
,,,00.000212000000, -32.80000,
,,,00.000212200000, -32.80000,
,,,00.000212400000, -32.80000,
,,,00.000212600000, -32.80000,
,,,00.000212800000, -32.80000,
,,,00.000213000000, -34.40000,
,,,00.000213200000, -32.80000,
,,,00.000213400000, -32.80000,
,,,00.000213600000, -33.60000,
,,,00.000213800000, -32.80000,
,,,00.000214000000, -32.00000,
,,,00.000214200000, -32.80000,
,,,00.000214400000, -32.00000,
,,,00.000214600000, -32.80000,
,,,00.000214800000, -33.60000,
,,,00.000215000000, -31.20000,
,,,00.000215200000, -31.20000,
,,,00.000215400000, -32.80000,
,,,00.000215600000, -32.00000,
,,,00.000215800000, -32.00000,
,,,00.000216000000, -32.80000,
,,,00.000216200000, -32.80000,
,,,00.000216400000, -32.80000,
,,,00.000216600000, -33.60000,
,,,00.000216800000, -32.80000,
,,,00.000217000000, -33.60000,
,,,00.000217200000, -32.80000,
,,,00.000217400000, -32.80000,
,,,00.000217600000, -32.80000,
,,,00.000217800000, -32.80000,
,,,00.000218000000, -33.60000,
,,,00.000218200000, -32.80000,
,,,00.000218400000, -32.80000,
,,,00.000218600000, -32.00000,
,,,00.000218800000, -32.80000,
,,,00.000219000000, -33.60000,
,,,00.000219200000, -32.80000,
,,,00.000219400000, -32.80000,
,,,00.000219600000, -33.60000,
,,,00.000219800000, -32.80000,
,,,00.000220000000, -32.80000,
,,,00.000220200000, -32.80000,
,,,00.000220400000, -33.60000,
,,,00.000220600000, -32.80000,
,,,00.000220800000, -32.80000,
,,,00.000221000000, -33.60000,
,,,00.000221200000, -32.80000,
,,,00.000221400000, -33.60000,
,,,00.000221600000, -32.80000,
,,,00.000221800000, -31.20000,
,,,00.000222000000, -32.00000,
,,,00.000222200000, -32.80000,
,,,00.000222400000, -32.00000,
,,,00.000222600000, -33.60000,
,,,00.000222800000, -33.60000,
,,,00.000223000000, -32.80000,
,,,00.000223200000, -33.60000,
,,,00.000223400000, -32.80000,
,,,00.000223600000, -33.60000,
,,,00.000223800000, -32.80000,
,,,00.000224000000, -32.80000,
,,,00.000224200000, -32.80000,
,,,00.000224400000, -32.80000,
,,,00.000224600000, -32.80000,
,,,00.000224800000, -33.60000,
,,,00.000225000000, -32.00000,
,,,00.000225200000, -33.60000,
,,,00.000225400000, -32.00000,
,,,00.000225600000, -33.60000,
,,,00.000225800000, -32.80000,
,,,00.000226000000, -32.80000,
,,,00.000226200000, -32.80000,
,,,00.000226400000, -33.60000,
,,,00.000226600000, -33.60000,
,,,00.000226800000, -32.80000,
,,,00.000227000000, -32.80000,
,,,00.000227200000, -32.80000,
,,,00.000227400000, -32.80000,
,,,00.000227600000, -32.80000,
,,,00.000227800000, -32.80000,
,,,00.000228000000, -32.80000,
,,,00.000228200000, -32.80000,
,,,00.000228400000, -32.00000,
,,,00.000228600000, -33.60000,
,,,00.000228800000, -32.00000,
,,,00.000229000000, -32.80000,
,,,00.000229200000, -33.60000,
,,,00.000229400000, -32.80000,
,,,00.000229600000, -32.80000,
,,,00.000229800000, -33.60000,
,,,00.000230000000, -32.80000,
,,,00.000230200000, -33.60000,
,,,00.000230400000, -33.60000,
,,,00.000230600000, -32.80000,
,,,00.000230800000, -32.00000,
,,,00.000231000000, -32.80000,
,,,00.000231200000, -33.60000,
,,,00.000231400000, -32.80000,
,,,00.000231600000, -33.60000,
,,,00.000231800000, -32.00000,
,,,00.000232000000, -33.60000,
,,,00.000232200000, -33.60000,
,,,00.000232400000, -32.80000,
,,,00.000232600000, -33.60000,
,,,00.000232800000, -33.60000,
,,,00.000233000000, -32.00000,
,,,00.000233200000, -32.80000,
,,,00.000233400000, -32.80000,
,,,00.000233600000, -32.80000,
,,,00.000233800000, -33.60000,
,,,00.000234000000, -33.60000,
,,,00.000234200000, -32.80000,
,,,00.000234400000, -32.00000,
,,,00.000234600000, -33.60000,
,,,00.000234800000, -32.80000,
,,,00.000235000000, -31.20000,
,,,00.000235200000, -33.60000,
,,,00.000235400000, -32.00000,
,,,00.000235600000, -32.00000,
,,,00.000235800000, -32.00000,
,,,00.000236000000, -33.60000,
,,,00.000236200000, -33.60000,
,,,00.000236400000, -33.60000,
,,,00.000236600000, -32.80000,
,,,00.000236800000, -32.80000,
,,,00.000237000000, -32.80000,
,,,00.000237200000, -32.80000,
,,,00.000237400000, -32.80000,
,,,00.000237600000, -32.80000,
,,,00.000237800000, -33.60000,
,,,00.000238000000, -33.60000,
,,,00.000238200000, -32.80000,
,,,00.000238400000, -32.80000,
,,,00.000238600000, -33.60000,
,,,00.000238800000, -32.80000,
,,,00.000239000000, -32.80000,
,,,00.000239200000, -32.80000,
,,,00.000239400000, -33.60000,
,,,00.000239600000, -32.80000,
,,,00.000239800000, -32.80000,
,,,00.000240000000, -32.00000,
,,,00.000240200000, -33.60000,
,,,00.000240400000, -33.60000,
,,,00.000240600000, -32.80000,
,,,00.000240800000, -32.80000,
,,,00.000241000000, -32.80000,
,,,00.000241200000, -33.60000,
,,,00.000241400000, -33.60000,
,,,00.000241600000, -33.60000,
,,,00.000241800000, -33.60000,
,,,00.000242000000, -32.00000,
,,,00.000242200000, -32.80000,
,,,00.000242400000, -32.80000,
,,,00.000242600000, -33.60000,
,,,00.000242800000, -33.60000,
,,,00.000243000000, -32.80000,
,,,00.000243200000, -32.80000,
,,,00.000243400000, -33.60000,
,,,00.000243600000, -33.60000,
,,,00.000243800000, -32.80000,
,,,00.000244000000, -33.60000,
,,,00.000244200000, -32.00000,
,,,00.000244400000, -33.60000,
,,,00.000244600000, -33.60000,
,,,00.000244800000, -32.80000,
,,,00.000245000000, -32.80000,
,,,00.000245200000, -32.00000,
,,,00.000245400000, -32.80000,
,,,00.000245600000, -32.80000,
,,,00.000245800000, -32.80000,
,,,00.000246000000, -32.80000,
,,,00.000246200000, -33.60000,
,,,00.000246400000, -32.00000,
,,,00.000246600000, -32.80000,
,,,00.000246800000, -32.00000,
,,,00.000247000000, -33.60000,
,,,00.000247200000, -32.80000,
,,,00.000247400000, -32.80000,
,,,00.000247600000, -32.80000,
,,,00.000247800000, -32.00000,
,,,00.000248000000, -32.00000,
,,,00.000248200000, -32.80000,
,,,00.000248400000, -32.80000,
,,,00.000248600000, -32.00000,
,,,00.000248800000, -32.00000,
,,,00.000249000000, -33.60000,
,,,00.000249200000, -32.80000,
,,,00.000249400000, -32.80000,
,,,00.000249600000, -32.80000,
,,,00.000249800000, -32.80000,
,,,00.000250000000, -32.80000,
,,,00.000250200000, -32.80000,
,,,00.000250400000, -32.80000,
,,,00.000250600000, -32.80000,
,,,00.000250800000, -32.00000,
,,,00.000251000000, -32.80000,
,,,00.000251200000, -32.80000,
,,,00.000251400000, -32.80000,
,,,00.000251600000, -32.80000,
,,,00.000251800000, -33.60000,
,,,00.000252000000, -33.60000,
,,,00.000252200000, -32.80000,
,,,00.000252400000, -32.80000,
,,,00.000252600000, -34.40000,
,,,00.000252800000, -33.60000,
,,,00.000253000000, -32.00000,
,,,00.000253200000, -34.40000,
,,,00.000253400000, -31.20000,
,,,00.000253600000, -33.60000,
,,,00.000253800000, -33.60000,
,,,00.000254000000, -32.00000,
,,,00.000254200000, -32.00000,
,,,00.000254400000, -34.40000,
,,,00.000254600000, -33.60000,
,,,00.000254800000, -32.80000,
,,,00.000255000000, -33.60000,
,,,00.000255200000, -32.80000,
,,,00.000255400000, -32.80000,
,,,00.000255600000, -33.60000,
,,,00.000255800000, -32.80000,
,,,00.000256000000, -32.00000,
,,,00.000256200000, -34.40000,
,,,00.000256400000, -32.80000,
,,,00.000256600000, -32.80000,
,,,00.000256800000, -32.80000,
,,,00.000257000000, -32.80000,
,,,00.000257200000, -32.80000,
,,,00.000257400000, -33.60000,
,,,00.000257600000, -32.80000,
,,,00.000257800000, -32.80000,
,,,00.000258000000, -32.00000,
,,,00.000258200000, -32.00000,
,,,00.000258400000, -32.80000,
,,,00.000258600000, -32.00000,
,,,00.000258800000, -32.80000,
,,,00.000259000000, -32.80000,
,,,00.000259200000, -32.80000,
,,,00.000259400000, -32.80000,
,,,00.000259600000, -32.80000,
,,,00.000259800000, -32.00000,
,,,00.000260000000, -32.80000,
,,,00.000260200000, -33.60000,
,,,00.000260400000, -33.60000,
,,,00.000260600000, -32.00000,
,,,00.000260800000, -32.00000,
,,,00.000261000000, -33.60000,
,,,00.000261200000, -33.60000,
,,,00.000261400000, -32.00000,
,,,00.000261600000, -32.80000,
,,,00.000261800000, -32.00000,
,,,00.000262000000, -32.00000,
,,,00.000262200000, -32.80000,
,,,00.000262400000, -32.80000,
,,,00.000262600000, -32.00000,
,,,00.000262800000, -34.40000,
,,,00.000263000000, -32.80000,
,,,00.000263200000, -32.80000,
,,,00.000263400000, -32.80000,
,,,00.000263600000, -33.60000,
,,,00.000263800000, -32.00000,
,,,00.000264000000, -33.60000,
,,,00.000264200000, -32.80000,
,,,00.000264400000, -33.60000,
,,,00.000264600000, -32.00000,
,,,00.000264800000, -32.80000,
,,,00.000265000000, -32.00000,
,,,00.000265200000, -32.80000,
,,,00.000265400000, -32.00000,
,,,00.000265600000, -32.00000,
,,,00.000265800000, -32.80000,
,,,00.000266000000, -32.80000,
,,,00.000266200000, -32.00000,
,,,00.000266400000, -33.60000,
,,,00.000266600000, -32.80000,
,,,00.000266800000, -32.80000,
,,,00.000267000000, -32.80000,
,,,00.000267200000, -32.80000,
,,,00.000267400000, -32.80000,
,,,00.000267600000, -32.00000,
,,,00.000267800000, -32.80000,
,,,00.000268000000, -32.80000,
,,,00.000268200000, -33.60000,
,,,00.000268400000, -32.00000,
,,,00.000268600000, -32.80000,
,,,00.000268800000, -32.00000,
,,,00.000269000000, -32.80000,
,,,00.000269200000, -32.80000,
,,,00.000269400000, -32.00000,
,,,00.000269600000, -32.80000,
,,,00.000269800000, -32.80000,
,,,00.000270000000, -33.60000,
,,,00.000270200000, -32.80000,
,,,00.000270400000, -32.80000,
,,,00.000270600000, -32.80000,
,,,00.000270800000, -32.80000,
,,,00.000271000000, -32.80000,
,,,00.000271200000, -32.80000,
,,,00.000271400000, -32.00000,
,,,00.000271600000, -33.60000,
,,,00.000271800000, -32.80000,
,,,00.000272000000, -32.80000,
,,,00.000272200000, -31.20000,
,,,00.000272400000, -34.40000,
,,,00.000272600000, -32.00000,
,,,00.000272800000, -33.60000,
,,,00.000273000000, -33.60000,
,,,00.000273200000, -32.00000,
,,,00.000273400000, -32.00000,
,,,00.000273600000, -32.00000,
,,,00.000273800000, -32.80000,
,,,00.000274000000, -33.60000,
,,,00.000274200000, -32.00000,
,,,00.000274400000, -32.00000,
,,,00.000274600000, -32.00000,
,,,00.000274800000, -33.60000,
,,,00.000275000000, -32.00000,
,,,00.000275200000, -31.20000,
,,,00.000275400000, -26.40000,
,,,00.000275600000, -30.40000,
,,,00.000275800000, -28.00000,
,,,00.000276000000, -22.40000,
,,,00.000276200000, -22.40000,
,,,00.000276400000, -17.60000,
,,,00.000276600000, -16.80000,
,,,00.000276800000, -12.80000,
,,,00.000277000000, -10.40000,
,,,00.000277200000,  -6.40000,
,,,00.000277400000,  -5.60000,
,,,00.000277600000,  -3.20000,
,,,00.000277800000,  -0.80000,
,,,00.000278000000,   2.40000,
,,,00.000278200000,   3.20000,
,,,00.000278400000,   4.80000,
,,,00.000278600000,   7.20000,
,,,00.000278800000,   8.80000,
,,,00.000279000000,  11.20000,
,,,00.000279200000,  11.20000,
,,,00.000279400000,  13.60000,
,,,00.000279600000,  13.60000,
,,,00.000279800000,  15.20000,
,,,00.000280000000,  16.00000,
,,,00.000280200000,  17.60000,
,,,00.000280400000,  18.40000,
,,,00.000280600000,  19.20000,
,,,00.000280800000,  18.40000,
,,,00.000281000000,  20.80000,
,,,00.000281200000,  22.40000,
,,,00.000281400000,  22.40000,
,,,00.000281600000,  22.40000,
,,,00.000281800000,  23.20000,
,,,00.000282000000,  24.00000,
,,,00.000282200000,  24.00000,
,,,00.000282400000,  24.80000,
,,,00.000282600000,  24.00000,
,,,00.000282800000,  26.40000,
,,,00.000283000000,  25.60000,
,,,00.000283200000,  26.40000,
,,,00.000283400000,  25.60000,
,,,00.000283600000,  27.20000,
,,,00.000283800000,  28.00000,
,,,00.000284000000,  28.00000,
,,,00.000284200000,  28.00000,
,,,00.000284400000,  28.80000,
,,,00.000284600000,  29.60000,
,,,00.000284800000,  28.80000,
,,,00.000285000000,  28.80000,
,,,00.000285200000,  31.20000,
,,,00.000285400000,  30.40000,
,,,00.000285600000,  31.20000,
,,,00.000285800000,  30.40000,
,,,00.000286000000,  30.40000,
,,,00.000286200000,  29.60000,
,,,00.000286400000,  31.20000,
,,,00.000286600000,  29.60000,
,,,00.000286800000,  30.40000,
,,,00.000287000000,  29.60000,
,,,00.000287200000,  29.60000,
,,,00.000287400000,  32.00000,
,,,00.000287600000,  31.20000,
,,,00.000287800000,  31.20000,
,,,00.000288000000,  32.00000,
,,,00.000288200000,  32.00000,
,,,00.000288400000,  31.20000,
,,,00.000288600000,  30.40000,
,,,00.000288800000,  32.00000,
,,,00.000289000000,  32.00000,
,,,00.000289200000,  32.00000,
,,,00.000289400000,  32.00000,
,,,00.000289600000,  31.20000,
,,,00.000289800000,  32.00000,
,,,00.000290000000,  31.20000,
,,,00.000290200000,  31.20000,
,,,00.000290400000,  32.00000,
,,,00.000290600000,  31.20000,
,,,00.000290800000,  31.20000,
,,,00.000291000000,  32.00000,
,,,00.000291200000,  32.80000,
,,,00.000291400000,  32.00000,
,,,00.000291600000,  32.00000,
,,,00.000291800000,  31.20000,
,,,00.000292000000,  31.20000,
,,,00.000292200000,  31.20000,
,,,00.000292400000,  32.00000,
,,,00.000292600000,  32.80000,
,,,00.000292800000,  32.00000,
,,,00.000293000000,  32.80000,
,,,00.000293200000,  32.00000,
,,,00.000293400000,  33.60000,
,,,00.000293600000,  31.20000,
,,,00.000293800000,  32.00000,
,,,00.000294000000,  33.60000,
,,,00.000294200000,  32.80000,
,,,00.000294400000,  32.00000,
,,,00.000294600000,  32.80000,
,,,00.000294800000,  31.20000,
,,,00.000295000000,  32.80000,
,,,00.000295200000,  32.80000,
,,,00.000295400000,  32.00000,
,,,00.000295600000,  32.80000,
,,,00.000295800000,  32.00000,
,,,00.000296000000,  32.00000,
,,,00.000296200000,  32.00000,
,,,00.000296400000,  32.00000,
,,,00.000296600000,  32.80000,
,,,00.000296800000,  32.80000,
,,,00.000297000000,  32.00000,
,,,00.000297200000,  32.80000,
,,,00.000297400000,  32.00000,
,,,00.000297600000,  32.80000,
,,,00.000297800000,  33.60000,
,,,00.000298000000,  32.80000,
,,,00.000298200000,  31.20000,
,,,00.000298400000,  32.80000,
,,,00.000298600000,  32.00000,
,,,00.000298800000,  32.80000,
,,,00.000299000000,  32.00000,
,,,00.000299200000,  32.80000,
,,,00.000299400000,  32.80000,
,,,00.000299600000,  32.00000,
,,,00.000299800000,  32.00000,
,,,00.000300000000,  32.00000,
,,,00.000300200000,  32.00000,
,,,00.000300400000,  32.00000,
,,,00.000300600000,  32.00000,
,,,00.000300800000,  31.20000,
,,,00.000301000000,  32.80000,
,,,00.000301200000,  32.00000,
,,,00.000301400000,  33.60000,
,,,00.000301600000,  32.80000,
,,,00.000301800000,  33.60000,
,,,00.000302000000,  32.00000,
,,,00.000302200000,  32.80000,
,,,00.000302400000,  32.80000,
,,,00.000302600000,  32.80000,
,,,00.000302800000,  32.80000,
,,,00.000303000000,  32.00000,
,,,00.000303200000,  31.20000,
,,,00.000303400000,  32.80000,
,,,00.000303600000,  32.80000,
,,,00.000303800000,  32.80000,
,,,00.000304000000,  32.00000,
,,,00.000304200000,  33.60000,
,,,00.000304400000,  32.00000,
,,,00.000304600000,  33.60000,
,,,00.000304800000,  32.00000,
,,,00.000305000000,  32.00000,
,,,00.000305200000,  32.80000,
,,,00.000305400000,  33.60000,
,,,00.000305600000,  32.80000,
,,,00.000305800000,  32.80000,
,,,00.000306000000,  32.80000,
,,,00.000306200000,  32.00000,
,,,00.000306400000,  32.00000,
,,,00.000306600000,  32.80000,
,,,00.000306800000,  32.80000,
,,,00.000307000000,  32.00000,
,,,00.000307200000,  32.00000,
,,,00.000307400000,  31.20000,
,,,00.000307600000,  32.00000,
,,,00.000307800000,  32.00000,
,,,00.000308000000,  32.00000,
,,,00.000308200000,  32.80000,
,,,00.000308400000,  32.80000,
,,,00.000308600000,  33.60000,
,,,00.000308800000,  33.60000,
,,,00.000309000000,  32.00000,
,,,00.000309200000,  32.80000,
,,,00.000309400000,  32.80000,
,,,00.000309600000,  32.00000,
,,,00.000309800000,  32.00000,
,,,00.000310000000,  33.60000,
,,,00.000310200000,  32.80000,
,,,00.000310400000,  33.60000,
,,,00.000310600000,  32.80000,
,,,00.000310800000,  32.80000,
,,,00.000311000000,  32.80000,
,,,00.000311200000,  32.80000,
,,,00.000311400000,  32.80000,
,,,00.000311600000,  32.00000,
,,,00.000311800000,  32.80000,
,,,00.000312000000,  32.00000,
,,,00.000312200000,  32.80000,
,,,00.000312400000,  32.00000,
,,,00.000312600000,  32.80000,
,,,00.000312800000,  32.00000,
,,,00.000313000000,  32.00000,
,,,00.000313200000,  31.20000,
,,,00.000313400000,  32.00000,
,,,00.000313600000,  32.00000,
,,,00.000313800000,  32.80000,
,,,00.000314000000,  32.00000,
,,,00.000314200000,  32.80000,
,,,00.000314400000,  32.00000,
,,,00.000314600000,  34.40000,
,,,00.000314800000,  32.80000,
,,,00.000315000000,  32.00000,
,,,00.000315200000,  32.80000,
,,,00.000315400000,  33.60000,
,,,00.000315600000,  31.20000,
,,,00.000315800000,  32.80000,
,,,00.000316000000,  32.80000,
,,,00.000316200000,  33.60000,
,,,00.000316400000,  32.80000,
,,,00.000316600000,  32.80000,
,,,00.000316800000,  32.00000,
,,,00.000317000000,  32.00000,
,,,00.000317200000,  31.20000,
,,,00.000317400000,  32.00000,
,,,00.000317600000,  32.00000,
,,,00.000317800000,  32.80000,
,,,00.000318000000,  32.80000,
,,,00.000318200000,  31.20000,
,,,00.000318400000,  32.80000,
,,,00.000318600000,  32.00000,
,,,00.000318800000,  31.20000,
,,,00.000319000000,  32.80000,
,,,00.000319200000,  32.00000,
,,,00.000319400000,  32.00000,
,,,00.000319600000,  32.80000,
,,,00.000319800000,  32.80000,
,,,00.000320000000,  32.80000,
,,,00.000320200000,  32.00000,
,,,00.000320400000,  32.00000,
,,,00.000320600000,  32.00000,
,,,00.000320800000,  31.20000,
,,,00.000321000000,  32.80000,
,,,00.000321200000,  33.60000,
,,,00.000321400000,  32.80000,
,,,00.000321600000,  32.80000,
,,,00.000321800000,  32.00000,
