Record Length,2.500000e+03,,   0.000088800000,   4.80000,
Sample Interval,4.000000e-08,,   0.000088840000,   4.80000,
Trigger Point,-2.220000000000e+03,,   0.000088880000,   4.80000,
,,,   0.000088920000,   4.60000,
,,,   0.000088960000,   4.60000,
,,,   0.000089000000,   5.20000,
Source,MATH,,   0.000089040000,   5.00000,
Vertical Units,V,,   0.000089080000,   4.80000,
Vertical Scale,5.000000e+00,,   0.000089120000,   4.80000,
Vertical Offset,0.000000e+00,,   0.000089160000,   4.80000,
Horizontal Units,s,,   0.000089200000,   5.00000,
Horizontal Scale,1.000000e-05,,   0.000089240000,   5.20000,
Pt Fmt,Y,,   0.000089280000,   4.60000,
Yzero,0.000000e+00,,   0.000089320000,   4.80000,
Probe Atten,1.000000e+00,,   0.000089360000,   4.60000,
Model Number,TDS2004C,,   0.000089400000,   5.00000,
Serial Number,C012246,,   0.000089440000,   5.20000,
Firmware Version,FV:v24.18,,   0.000089480000,   4.60000,
,,,0.000089520000,   5.00000,
,,,0.000089560000,   5.00000,
,,,0.000089600000,   5.00000,
,,,0.000089640000,   5.00000,
,,,0.000089680000,   4.80000,
,,,0.000089720000,   4.80000,
,,,0.000089760000,   4.80000,
,,,0.000089800000,   4.60000,
,,,0.000089840000,   4.80000,
,,,0.000089880000,   5.20000,
,,,0.000089920000,   5.00000,
,,,0.000089960000,   4.80000,
,,,0.000090000000,   5.00000,
,,,0.000090040000,   4.80000,
,,,0.000090080000,   5.40000,
,,,0.000090120000,   4.80000,
,,,0.000090160000,   4.80000,
,,,0.000090200000,   5.00000,
,,,0.000090240000,   4.60000,
,,,0.000090280000,   5.20000,
,,,0.000090320000,   5.00000,
,,,0.000090360000,   4.80000,
,,,0.000090400000,   4.80000,
,,,0.000090440000,   5.20000,
,,,0.000090480000,   5.00000,
,,,0.000090520000,   5.00000,
,,,0.000090560000,   4.80000,
,,,0.000090600000,   4.80000,
,,,0.000090640000,   4.80000,
,,,0.000090680000,   4.60000,
,,,0.000090720000,   4.60000,
,,,0.000090760000,   4.60000,
,,,0.000090800000,   5.00000,
,,,0.000090840000,   5.00000,
,,,0.000090880000,   4.60000,
,,,0.000090920000,   4.80000,
,,,0.000090960000,   4.60000,
,,,0.000091000000,   4.60000,
,,,0.000091040000,   4.80000,
,,,0.000091080000,   5.20000,
,,,0.000091120000,   5.20000,
,,,0.000091160000,   5.20000,
,,,0.000091200000,   5.00000,
,,,0.000091240000,   4.60000,
,,,0.000091280000,   4.80000,
,,,0.000091320000,   4.60000,
,,,0.000091360000,   4.80000,
,,,0.000091400000,   4.80000,
,,,0.000091440000,   4.60000,
,,,0.000091480000,   4.80000,
,,,0.000091520000,   4.80000,
,,,0.000091560000,   5.00000,
,,,0.000091600000,   4.60000,
,,,0.000091640000,   5.00000,
,,,0.000091680000,   4.80000,
,,,0.000091720000,   4.80000,
,,,0.000091760000,   5.00000,
,,,0.000091800000,   4.60000,
,,,0.000091840000,   5.20000,
,,,0.000091880000,   4.40000,
,,,0.000091920000,   5.20000,
,,,0.000091960000,   5.00000,
,,,0.000092000000,   5.20000,
,,,0.000092040000,   4.80000,
,,,0.000092080000,   4.60000,
,,,0.000092120000,   4.80000,
,,,0.000092160000,   4.80000,
,,,0.000092200000,   5.00000,
,,,0.000092240000,   4.80000,
,,,0.000092280000,   4.80000,
,,,0.000092320000,   4.80000,
,,,0.000092360000,   4.60000,
,,,0.000092400000,   5.00000,
,,,0.000092440000,   5.20000,
,,,0.000092480000,   5.00000,
,,,0.000092520000,   4.80000,
,,,0.000092560000,   4.60000,
,,,0.000092600000,   4.80000,
,,,0.000092640000,   5.00000,
,,,0.000092680000,   4.80000,
,,,0.000092720000,   5.00000,
,,,0.000092760000,   4.80000,
,,,0.000092800000,   4.80000,
,,,0.000092840000,   5.00000,
,,,0.000092880000,   5.00000,
,,,0.000092920000,   4.80000,
,,,0.000092960000,   4.80000,
,,,0.000093000000,   5.00000,
,,,0.000093040000,   4.80000,
,,,0.000093080000,   4.60000,
,,,0.000093120000,   4.60000,
,,,0.000093160000,   4.80000,
,,,0.000093200000,   5.00000,
,,,0.000093240000,   5.00000,
,,,0.000093280000,   4.80000,
,,,0.000093320000,   4.60000,
,,,0.000093360000,   4.60000,
,,,0.000093400000,   4.60000,
,,,0.000093440000,   5.00000,
,,,0.000093480000,   4.60000,
,,,0.000093520000,   5.00000,
,,,0.000093560000,   4.80000,
,,,0.000093600000,   5.00000,
,,,0.000093640000,   5.00000,
,,,0.000093680000,   5.00000,
,,,0.000093720000,   4.80000,
,,,0.000093760000,   4.60000,
,,,0.000093800000,   4.80000,
,,,0.000093840000,   5.00000,
,,,0.000093880000,   4.60000,
,,,0.000093920000,   4.80000,
,,,0.000093960000,   4.60000,
,,,0.000094000000,   5.00000,
,,,0.000094040000,   5.00000,
,,,0.000094080000,   4.60000,
,,,0.000094120000,   4.80000,
,,,0.000094160000,   4.60000,
,,,0.000094200000,   4.60000,
,,,0.000094240000,   4.60000,
,,,0.000094280000,   5.00000,
,,,0.000094320000,   5.20000,
,,,0.000094360000,   4.80000,
,,,0.000094400000,   5.00000,
,,,0.000094440000,   4.60000,
,,,0.000094480000,   5.00000,
,,,0.000094520000,   4.60000,
,,,0.000094560000,   4.80000,
,,,0.000094600000,   5.20000,
,,,0.000094640000,   5.00000,
,,,0.000094680000,   4.60000,
,,,0.000094720000,   4.80000,
,,,0.000094760000,   4.80000,
,,,0.000094800000,   5.00000,
,,,0.000094840000,   5.00000,
,,,0.000094880000,   5.00000,
,,,0.000094920000,   4.60000,
,,,0.000094960000,   4.80000,
,,,0.000095000000,   5.00000,
,,,0.000095040000,   5.00000,
,,,0.000095080000,   5.20000,
,,,0.000095120000,   4.80000,
,,,0.000095160000,   5.00000,
,,,0.000095200000,   5.00000,
,,,0.000095240000,   4.80000,
,,,0.000095280000,   4.80000,
,,,0.000095320000,   4.60000,
,,,0.000095360000,   5.00000,
,,,0.000095400000,   4.80000,
,,,0.000095440000,   5.20000,
,,,0.000095480000,   5.00000,
,,,0.000095520000,   5.00000,
,,,0.000095560000,   4.80000,
,,,0.000095600000,   4.80000,
,,,0.000095640000,   4.80000,
,,,0.000095680000,   5.20000,
,,,0.000095720000,   5.00000,
,,,0.000095760000,   4.80000,
,,,0.000095800000,   5.00000,
,,,0.000095840000,   4.40000,
,,,0.000095880000,   5.00000,
,,,0.000095920000,   5.00000,
,,,0.000095960000,   5.00000,
,,,0.000096000000,   4.80000,
,,,0.000096040000,   4.80000,
,,,0.000096080000,   5.00000,
,,,0.000096120000,   4.60000,
,,,0.000096160000,   4.80000,
,,,0.000096200000,   5.00000,
,,,0.000096240000,   4.80000,
,,,0.000096280000,   4.80000,
,,,0.000096320000,   4.60000,
,,,0.000096360000,   5.00000,
,,,0.000096400000,   5.00000,
,,,0.000096440000,   4.80000,
,,,0.000096480000,   5.00000,
,,,0.000096520000,   4.40000,
,,,0.000096560000,   4.80000,
,,,0.000096600000,   5.00000,
,,,0.000096640000,   5.00000,
,,,0.000096680000,   4.80000,
,,,0.000096720000,   4.80000,
,,,0.000096760000,   5.00000,
,,,0.000096800000,   4.80000,
,,,0.000096840000,   5.00000,
,,,0.000096880000,   4.80000,
,,,0.000096920000,   4.80000,
,,,0.000096960000,   5.20000,
,,,0.000097000000,   5.20000,
,,,0.000097040000,   4.60000,
,,,0.000097080000,   4.60000,
,,,0.000097120000,   5.00000,
,,,0.000097160000,   4.80000,
,,,0.000097200000,   4.80000,
,,,0.000097240000,   4.60000,
,,,0.000097280000,   4.60000,
,,,0.000097320000,   4.80000,
,,,0.000097360000,   4.80000,
,,,0.000097400000,   4.80000,
,,,0.000097440000,   4.80000,
,,,0.000097480000,   4.80000,
,,,0.000097520000,   4.60000,
,,,0.000097560000,   4.80000,
,,,0.000097600000,   4.80000,
,,,0.000097640000,   4.80000,
,,,0.000097680000,   4.80000,
,,,0.000097720000,   4.80000,
,,,0.000097760000,   4.60000,
,,,0.000097800000,   5.20000,
,,,0.000097840000,   4.80000,
,,,0.000097880000,   4.80000,
,,,0.000097920000,   5.00000,
,,,0.000097960000,   5.20000,
,,,0.000098000000,   5.00000,
,,,0.000098040000,   4.80000,
,,,0.000098080000,   4.40000,
,,,0.000098120000,   5.00000,
,,,0.000098160000,   4.60000,
,,,0.000098200000,   4.80000,
,,,0.000098240000,   5.00000,
,,,0.000098280000,   4.80000,
,,,0.000098320000,   5.00000,
,,,0.000098360000,   4.80000,
,,,0.000098400000,   4.80000,
,,,0.000098440000,   5.20000,
,,,0.000098480000,   5.00000,
,,,0.000098520000,   5.00000,
,,,0.000098560000,   5.00000,
,,,0.000098600000,   5.00000,
,,,0.000098640000,   4.80000,
,,,0.000098680000,   4.60000,
,,,0.000098720000,   5.00000,
,,,0.000098760000,   4.60000,
,,,0.000098800000,   4.80000,
,,,0.000098840000,   5.00000,
,,,0.000098880000,   4.80000,
,,,0.000098920000,   4.60000,
,,,0.000098960000,   5.00000,
,,,0.000099000000,   4.80000,
,,,0.000099040000,   4.80000,
,,,0.000099080000,   4.80000,
,,,0.000099120000,   5.00000,
,,,0.000099160000,   4.80000,
,,,0.000099200000,   4.80000,
,,,0.000099240000,   4.60000,
,,,0.000099280000,   5.00000,
,,,0.000099320000,   5.00000,
,,,0.000099360000,   4.80000,
,,,0.000099400000,   4.80000,
,,,0.000099440000,   5.00000,
,,,0.000099480000,   5.20000,
,,,0.000099520000,   4.80000,
,,,0.000099560000,   4.60000,
,,,0.000099600000,   4.80000,
,,,0.000099640000,   4.80000,
,,,0.000099680000,   5.00000,
,,,0.000099720000,   4.80000,
,,,0.000099760000,   4.60000,
,,,0.000099800000,   4.60000,
,,,0.000099840000,   4.80000,
,,,0.000099880000,   5.00000,
,,,0.000099920000,   5.00000,
,,,0.000099960000,   5.00000,
,,,0.000100000000,   4.80000,
,,,0.000100040000,   4.80000,
,,,0.000100080000,   4.80000,
,,,0.000100120000,   4.60000,
,,,0.000100160000,   4.80000,
,,,0.000100200000,   5.00000,
,,,0.000100240000,   5.00000,
,,,0.000100280000,   4.80000,
,,,0.000100320000,   5.00000,
,,,0.000100360000,   5.00000,
,,,0.000100400000,   5.00000,
,,,0.000100440000,   4.80000,
,,,0.000100480000,   4.60000,
,,,0.000100520000,   4.60000,
,,,0.000100560000,   5.20000,
,,,0.000100600000,   4.80000,
,,,0.000100640000,   4.80000,
,,,0.000100680000,   5.00000,
,,,0.000100720000,   5.00000,
,,,0.000100760000,   5.00000,
,,,0.000100800000,   4.80000,
,,,0.000100840000,   4.80000,
,,,0.000100880000,   4.80000,
,,,0.000100920000,   5.20000,
,,,0.000100960000,   5.00000,
,,,0.000101000000,   4.80000,
,,,0.000101040000,   4.60000,
,,,0.000101080000,   4.80000,
,,,0.000101120000,   5.00000,
,,,0.000101160000,   4.80000,
,,,0.000101200000,   5.20000,
,,,0.000101240000,   4.60000,
,,,0.000101280000,   5.20000,
,,,0.000101320000,   5.00000,
,,,0.000101360000,   5.20000,
,,,0.000101400000,   4.60000,
,,,0.000101440000,   5.00000,
,,,0.000101480000,   5.00000,
,,,0.000101520000,   5.00000,
,,,0.000101560000,   5.20000,
,,,0.000101600000,   4.60000,
,,,0.000101640000,   5.20000,
,,,0.000101680000,   4.60000,
,,,0.000101720000,   4.80000,
,,,0.000101760000,   5.20000,
,,,0.000101800000,   4.60000,
,,,0.000101840000,   4.80000,
,,,0.000101880000,   4.80000,
,,,0.000101920000,   5.00000,
,,,0.000101960000,   5.00000,
,,,0.000102000000,   5.00000,
,,,0.000102040000,   4.60000,
,,,0.000102080000,   4.80000,
,,,0.000102120000,   4.80000,
,,,0.000102160000,   4.80000,
,,,0.000102200000,   5.20000,
,,,0.000102240000,   5.00000,
,,,0.000102280000,   5.00000,
,,,0.000102320000,   4.80000,
,,,0.000102360000,   5.00000,
,,,0.000102400000,   5.20000,
,,,0.000102440000,   4.60000,
,,,0.000102480000,   4.80000,
,,,0.000102520000,   5.00000,
,,,0.000102560000,   4.80000,
,,,0.000102600000,   5.00000,
,,,0.000102640000,   4.60000,
,,,0.000102680000,   4.60000,
,,,0.000102720000,   4.80000,
,,,0.000102760000,   5.00000,
,,,0.000102800000,   5.00000,
,,,0.000102840000,   4.80000,
,,,0.000102880000,   4.80000,
,,,0.000102920000,   5.00000,
,,,0.000102960000,   4.80000,
,,,0.000103000000,   5.00000,
,,,0.000103040000,   4.80000,
,,,0.000103080000,   5.00000,
,,,0.000103120000,   4.80000,
,,,0.000103160000,   5.00000,
,,,0.000103200000,   4.80000,
,,,0.000103240000,   4.80000,
,,,0.000103280000,   5.00000,
,,,0.000103320000,   4.80000,
,,,0.000103360000,   5.20000,
,,,0.000103400000,   4.80000,
,,,0.000103440000,   5.00000,
,,,0.000103480000,   4.80000,
,,,0.000103520000,   5.00000,
,,,0.000103560000,   4.80000,
,,,0.000103600000,   4.80000,
,,,0.000103640000,   4.80000,
,,,0.000103680000,   4.80000,
,,,0.000103720000,   5.00000,
,,,0.000103760000,   4.80000,
,,,0.000103800000,   4.80000,
,,,0.000103840000,   5.20000,
,,,0.000103880000,   4.80000,
,,,0.000103920000,   5.00000,
,,,0.000103960000,   5.00000,
,,,0.000104000000,   4.80000,
,,,0.000104040000,   4.80000,
,,,0.000104080000,   4.80000,
,,,0.000104120000,   5.00000,
,,,0.000104160000,   5.00000,
,,,0.000104200000,   5.00000,
,,,0.000104240000,   4.80000,
,,,0.000104280000,   4.80000,
,,,0.000104320000,   5.00000,
,,,0.000104360000,   4.80000,
,,,0.000104400000,   5.20000,
,,,0.000104440000,   4.60000,
,,,0.000104480000,   5.00000,
,,,0.000104520000,   5.00000,
,,,0.000104560000,   5.00000,
,,,0.000104600000,   5.00000,
,,,0.000104640000,   5.20000,
,,,0.000104680000,   4.80000,
,,,0.000104720000,   4.80000,
,,,0.000104760000,   4.60000,
,,,0.000104800000,   4.80000,
,,,0.000104840000,   4.80000,
,,,0.000104880000,   5.00000,
,,,0.000104920000,   5.00000,
,,,0.000104960000,   4.60000,
,,,0.000105000000,   4.80000,
,,,0.000105040000,   4.80000,
,,,0.000105080000,   5.00000,
,,,0.000105120000,   4.60000,
,,,0.000105160000,   4.80000,
,,,0.000105200000,   4.80000,
,,,0.000105240000,   5.00000,
,,,0.000105280000,   4.80000,
,,,0.000105320000,   4.60000,
,,,0.000105360000,   5.20000,
,,,0.000105400000,   4.80000,
,,,0.000105440000,   4.80000,
,,,0.000105480000,   4.40000,
,,,0.000105520000,   5.40000,
,,,0.000105560000,   4.80000,
,,,0.000105600000,   5.00000,
,,,0.000105640000,   4.80000,
,,,0.000105680000,   4.60000,
,,,0.000105720000,   5.20000,
,,,0.000105760000,   4.80000,
,,,0.000105800000,   4.80000,
,,,0.000105840000,   4.80000,
,,,0.000105880000,   5.00000,
,,,0.000105920000,   5.00000,
,,,0.000105960000,   4.80000,
,,,0.000106000000,   4.80000,
,,,0.000106040000,   4.80000,
,,,0.000106080000,   4.80000,
,,,0.000106120000,   5.00000,
,,,0.000106160000,   4.80000,
,,,0.000106200000,   5.20000,
,,,0.000106240000,   4.80000,
,,,0.000106280000,   4.80000,
,,,0.000106320000,   5.00000,
,,,0.000106360000,   5.00000,
,,,0.000106400000,   4.60000,
,,,0.000106440000,   5.00000,
,,,0.000106480000,   5.20000,
,,,0.000106520000,   4.80000,
,,,0.000106560000,   5.00000,
,,,0.000106600000,   5.00000,
,,,0.000106640000,   4.80000,
,,,0.000106680000,   5.00000,
,,,0.000106720000,   5.00000,
,,,0.000106760000,   5.00000,
,,,0.000106800000,   4.80000,
,,,0.000106840000,   4.60000,
,,,0.000106880000,   4.80000,
,,,0.000106920000,   5.00000,
,,,0.000106960000,   5.20000,
,,,0.000107000000,   4.60000,
,,,0.000107040000,   4.80000,
,,,0.000107080000,   4.80000,
,,,0.000107120000,   4.80000,
,,,0.000107160000,   4.60000,
,,,0.000107200000,   5.00000,
,,,0.000107240000,   5.20000,
,,,0.000107280000,   4.80000,
,,,0.000107320000,   4.80000,
,,,0.000107360000,   4.80000,
,,,0.000107400000,   5.00000,
,,,0.000107440000,   5.00000,
,,,0.000107480000,   4.80000,
,,,0.000107520000,   4.60000,
,,,0.000107560000,   4.60000,
,,,0.000107600000,   5.00000,
,,,0.000107640000,   4.80000,
,,,0.000107680000,   4.80000,
,,,0.000107720000,   4.40000,
,,,0.000107760000,   5.00000,
,,,0.000107800000,   5.00000,
,,,0.000107840000,   5.00000,
,,,0.000107880000,   5.00000,
,,,0.000107920000,   4.60000,
,,,0.000107960000,   4.40000,
,,,0.000108000000,   4.60000,
,,,0.000108040000,   4.80000,
,,,0.000108080000,   4.40000,
,,,0.000108120000,   4.60000,
,,,0.000108160000,   4.80000,
,,,0.000108200000,   4.60000,
,,,0.000108240000,   4.80000,
,,,0.000108280000,   5.00000,
,,,0.000108320000,   4.80000,
,,,0.000108360000,   5.00000,
,,,0.000108400000,   4.60000,
,,,0.000108440000,   5.00000,
,,,0.000108480000,   4.80000,
,,,0.000108520000,   5.00000,
,,,0.000108560000,   5.00000,
,,,0.000108600000,   5.00000,
,,,0.000108640000,   5.20000,
,,,0.000108680000,   4.80000,
,,,0.000108720000,   4.60000,
,,,0.000108760000,   4.60000,
,,,0.000108800000,   5.00000,
,,,0.000108840000,   5.00000,
,,,0.000108880000,   5.00000,
,,,0.000108920000,   4.80000,
,,,0.000108960000,   4.80000,
,,,0.000109000000,   5.00000,
,,,0.000109040000,   5.00000,
,,,0.000109080000,   4.80000,
,,,0.000109120000,   5.00000,
,,,0.000109160000,   5.00000,
,,,0.000109200000,   4.80000,
,,,0.000109240000,   5.00000,
,,,0.000109280000,   4.80000,
,,,0.000109320000,   4.60000,
,,,0.000109360000,   5.00000,
,,,0.000109400000,   5.00000,
,,,0.000109440000,   4.80000,
,,,0.000109480000,   5.00000,
,,,0.000109520000,   5.00000,
,,,0.000109560000,   4.80000,
,,,0.000109600000,   4.80000,
,,,0.000109640000,   5.00000,
,,,0.000109680000,   4.80000,
,,,0.000109720000,   4.80000,
,,,0.000109760000,   5.00000,
,,,0.000109800000,   4.80000,
,,,0.000109840000,   5.00000,
,,,0.000109880000,   4.80000,
,,,0.000109920000,   4.80000,
,,,0.000109960000,   5.00000,
,,,0.000110000000,   4.80000,
,,,0.000110040000,   4.80000,
,,,0.000110080000,   4.80000,
,,,0.000110120000,   5.00000,
,,,0.000110160000,   5.20000,
,,,0.000110200000,   4.80000,
,,,0.000110240000,   4.80000,
,,,0.000110280000,   5.00000,
,,,0.000110320000,   5.20000,
,,,0.000110360000,   5.00000,
,,,0.000110400000,   4.80000,
,,,0.000110440000,   5.00000,
,,,0.000110480000,   4.80000,
,,,0.000110520000,   4.80000,
,,,0.000110560000,   4.80000,
,,,0.000110600000,   4.80000,
,,,0.000110640000,   4.60000,
,,,0.000110680000,   4.60000,
,,,0.000110720000,   4.60000,
,,,0.000110760000,   4.60000,
,,,0.000110800000,   4.60000,
,,,0.000110840000,   4.60000,
,,,0.000110880000,   5.00000,
,,,0.000110920000,   5.00000,
,,,0.000110960000,   4.80000,
,,,0.000111000000,   4.80000,
,,,0.000111040000,   4.80000,
,,,0.000111080000,   4.60000,
,,,0.000111120000,   4.40000,
,,,0.000111160000,   5.00000,
,,,0.000111200000,   5.00000,
,,,0.000111240000,   4.80000,
,,,0.000111280000,   4.60000,
,,,0.000111320000,   5.00000,
,,,0.000111360000,   5.20000,
,,,0.000111400000,   4.80000,
,,,0.000111440000,   4.60000,
,,,0.000111480000,   4.80000,
,,,0.000111520000,   4.80000,
,,,0.000111560000,   4.80000,
,,,0.000111600000,   4.80000,
,,,0.000111640000,   4.80000,
,,,0.000111680000,   4.20000,
,,,0.000111720000,   5.00000,
,,,0.000111760000,   4.80000,
,,,0.000111800000,   5.00000,
,,,0.000111840000,   4.80000,
,,,0.000111880000,   4.80000,
,,,0.000111920000,   5.00000,
,,,0.000111960000,   5.00000,
,,,0.000112000000,   4.80000,
,,,0.000112040000,   5.00000,
,,,0.000112080000,   4.60000,
,,,0.000112120000,   4.80000,
,,,0.000112160000,   4.60000,
,,,0.000112200000,   5.00000,
,,,0.000112240000,   5.00000,
,,,0.000112280000,   4.80000,
,,,0.000112320000,   4.60000,
,,,0.000112360000,   4.60000,
,,,0.000112400000,   4.80000,
,,,0.000112440000,   5.00000,
,,,0.000112480000,   4.80000,
,,,0.000112520000,   4.80000,
,,,0.000112560000,   5.00000,
,,,0.000112600000,   5.20000,
,,,0.000112640000,   4.60000,
,,,0.000112680000,   4.80000,
,,,0.000112720000,   4.80000,
,,,0.000112760000,   4.80000,
,,,0.000112800000,   5.40000,
,,,0.000112840000,   5.20000,
,,,0.000112880000,   4.60000,
,,,0.000112920000,   4.80000,
,,,0.000112960000,   4.80000,
,,,0.000113000000,   5.00000,
,,,0.000113040000,   4.60000,
,,,0.000113080000,   4.60000,
,,,0.000113120000,   4.80000,
,,,0.000113160000,   5.00000,
,,,0.000113200000,   4.60000,
,,,0.000113240000,   4.80000,
,,,0.000113280000,   4.80000,
,,,0.000113320000,   5.00000,
,,,0.000113360000,   4.80000,
,,,0.000113400000,   4.80000,
,,,0.000113440000,   5.00000,
,,,0.000113480000,   4.80000,
,,,0.000113520000,   4.80000,
,,,0.000113560000,   4.80000,
,,,0.000113600000,   4.80000,
,,,0.000113640000,   5.00000,
,,,0.000113680000,   4.80000,
,,,0.000113720000,   4.60000,
,,,0.000113760000,   5.00000,
,,,0.000113800000,   4.80000,
,,,0.000113840000,   5.00000,
,,,0.000113880000,   5.00000,
,,,0.000113920000,   4.20000,
,,,0.000113960000,   5.00000,
,,,0.000114000000,   5.00000,
,,,0.000114040000,   4.80000,
,,,0.000114080000,   5.00000,
,,,0.000114120000,   4.80000,
,,,0.000114160000,   4.80000,
,,,0.000114200000,   4.80000,
,,,0.000114240000,   5.00000,
,,,0.000114280000,   5.00000,
,,,0.000114320000,   4.80000,
,,,0.000114360000,   4.80000,
,,,0.000114400000,   4.80000,
,,,0.000114440000,   5.00000,
,,,0.000114480000,   4.60000,
,,,0.000114520000,   4.80000,
,,,0.000114560000,   4.60000,
,,,0.000114600000,   4.80000,
,,,0.000114640000,   4.60000,
,,,0.000114680000,   5.00000,
,,,0.000114720000,   4.60000,
,,,0.000114760000,   4.80000,
,,,0.000114800000,   4.80000,
,,,0.000114840000,   4.80000,
,,,0.000114880000,   5.00000,
,,,0.000114920000,   4.80000,
,,,0.000114960000,   4.80000,
,,,0.000115000000,   4.60000,
,,,0.000115040000,   5.00000,
,,,0.000115080000,   4.80000,
,,,0.000115120000,   4.80000,
,,,0.000115160000,   5.00000,
,,,0.000115200000,   4.80000,
,,,0.000115240000,   4.60000,
,,,0.000115280000,   4.60000,
,,,0.000115320000,   5.00000,
,,,0.000115360000,   5.00000,
,,,0.000115400000,   4.60000,
,,,0.000115440000,   4.80000,
,,,0.000115480000,   5.00000,
,,,0.000115520000,   5.00000,
,,,0.000115560000,   4.60000,
,,,0.000115600000,   4.80000,
,,,0.000115640000,   4.60000,
,,,0.000115680000,   5.00000,
,,,0.000115720000,   5.00000,
,,,0.000115760000,   4.60000,
,,,0.000115800000,   5.00000,
,,,0.000115840000,   4.80000,
,,,0.000115880000,   4.60000,
,,,0.000115920000,   4.80000,
,,,0.000115960000,   4.80000,
,,,0.000116000000,   5.00000,
,,,0.000116040000,   4.80000,
,,,0.000116080000,   4.60000,
,,,0.000116120000,   4.80000,
,,,0.000116160000,   5.20000,
,,,0.000116200000,   5.00000,
,,,0.000116240000,   4.60000,
,,,0.000116280000,   4.80000,
,,,0.000116320000,   4.80000,
,,,0.000116360000,   4.80000,
,,,0.000116400000,   5.20000,
,,,0.000116440000,   4.80000,
,,,0.000116480000,   4.60000,
,,,0.000116520000,   4.80000,
,,,0.000116560000,   5.00000,
,,,0.000116600000,   5.00000,
,,,0.000116640000,   4.40000,
,,,0.000116680000,   4.80000,
,,,0.000116720000,   4.60000,
,,,0.000116760000,   4.80000,
,,,0.000116800000,   4.80000,
,,,0.000116840000,   4.80000,
,,,0.000116880000,   4.80000,
,,,0.000116920000,   4.80000,
,,,0.000116960000,   4.80000,
,,,0.000117000000,   4.60000,
,,,0.000117040000,   4.60000,
,,,0.000117080000,   5.00000,
,,,0.000117120000,   4.80000,
,,,0.000117160000,   5.00000,
,,,0.000117200000,   4.80000,
,,,0.000117240000,   5.00000,
,,,0.000117280000,   4.80000,
,,,0.000117320000,   4.80000,
,,,0.000117360000,   4.80000,
,,,0.000117400000,   5.20000,
,,,0.000117440000,   4.60000,
,,,0.000117480000,   4.80000,
,,,0.000117520000,   4.80000,
,,,0.000117560000,   4.80000,
,,,0.000117600000,   4.80000,
,,,0.000117640000,   4.80000,
,,,0.000117680000,   4.80000,
,,,0.000117720000,   5.00000,
,,,0.000117760000,   4.80000,
,,,0.000117800000,   4.80000,
,,,0.000117840000,   5.00000,
,,,0.000117880000,   4.60000,
,,,0.000117920000,   4.60000,
,,,0.000117960000,   4.40000,
,,,0.000118000000,   4.80000,
,,,0.000118040000,   5.00000,
,,,0.000118080000,   4.80000,
,,,0.000118120000,   4.80000,
,,,0.000118160000,   5.20000,
,,,0.000118200000,   4.80000,
,,,0.000118240000,   5.00000,
,,,0.000118280000,   4.60000,
,,,0.000118320000,   4.80000,
,,,0.000118360000,   5.00000,
,,,0.000118400000,   5.00000,
,,,0.000118440000,   4.80000,
,,,0.000118480000,   4.80000,
,,,0.000118520000,   5.00000,
,,,0.000118560000,   4.60000,
,,,0.000118600000,   4.80000,
,,,0.000118640000,   4.80000,
,,,0.000118680000,   4.80000,
,,,0.000118720000,   4.80000,
,,,0.000118760000,   4.80000,
,,,0.000118800000,   5.00000,
,,,0.000118840000,   4.80000,
,,,0.000118880000,   4.80000,
,,,0.000118920000,   4.80000,
,,,0.000118960000,   4.80000,
,,,0.000119000000,   4.80000,
,,,0.000119040000,   4.60000,
,,,0.000119080000,   4.80000,
,,,0.000119120000,   4.80000,
,,,0.000119160000,   4.80000,
,,,0.000119200000,   4.80000,
,,,0.000119240000,   5.00000,
,,,0.000119280000,   5.00000,
,,,0.000119320000,   5.00000,
,,,0.000119360000,   5.00000,
,,,0.000119400000,   4.60000,
,,,0.000119440000,   4.60000,
,,,0.000119480000,   5.00000,
,,,0.000119520000,   5.20000,
,,,0.000119560000,   4.80000,
,,,0.000119600000,   4.20000,
,,,0.000119640000,   5.20000,
,,,0.000119680000,   5.00000,
,,,0.000119720000,   5.00000,
,,,0.000119760000,   5.00000,
,,,0.000119800000,   5.00000,
,,,0.000119840000,   4.80000,
,,,0.000119880000,   5.00000,
,,,0.000119920000,   4.80000,
,,,0.000119960000,   4.80000,
,,,0.000120000000,   5.00000,
,,,0.000120040000,   4.80000,
,,,0.000120080000,   5.00000,
,,,0.000120120000,   5.00000,
,,,0.000120160000,   4.80000,
,,,0.000120200000,   5.00000,
,,,0.000120240000,   5.00000,
,,,0.000120280000,   4.80000,
,,,0.000120320000,   5.00000,
,,,0.000120360000,   4.80000,
,,,0.000120400000,   4.80000,
,,,0.000120440000,   5.00000,
,,,0.000120480000,   5.00000,
,,,0.000120520000,   5.20000,
,,,0.000120560000,   4.60000,
,,,0.000120600000,   5.00000,
,,,0.000120640000,   4.60000,
,,,0.000120680000,   4.60000,
,,,0.000120720000,   5.00000,
,,,0.000120760000,   5.00000,
,,,0.000120800000,   4.60000,
,,,0.000120840000,   5.00000,
,,,0.000120880000,   5.00000,
,,,0.000120920000,   4.60000,
,,,0.000120960000,   4.80000,
,,,0.000121000000,   4.40000,
,,,0.000121040000,   5.00000,
,,,0.000121080000,   4.80000,
,,,0.000121120000,   4.80000,
,,,0.000121160000,   4.60000,
,,,0.000121200000,   4.80000,
,,,0.000121240000,   5.00000,
,,,0.000121280000,   5.00000,
,,,0.000121320000,   4.80000,
,,,0.000121360000,   5.00000,
,,,0.000121400000,   4.80000,
,,,0.000121440000,   5.00000,
,,,0.000121480000,   4.60000,
,,,0.000121520000,   4.80000,
,,,0.000121560000,   4.60000,
,,,0.000121600000,   4.80000,
,,,0.000121640000,   5.00000,
,,,0.000121680000,   4.80000,
,,,0.000121720000,   5.00000,
,,,0.000121760000,   4.60000,
,,,0.000121800000,   5.00000,
,,,0.000121840000,   4.80000,
,,,0.000121880000,   4.80000,
,,,0.000121920000,   4.60000,
,,,0.000121960000,   5.00000,
,,,0.000122000000,   5.00000,
,,,0.000122040000,   4.80000,
,,,0.000122080000,   5.00000,
,,,0.000122120000,   5.00000,
,,,0.000122160000,   5.00000,
,,,0.000122200000,   4.80000,
,,,0.000122240000,   5.00000,
,,,0.000122280000,   4.80000,
,,,0.000122320000,   5.20000,
,,,0.000122360000,   5.00000,
,,,0.000122400000,   4.80000,
,,,0.000122440000,   4.60000,
,,,0.000122480000,   5.00000,
,,,0.000122520000,   4.80000,
,,,0.000122560000,   5.00000,
,,,0.000122600000,   5.00000,
,,,0.000122640000,   4.60000,
,,,0.000122680000,   4.80000,
,,,0.000122720000,   5.00000,
,,,0.000122760000,   5.00000,
,,,0.000122800000,   4.80000,
,,,0.000122840000,   4.80000,
,,,0.000122880000,   5.00000,
,,,0.000122920000,   4.60000,
,,,0.000122960000,   4.60000,
,,,0.000123000000,   4.80000,
,,,0.000123040000,   5.40000,
,,,0.000123080000,   5.00000,
,,,0.000123120000,   4.80000,
,,,0.000123160000,   4.60000,
,,,0.000123200000,   5.00000,
,,,0.000123240000,   4.80000,
,,,0.000123280000,   5.00000,
,,,0.000123320000,   4.80000,
,,,0.000123360000,   4.80000,
,,,0.000123400000,   5.00000,
,,,0.000123440000,   4.80000,
,,,0.000123480000,   5.00000,
,,,0.000123520000,   5.00000,
,,,0.000123560000,   4.40000,
,,,0.000123600000,   5.00000,
,,,0.000123640000,   4.80000,
,,,0.000123680000,   4.80000,
,,,0.000123720000,   5.00000,
,,,0.000123760000,   4.80000,
,,,0.000123800000,   4.80000,
,,,0.000123840000,   4.80000,
,,,0.000123880000,   5.00000,
,,,0.000123920000,   5.00000,
,,,0.000123960000,   4.80000,
,,,0.000124000000,   4.60000,
,,,0.000124040000,   4.80000,
,,,0.000124080000,   5.00000,
,,,0.000124120000,   4.80000,
,,,0.000124160000,   4.80000,
,,,0.000124200000,   5.20000,
,,,0.000124240000,   4.80000,
,,,0.000124280000,   5.00000,
,,,0.000124320000,   5.20000,
,,,0.000124360000,   5.00000,
,,,0.000124400000,   4.60000,
,,,0.000124440000,   4.80000,
,,,0.000124480000,   5.20000,
,,,0.000124520000,   4.80000,
,,,0.000124560000,   4.80000,
,,,0.000124600000,   4.80000,
,,,0.000124640000,   5.20000,
,,,0.000124680000,   5.40000,
,,,0.000124720000,   5.00000,
,,,0.000124760000,   4.80000,
,,,0.000124800000,   4.80000,
,,,0.000124840000,   5.00000,
,,,0.000124880000,   5.00000,
,,,0.000124920000,   4.60000,
,,,0.000124960000,   4.80000,
,,,0.000125000000,   4.80000,
,,,0.000125040000,   5.20000,
,,,0.000125080000,   4.80000,
,,,0.000125120000,   4.80000,
,,,0.000125160000,   4.80000,
,,,0.000125200000,   5.00000,
,,,0.000125240000,   5.00000,
,,,0.000125280000,   4.80000,
,,,0.000125320000,   5.20000,
,,,0.000125360000,   4.60000,
,,,0.000125400000,   4.80000,
,,,0.000125440000,   4.60000,
,,,0.000125480000,   4.60000,
,,,0.000125520000,   5.20000,
,,,0.000125560000,   4.80000,
,,,0.000125600000,   4.80000,
,,,0.000125640000,   4.80000,
,,,0.000125680000,   5.00000,
,,,0.000125720000,   5.20000,
,,,0.000125760000,   4.80000,
,,,0.000125800000,   4.80000,
,,,0.000125840000,   4.80000,
,,,0.000125880000,   4.40000,
,,,0.000125920000,   5.00000,
,,,0.000125960000,   4.80000,
,,,0.000126000000,   5.00000,
,,,0.000126040000,   4.80000,
,,,0.000126080000,   4.80000,
,,,0.000126120000,   4.80000,
,,,0.000126160000,   4.60000,
,,,0.000126200000,   4.80000,
,,,0.000126240000,   4.60000,
,,,0.000126280000,   5.00000,
,,,0.000126320000,   4.60000,
,,,0.000126360000,   4.80000,
,,,0.000126400000,   4.80000,
,,,0.000126440000,   4.80000,
,,,0.000126480000,   4.80000,
,,,0.000126520000,   5.00000,
,,,0.000126560000,   5.00000,
,,,0.000126600000,   4.80000,
,,,0.000126640000,   4.80000,
,,,0.000126680000,   5.00000,
,,,0.000126720000,   5.00000,
,,,0.000126760000,   4.80000,
,,,0.000126800000,   4.80000,
,,,0.000126840000,   5.00000,
,,,0.000126880000,   5.00000,
,,,0.000126920000,   4.80000,
,,,0.000126960000,   4.60000,
,,,0.000127000000,   5.00000,
,,,0.000127040000,   5.00000,
,,,0.000127080000,   4.80000,
,,,0.000127120000,   4.80000,
,,,0.000127160000,   4.60000,
,,,0.000127200000,   4.80000,
,,,0.000127240000,   4.80000,
,,,0.000127280000,   5.00000,
,,,0.000127320000,   4.60000,
,,,0.000127360000,   5.00000,
,,,0.000127400000,   5.00000,
,,,0.000127440000,   4.80000,
,,,0.000127480000,   4.60000,
,,,0.000127520000,   4.60000,
,,,0.000127560000,   5.00000,
,,,0.000127600000,   5.00000,
,,,0.000127640000,   5.00000,
,,,0.000127680000,   4.60000,
,,,0.000127720000,   4.80000,
,,,0.000127760000,   4.80000,
,,,0.000127800000,   5.00000,
,,,0.000127840000,   4.80000,
,,,0.000127880000,   4.80000,
,,,0.000127920000,   4.80000,
,,,0.000127960000,   4.60000,
,,,0.000128000000,   5.00000,
,,,0.000128040000,   4.80000,
,,,0.000128080000,   4.80000,
,,,0.000128120000,   4.80000,
,,,0.000128160000,   4.80000,
,,,0.000128200000,   4.60000,
,,,0.000128240000,   4.60000,
,,,0.000128280000,   4.60000,
,,,0.000128320000,   5.00000,
,,,0.000128360000,   5.00000,
,,,0.000128400000,   5.00000,
,,,0.000128440000,   5.00000,
,,,0.000128480000,   4.80000,
,,,0.000128520000,   4.60000,
,,,0.000128560000,   5.00000,
,,,0.000128600000,   4.80000,
,,,0.000128640000,   5.00000,
,,,0.000128680000,   4.80000,
,,,0.000128720000,   4.40000,
,,,0.000128760000,   4.80000,
,,,0.000128800000,   5.00000,
,,,0.000128840000,   5.00000,
,,,0.000128880000,   4.80000,
,,,0.000128920000,   4.60000,
,,,0.000128960000,   5.00000,
,,,0.000129000000,   5.00000,
,,,0.000129040000,   4.80000,
,,,0.000129080000,   5.00000,
,,,0.000129120000,   4.80000,
,,,0.000129160000,   4.80000,
,,,0.000129200000,   5.00000,
,,,0.000129240000,   4.80000,
,,,0.000129280000,   5.00000,
,,,0.000129320000,   4.40000,
,,,0.000129360000,   5.00000,
,,,0.000129400000,   4.40000,
,,,0.000129440000,   4.80000,
,,,0.000129480000,   5.00000,
,,,0.000129520000,   4.80000,
,,,0.000129560000,   4.80000,
,,,0.000129600000,   4.80000,
,,,0.000129640000,   4.80000,
,,,0.000129680000,   5.20000,
,,,0.000129720000,   4.60000,
,,,0.000129760000,   4.60000,
,,,0.000129800000,   4.80000,
,,,0.000129840000,   4.60000,
,,,0.000129880000,   4.80000,
,,,0.000129920000,   5.00000,
,,,0.000129960000,   5.00000,
,,,0.000130000000,   5.00000,
,,,0.000130040000,   4.60000,
,,,0.000130080000,   4.60000,
,,,0.000130120000,   4.80000,
,,,0.000130160000,   4.80000,
,,,0.000130200000,   4.80000,
,,,0.000130240000,   5.00000,
,,,0.000130280000,   4.80000,
,,,0.000130320000,   4.60000,
,,,0.000130360000,   4.80000,
,,,0.000130400000,   4.80000,
,,,0.000130440000,   4.80000,
,,,0.000130480000,   4.80000,
,,,0.000130520000,   4.80000,
,,,0.000130560000,   4.80000,
,,,0.000130600000,   5.00000,
,,,0.000130640000,   4.80000,
,,,0.000130680000,   4.80000,
,,,0.000130720000,   4.60000,
,,,0.000130760000,   4.80000,
,,,0.000130800000,   5.00000,
,,,0.000130840000,   4.60000,
,,,0.000130880000,   4.60000,
,,,0.000130920000,   4.80000,
,,,0.000130960000,   4.80000,
,,,0.000131000000,   5.20000,
,,,0.000131040000,   4.80000,
,,,0.000131080000,   4.80000,
,,,0.000131120000,   4.80000,
,,,0.000131160000,   4.80000,
,,,0.000131200000,   4.80000,
,,,0.000131240000,   4.80000,
,,,0.000131280000,   4.80000,
,,,0.000131320000,   4.80000,
,,,0.000131360000,   5.00000,
,,,0.000131400000,   4.80000,
,,,0.000131440000,   5.00000,
,,,0.000131480000,   4.40000,
,,,0.000131520000,   4.80000,
,,,0.000131560000,   4.80000,
,,,0.000131600000,   4.60000,
,,,0.000131640000,   5.00000,
,,,0.000131680000,   4.80000,
,,,0.000131720000,   4.80000,
,,,0.000131760000,   4.60000,
,,,0.000131800000,   4.60000,
,,,0.000131840000,   4.80000,
,,,0.000131880000,   4.80000,
,,,0.000131920000,   4.80000,
,,,0.000131960000,   4.60000,
,,,0.000132000000,   5.00000,
,,,0.000132040000,   4.80000,
,,,0.000132080000,   5.00000,
,,,0.000132120000,   4.80000,
,,,0.000132160000,   4.60000,
,,,0.000132200000,   4.80000,
,,,0.000132240000,   4.80000,
,,,0.000132280000,   4.80000,
,,,0.000132320000,   4.80000,
,,,0.000132360000,   5.20000,
,,,0.000132400000,   5.00000,
,,,0.000132440000,   4.80000,
,,,0.000132480000,   4.80000,
,,,0.000132520000,   4.60000,
,,,0.000132560000,   4.80000,
,,,0.000132600000,   5.40000,
,,,0.000132640000,   5.00000,
,,,0.000132680000,   4.40000,
,,,0.000132720000,   4.80000,
,,,0.000132760000,   4.80000,
,,,0.000132800000,   4.80000,
,,,0.000132840000,   4.60000,
,,,0.000132880000,   4.40000,
,,,0.000132920000,   4.80000,
,,,0.000132960000,   5.00000,
,,,0.000133000000,   4.60000,
,,,0.000133040000,   5.00000,
,,,0.000133080000,   4.80000,
,,,0.000133120000,   5.00000,
,,,0.000133160000,   4.80000,
,,,0.000133200000,   5.00000,
,,,0.000133240000,   4.80000,
,,,0.000133280000,   4.80000,
,,,0.000133320000,   4.80000,
,,,0.000133360000,   4.60000,
,,,0.000133400000,   5.00000,
,,,0.000133440000,   5.00000,
,,,0.000133480000,   4.80000,
,,,0.000133520000,   4.80000,
,,,0.000133560000,   4.60000,
,,,0.000133600000,   4.80000,
,,,0.000133640000,   5.00000,
,,,0.000133680000,   5.00000,
,,,0.000133720000,   4.60000,
,,,0.000133760000,   4.80000,
,,,0.000133800000,   4.60000,
,,,0.000133840000,   5.00000,
,,,0.000133880000,   4.80000,
,,,0.000133920000,   5.00000,
,,,0.000133960000,   4.80000,
,,,0.000134000000,   4.80000,
,,,0.000134040000,   4.60000,
,,,0.000134080000,   4.80000,
,,,0.000134120000,   5.00000,
,,,0.000134160000,   4.80000,
,,,0.000134200000,   4.80000,
,,,0.000134240000,   4.80000,
,,,0.000134280000,   5.00000,
,,,0.000134320000,   4.80000,
,,,0.000134360000,   4.80000,
,,,0.000134400000,   4.80000,
,,,0.000134440000,   4.80000,
,,,0.000134480000,   4.80000,
,,,0.000134520000,   4.60000,
,,,0.000134560000,   4.80000,
,,,0.000134600000,   5.00000,
,,,0.000134640000,   4.80000,
,,,0.000134680000,   5.00000,
,,,0.000134720000,   4.40000,
,,,0.000134760000,   4.80000,
,,,0.000134800000,   4.80000,
,,,0.000134840000,   4.80000,
,,,0.000134880000,   4.60000,
,,,0.000134920000,   4.80000,
,,,0.000134960000,   5.00000,
,,,0.000135000000,   4.80000,
,,,0.000135040000,   5.00000,
,,,0.000135080000,   5.00000,
,,,0.000135120000,   5.00000,
,,,0.000135160000,   4.80000,
,,,0.000135200000,   4.80000,
,,,0.000135240000,   4.60000,
,,,0.000135280000,   4.60000,
,,,0.000135320000,   4.80000,
,,,0.000135360000,   4.80000,
,,,0.000135400000,   5.00000,
,,,0.000135440000,   4.60000,
,,,0.000135480000,   4.80000,
,,,0.000135520000,   5.00000,
,,,0.000135560000,   5.00000,
,,,0.000135600000,   4.80000,
,,,0.000135640000,   4.80000,
,,,0.000135680000,   4.80000,
,,,0.000135720000,   4.80000,
,,,0.000135760000,   4.80000,
,,,0.000135800000,   4.80000,
,,,0.000135840000,   4.80000,
,,,0.000135880000,   5.00000,
,,,0.000135920000,   4.60000,
,,,0.000135960000,   5.00000,
,,,0.000136000000,   5.00000,
,,,0.000136040000,   5.00000,
,,,0.000136080000,   4.60000,
,,,0.000136120000,   5.00000,
,,,0.000136160000,   4.80000,
,,,0.000136200000,   5.00000,
,,,0.000136240000,   5.00000,
,,,0.000136280000,   4.80000,
,,,0.000136320000,   5.00000,
,,,0.000136360000,   5.00000,
,,,0.000136400000,   4.80000,
,,,0.000136440000,   4.60000,
,,,0.000136480000,   4.80000,
,,,0.000136520000,   4.80000,
,,,0.000136560000,   5.00000,
,,,0.000136600000,   5.00000,
,,,0.000136640000,   4.60000,
,,,0.000136680000,   4.80000,
,,,0.000136720000,   4.80000,
,,,0.000136760000,   5.00000,
,,,0.000136800000,   5.00000,
,,,0.000136840000,   4.60000,
,,,0.000136880000,   4.60000,
,,,0.000136920000,   4.80000,
,,,0.000136960000,   5.00000,
,,,0.000137000000,   4.60000,
,,,0.000137040000,   4.80000,
,,,0.000137080000,   5.00000,
,,,0.000137120000,   5.00000,
,,,0.000137160000,   5.00000,
,,,0.000137200000,   5.00000,
,,,0.000137240000,   4.60000,
,,,0.000137280000,   5.00000,
,,,0.000137320000,   4.40000,
,,,0.000137360000,   4.80000,
,,,0.000137400000,   5.20000,
,,,0.000137440000,   4.60000,
,,,0.000137480000,   4.60000,
,,,0.000137520000,   4.80000,
,,,0.000137560000,   5.00000,
,,,0.000137600000,   4.80000,
,,,0.000137640000,   4.80000,
,,,0.000137680000,   4.80000,
,,,0.000137720000,   4.80000,
,,,0.000137760000,   4.80000,
,,,0.000137800000,   4.80000,
,,,0.000137840000,   4.80000,
,,,0.000137880000,   5.00000,
,,,0.000137920000,   5.00000,
,,,0.000137960000,   4.60000,
,,,0.000138000000,   5.00000,
,,,0.000138040000,   5.00000,
,,,0.000138080000,   4.60000,
,,,0.000138120000,   4.60000,
,,,0.000138160000,   4.80000,
,,,0.000138200000,   4.80000,
,,,0.000138240000,   4.60000,
,,,0.000138280000,   4.60000,
,,,0.000138320000,   5.00000,
,,,0.000138360000,   4.80000,
,,,0.000138400000,   4.80000,
,,,0.000138440000,   4.80000,
,,,0.000138480000,   4.60000,
,,,0.000138520000,   4.80000,
,,,0.000138560000,   4.80000,
,,,0.000138600000,   5.00000,
,,,0.000138640000,   4.80000,
,,,0.000138680000,   5.00000,
,,,0.000138720000,   4.80000,
,,,0.000138760000,   4.80000,
,,,0.000138800000,   4.80000,
,,,0.000138840000,   4.40000,
,,,0.000138880000,   4.60000,
,,,0.000138920000,   5.00000,
,,,0.000138960000,   4.60000,
,,,0.000139000000,   4.60000,
,,,0.000139040000,   4.80000,
,,,0.000139080000,   4.80000,
,,,0.000139120000,   4.60000,
,,,0.000139160000, -16.60000,
,,,0.000139200000,  -8.80000,
,,,0.000139240000,  -8.40000,
,,,0.000139280000,  -8.80000,
,,,0.000139320000,  -7.60000,
,,,0.000139360000,  -6.40000,
,,,0.000139400000,  -5.80000,
,,,0.000139440000,  -5.60000,
,,,0.000139480000,  -5.60000,
,,,0.000139520000,  -5.60000,
,,,0.000139560000,  -5.60000,
,,,0.000139600000,  -5.20000,
,,,0.000139640000,  -5.20000,
,,,0.000139680000,  -5.40000,
,,,0.000139720000,  -5.20000,
,,,0.000139760000,  -5.40000,
,,,0.000139800000,  -5.40000,
,,,0.000139840000,  -5.40000,
,,,0.000139880000,  -5.20000,
,,,0.000139920000,  -4.80000,
,,,0.000139960000,  -5.20000,
,,,0.000140000000,  -5.20000,
,,,0.000140040000,  -5.20000,
,,,0.000140080000,  -5.20000,
,,,0.000140120000,  -5.20000,
,,,0.000140160000,  -5.20000,
,,,0.000140200000,  -5.40000,
,,,0.000140240000,  -5.20000,
,,,0.000140280000,  -5.40000,
,,,0.000140320000,  -5.20000,
,,,0.000140360000,  -5.20000,
,,,0.000140400000,  -5.20000,
,,,0.000140440000,  -5.60000,
,,,0.000140480000,  -5.40000,
,,,0.000140520000,  -5.00000,
,,,0.000140560000,  -5.00000,
,,,0.000140600000,  -5.20000,
,,,0.000140640000,  -5.40000,
,,,0.000140680000,  -5.20000,
,,,0.000140720000,  -5.20000,
,,,0.000140760000,  -5.40000,
,,,0.000140800000,  -5.20000,
,,,0.000140840000,  -5.20000,
,,,0.000140880000,  -5.20000,
,,,0.000140920000,  -5.40000,
,,,0.000140960000,  -5.20000,
,,,0.000141000000,  -5.20000,
,,,0.000141040000,  -5.40000,
,,,0.000141080000,  -5.20000,
,,,0.000141120000,  -5.20000,
,,,0.000141160000,  -5.20000,
,,,0.000141200000,  -5.40000,
,,,0.000141240000,  -5.20000,
,,,0.000141280000,  -5.40000,
,,,0.000141320000,  -5.40000,
,,,0.000141360000,  -5.00000,
,,,0.000141400000,  -5.20000,
,,,0.000141440000,  -5.00000,
,,,0.000141480000,  -5.20000,
,,,0.000141520000,  -5.40000,
,,,0.000141560000,  -5.20000,
,,,0.000141600000,  -5.00000,
,,,0.000141640000,  -5.20000,
,,,0.000141680000,  -5.00000,
,,,0.000141720000,  -5.20000,
,,,0.000141760000,  -5.20000,
,,,0.000141800000,  -5.00000,
,,,0.000141840000,  -5.00000,
,,,0.000141880000,  -5.40000,
,,,0.000141920000,  -4.80000,
,,,0.000141960000,  -5.20000,
,,,0.000142000000,  -5.40000,
,,,0.000142040000,  -5.00000,
,,,0.000142080000,  -5.20000,
,,,0.000142120000,  -5.20000,
,,,0.000142160000,  -5.20000,
,,,0.000142200000,  -5.40000,
,,,0.000142240000,  -5.40000,
,,,0.000142280000,  -5.20000,
,,,0.000142320000,  -5.20000,
,,,0.000142360000,  -5.40000,
,,,0.000142400000,  -5.60000,
,,,0.000142440000,  -5.20000,
,,,0.000142480000,  -5.40000,
,,,0.000142520000,  -5.20000,
,,,0.000142560000,  -5.00000,
,,,0.000142600000,  -5.40000,
,,,0.000142640000,  -5.40000,
,,,0.000142680000,  -5.20000,
,,,0.000142720000,  -5.00000,
,,,0.000142760000,  -5.40000,
,,,0.000142800000,  -5.40000,
,,,0.000142840000,  -5.20000,
,,,0.000142880000,  -5.00000,
,,,0.000142920000,  -5.20000,
,,,0.000142960000,  -5.20000,
,,,0.000143000000,  -5.20000,
,,,0.000143040000,  -5.00000,
,,,0.000143080000,  -5.20000,
,,,0.000143120000,  -5.20000,
,,,0.000143160000,  -5.60000,
,,,0.000143200000,  -5.40000,
,,,0.000143240000,  -5.40000,
,,,0.000143280000,  -5.20000,
,,,0.000143320000,  -5.20000,
,,,0.000143360000,  -5.40000,
,,,0.000143400000,  -5.20000,
,,,0.000143440000,  -4.80000,
,,,0.000143480000,  -5.00000,
,,,0.000143520000,  -5.20000,
,,,0.000143560000,  -5.40000,
,,,0.000143600000,  -5.00000,
,,,0.000143640000,  -5.40000,
,,,0.000143680000,  -5.40000,
,,,0.000143720000,  -5.20000,
,,,0.000143760000,  -5.40000,
,,,0.000143800000,  -5.20000,
,,,0.000143840000,  -5.20000,
,,,0.000143880000,  -5.20000,
,,,0.000143920000,  -5.40000,
,,,0.000143960000,  -5.20000,
,,,0.000144000000,  -5.00000,
,,,0.000144040000,  -5.20000,
,,,0.000144080000,  -5.40000,
,,,0.000144120000,  -5.20000,
,,,0.000144160000,  -5.00000,
,,,0.000144200000,  -5.20000,
,,,0.000144240000,  -5.20000,
,,,0.000144280000,  -5.20000,
,,,0.000144320000,  -5.40000,
,,,0.000144360000,  -5.00000,
,,,0.000144400000,  -5.20000,
,,,0.000144440000,  -5.20000,
,,,0.000144480000,  -5.00000,
,,,0.000144520000,  -5.00000,
,,,0.000144560000,  -5.40000,
,,,0.000144600000,  -5.20000,
,,,0.000144640000,  -5.20000,
,,,0.000144680000,  -5.40000,
,,,0.000144720000,  -5.40000,
,,,0.000144760000,  -5.40000,
,,,0.000144800000,  -5.20000,
,,,0.000144840000,  -5.00000,
,,,0.000144880000,  -5.20000,
,,,0.000144920000,  -5.00000,
,,,0.000144960000,  -5.20000,
,,,0.000145000000,  -5.00000,
,,,0.000145040000,  -5.40000,
,,,0.000145080000,  -5.20000,
,,,0.000145120000,  -5.40000,
,,,0.000145160000,  -5.20000,
,,,0.000145200000,  -5.40000,
,,,0.000145240000,  -5.40000,
,,,0.000145280000,  -5.40000,
,,,0.000145320000,  -5.00000,
,,,0.000145360000,  -5.20000,
,,,0.000145400000,  -5.20000,
,,,0.000145440000,  -5.20000,
,,,0.000145480000,  -5.40000,
,,,0.000145520000,  -5.40000,
,,,0.000145560000,  -5.20000,
,,,0.000145600000,  -5.20000,
,,,0.000145640000,  -5.20000,
,,,0.000145680000,  -5.40000,
,,,0.000145720000,  -5.20000,
,,,0.000145760000,  -5.20000,
,,,0.000145800000,  -5.20000,
,,,0.000145840000,  -5.00000,
,,,0.000145880000,  -5.40000,
,,,0.000145920000,  -5.20000,
,,,0.000145960000,  -5.20000,
,,,0.000146000000,  -5.40000,
,,,0.000146040000,  -5.00000,
,,,0.000146080000,  -5.20000,
,,,0.000146120000,  -5.60000,
,,,0.000146160000,  -5.20000,
,,,0.000146200000,  -5.20000,
,,,0.000146240000,  -5.20000,
,,,0.000146280000,  -5.40000,
,,,0.000146320000,  -5.20000,
,,,0.000146360000,  -5.40000,
,,,0.000146400000,  -5.40000,
,,,0.000146440000,  -5.20000,
,,,0.000146480000,  -5.20000,
,,,0.000146520000,  -5.20000,
,,,0.000146560000,  -5.20000,
,,,0.000146600000,  -5.40000,
,,,0.000146640000,  -5.20000,
,,,0.000146680000,  -5.20000,
,,,0.000146720000,  -5.00000,
,,,0.000146760000,  -5.20000,
,,,0.000146800000,  -5.20000,
,,,0.000146840000,  -5.20000,
,,,0.000146880000,  -5.20000,
,,,0.000146920000,  -5.00000,
,,,0.000146960000,  -5.20000,
,,,0.000147000000,  -5.40000,
,,,0.000147040000,  -5.20000,
,,,0.000147080000,  -5.20000,
,,,0.000147120000,  -5.40000,
,,,0.000147160000,  -5.20000,
,,,0.000147200000,  -5.20000,
,,,0.000147240000,  -5.40000,
,,,0.000147280000,  -5.20000,
,,,0.000147320000,  -5.80000,
,,,0.000147360000,  -5.00000,
,,,0.000147400000,  -5.20000,
,,,0.000147440000,  -5.20000,
,,,0.000147480000,  -5.20000,
,,,0.000147520000,  -5.20000,
,,,0.000147560000,  -5.20000,
,,,0.000147600000,  -5.20000,
,,,0.000147640000,  -5.20000,
,,,0.000147680000,  -5.60000,
,,,0.000147720000,  -5.40000,
,,,0.000147760000,  -5.00000,
,,,0.000147800000,  -5.40000,
,,,0.000147840000,  -5.20000,
,,,0.000147880000,  -5.00000,
,,,0.000147920000,  -5.40000,
,,,0.000147960000,  -5.20000,
,,,0.000148000000,  -5.40000,
,,,0.000148040000,  -5.20000,
,,,0.000148080000,  -5.20000,
,,,0.000148120000,  -5.20000,
,,,0.000148160000,  -5.20000,
,,,0.000148200000,  -5.20000,
,,,0.000148240000,  -5.00000,
,,,0.000148280000,  -5.00000,
,,,0.000148320000,  -5.40000,
,,,0.000148360000,  -5.40000,
,,,0.000148400000,  -5.00000,
,,,0.000148440000,  -5.00000,
,,,0.000148480000,  -5.20000,
,,,0.000148520000,  -5.60000,
,,,0.000148560000,  -5.40000,
,,,0.000148600000,  -5.20000,
,,,0.000148640000,  -5.00000,
,,,0.000148680000,  -5.20000,
,,,0.000148720000,  -5.20000,
,,,0.000148760000,  -5.40000,
,,,0.000148800000,  -5.00000,
,,,0.000148840000,  -5.40000,
,,,0.000148880000,  -5.20000,
,,,0.000148920000,  -5.40000,
,,,0.000148960000,  -5.40000,
,,,0.000149000000,  -5.40000,
,,,0.000149040000,  -5.20000,
,,,0.000149080000,  -5.40000,
,,,0.000149120000,  -5.40000,
,,,0.000149160000,  -5.40000,
,,,0.000149200000,  -5.40000,
,,,0.000149240000,  -5.20000,
,,,0.000149280000,  -5.20000,
,,,0.000149320000,  -5.40000,
,,,0.000149360000,  -5.20000,
,,,0.000149400000,  -5.00000,
,,,0.000149440000,  -5.00000,
,,,0.000149480000,  -5.00000,
,,,0.000149520000,  -5.00000,
,,,0.000149560000,  -5.20000,
,,,0.000149600000,  -5.60000,
,,,0.000149640000,  -5.40000,
,,,0.000149680000,  -5.20000,
,,,0.000149720000,  -5.20000,
,,,0.000149760000,  -5.40000,
,,,0.000149800000,  -5.40000,
,,,0.000149840000,  -5.20000,
,,,0.000149880000,  -5.00000,
,,,0.000149920000,  -5.00000,
,,,0.000149960000,  -5.40000,
,,,0.000150000000,  -5.40000,
,,,0.000150040000,  -5.20000,
,,,0.000150080000,  -5.40000,
,,,0.000150120000,  -5.40000,
,,,0.000150160000,  -5.20000,
,,,0.000150200000,  -5.00000,
,,,0.000150240000,  -5.40000,
,,,0.000150280000,  -5.20000,
,,,0.000150320000,  -5.60000,
,,,0.000150360000,  -5.20000,
,,,0.000150400000,  -5.20000,
,,,0.000150440000,  -5.20000,
,,,0.000150480000,  -5.00000,
,,,0.000150520000,  -5.20000,
,,,0.000150560000,  -5.20000,
,,,0.000150600000,  -5.20000,
,,,0.000150640000,  -5.40000,
,,,0.000150680000,  -5.20000,
,,,0.000150720000,  -5.60000,
,,,0.000150760000,  -5.20000,
,,,0.000150800000,  -5.40000,
,,,0.000150840000,  -5.00000,
,,,0.000150880000,  -5.20000,
,,,0.000150920000,  -5.60000,
,,,0.000150960000,  -5.20000,
,,,0.000151000000,  -5.60000,
,,,0.000151040000,  -5.40000,
,,,0.000151080000,  -5.20000,
,,,0.000151120000,  -5.00000,
,,,0.000151160000,  -5.20000,
,,,0.000151200000,  -5.20000,
,,,0.000151240000,  -5.20000,
,,,0.000151280000,  -5.60000,
,,,0.000151320000,  -5.20000,
,,,0.000151360000,  -5.20000,
,,,0.000151400000,  -5.20000,
,,,0.000151440000,  -5.00000,
,,,0.000151480000,  -5.40000,
,,,0.000151520000,  -5.20000,
,,,0.000151560000,  -5.20000,
,,,0.000151600000,  -5.20000,
,,,0.000151640000,  -5.40000,
,,,0.000151680000,  -5.20000,
,,,0.000151720000,  -5.20000,
,,,0.000151760000,  -5.20000,
,,,0.000151800000,  -5.20000,
,,,0.000151840000,  -5.20000,
,,,0.000151880000,  -5.40000,
,,,0.000151920000,  -5.40000,
,,,0.000151960000,  -5.20000,
,,,0.000152000000,  -5.20000,
,,,0.000152040000,  -5.40000,
,,,0.000152080000,  -5.20000,
,,,0.000152120000,  -5.20000,
,,,0.000152160000,  -5.00000,
,,,0.000152200000,  -5.40000,
,,,0.000152240000,  -5.20000,
,,,0.000152280000,  -5.20000,
,,,0.000152320000,  -5.40000,
,,,0.000152360000,  -5.20000,
,,,0.000152400000,  -5.00000,
,,,0.000152440000,  -5.20000,
,,,0.000152480000,  -5.40000,
,,,0.000152520000,  -5.20000,
,,,0.000152560000,  -5.20000,
,,,0.000152600000,  -5.20000,
,,,0.000152640000,  -5.40000,
,,,0.000152680000,  -5.40000,
,,,0.000152720000,  -5.20000,
,,,0.000152760000,  -5.20000,
,,,0.000152800000,  -5.40000,
,,,0.000152840000,  -5.40000,
,,,0.000152880000,  -5.00000,
,,,0.000152920000,  -4.80000,
,,,0.000152960000,  -5.40000,
,,,0.000153000000,  -5.40000,
,,,0.000153040000,  -5.20000,
,,,0.000153080000,  -5.60000,
,,,0.000153120000,  -5.20000,
,,,0.000153160000,  -5.40000,
,,,0.000153200000,  -5.20000,
,,,0.000153240000,  -5.20000,
,,,0.000153280000,  -5.00000,
,,,0.000153320000,  -5.20000,
,,,0.000153360000,  -5.20000,
,,,0.000153400000,  -5.20000,
,,,0.000153440000,  -5.20000,
,,,0.000153480000,  -5.20000,
,,,0.000153520000,  -5.40000,
,,,0.000153560000,  -5.40000,
,,,0.000153600000,  -5.20000,
,,,0.000153640000,  -5.20000,
,,,0.000153680000,  -5.40000,
,,,0.000153720000,  -5.40000,
,,,0.000153760000,  -5.40000,
,,,0.000153800000,  -5.40000,
,,,0.000153840000,  -5.20000,
,,,0.000153880000,  -5.20000,
,,,0.000153920000,  -5.40000,
,,,0.000153960000,  -5.20000,
,,,0.000154000000,  -5.40000,
,,,0.000154040000,  -5.60000,
,,,0.000154080000,  -5.20000,
,,,0.000154120000,  -5.40000,
,,,0.000154160000,  -5.40000,
,,,0.000154200000,  -5.20000,
,,,0.000154240000,  -5.40000,
,,,0.000154280000,  -5.00000,
,,,0.000154320000,  -5.40000,
,,,0.000154360000,  -5.00000,
,,,0.000154400000,  -5.00000,
,,,0.000154440000,  -5.00000,
,,,0.000154480000,  -5.60000,
,,,0.000154520000,  -5.40000,
,,,0.000154560000,  -5.20000,
,,,0.000154600000,  -5.20000,
,,,0.000154640000,  -5.40000,
,,,0.000154680000,  -5.60000,
,,,0.000154720000,  -5.60000,
,,,0.000154760000,  -5.40000,
,,,0.000154800000,  -5.20000,
,,,0.000154840000,  -5.20000,
,,,0.000154880000,  -5.40000,
,,,0.000154920000,  -5.20000,
,,,0.000154960000,  -5.20000,
,,,0.000155000000,  -5.40000,
,,,0.000155040000,  -5.40000,
,,,0.000155080000,  -5.40000,
,,,0.000155120000,  -5.00000,
,,,0.000155160000,  -5.40000,
,,,0.000155200000,  -5.00000,
,,,0.000155240000,  -5.40000,
,,,0.000155280000,  -5.20000,
,,,0.000155320000,  -5.20000,
,,,0.000155360000,  -5.20000,
,,,0.000155400000,  -5.20000,
,,,0.000155440000,  -5.00000,
,,,0.000155480000,  -5.20000,
,,,0.000155520000,  -5.20000,
,,,0.000155560000,  -5.40000,
,,,0.000155600000,  -5.20000,
,,,0.000155640000,  -5.20000,
,,,0.000155680000,  -5.20000,
,,,0.000155720000,  -5.40000,
,,,0.000155760000,  -5.20000,
,,,0.000155800000,  -5.20000,
,,,0.000155840000,  -5.20000,
,,,0.000155880000,  -5.40000,
,,,0.000155920000,  -5.40000,
,,,0.000155960000,  -5.20000,
,,,0.000156000000,  -5.00000,
,,,0.000156040000,  -5.20000,
,,,0.000156080000,  -5.40000,
,,,0.000156120000,  -5.20000,
,,,0.000156160000,  -5.40000,
,,,0.000156200000,  -5.00000,
,,,0.000156240000,  -5.20000,
,,,0.000156280000,  -5.20000,
,,,0.000156320000,  -5.20000,
,,,0.000156360000,  -5.20000,
,,,0.000156400000,  -5.20000,
,,,0.000156440000,  -5.40000,
,,,0.000156480000,  -5.20000,
,,,0.000156520000,  -5.20000,
,,,0.000156560000,  -5.20000,
,,,0.000156600000,  -5.00000,
,,,0.000156640000,  -5.40000,
,,,0.000156680000,  -5.20000,
,,,0.000156720000,  -5.20000,
,,,0.000156760000,  -5.20000,
,,,0.000156800000,  -5.20000,
,,,0.000156840000,  -5.20000,
,,,0.000156880000,  -5.40000,
,,,0.000156920000,  -5.20000,
,,,0.000156960000,  -5.40000,
,,,0.000157000000,  -5.20000,
,,,0.000157040000,  -5.40000,
,,,0.000157080000,  -5.20000,
,,,0.000157120000,  -5.60000,
,,,0.000157160000,  -5.40000,
,,,0.000157200000,  -5.00000,
,,,0.000157240000,  -5.20000,
,,,0.000157280000,  -5.20000,
,,,0.000157320000,  -5.20000,
,,,0.000157360000,  -5.20000,
,,,0.000157400000,  -5.00000,
,,,0.000157440000,  -5.20000,
,,,0.000157480000,  -5.20000,
,,,0.000157520000,  -5.40000,
,,,0.000157560000,  -5.20000,
,,,0.000157600000,  -5.40000,
,,,0.000157640000,  -5.40000,
,,,0.000157680000,  -5.20000,
,,,0.000157720000,  -5.60000,
,,,0.000157760000,  -5.40000,
,,,0.000157800000,  -5.20000,
,,,0.000157840000,  -5.00000,
,,,0.000157880000,  -5.20000,
,,,0.000157920000,  -5.00000,
,,,0.000157960000,  -5.20000,
,,,0.000158000000,  -5.20000,
,,,0.000158040000,  -5.60000,
,,,0.000158080000,  -5.20000,
,,,0.000158120000,  -5.00000,
,,,0.000158160000,  -5.40000,
,,,0.000158200000,  -5.20000,
,,,0.000158240000,  -5.40000,
,,,0.000158280000,  -5.00000,
,,,0.000158320000,  -5.60000,
,,,0.000158360000,  -5.00000,
,,,0.000158400000,  -5.20000,
,,,0.000158440000,  -5.40000,
,,,0.000158480000,  -5.20000,
,,,0.000158520000,  -5.40000,
,,,0.000158560000,  -5.20000,
,,,0.000158600000,  -5.20000,
,,,0.000158640000,  -5.40000,
,,,0.000158680000,  -5.20000,
,,,0.000158720000,  -5.20000,
,,,0.000158760000,  -5.20000,
,,,0.000158800000,  -5.20000,
,,,0.000158840000,  -5.60000,
,,,0.000158880000,  -5.20000,
,,,0.000158920000,  -5.40000,
,,,0.000158960000,  -5.40000,
,,,0.000159000000,  -5.20000,
,,,0.000159040000,  -5.20000,
,,,0.000159080000,  -5.40000,
,,,0.000159120000,  -5.20000,
,,,0.000159160000,  -5.20000,
,,,0.000159200000,  -5.40000,
,,,0.000159240000,  -5.40000,
,,,0.000159280000,  -5.00000,
,,,0.000159320000,  -5.40000,
,,,0.000159360000,  -5.00000,
,,,0.000159400000,  -5.20000,
,,,0.000159440000,  -5.40000,
,,,0.000159480000,  -5.40000,
,,,0.000159520000,  -5.20000,
,,,0.000159560000,  -5.20000,
,,,0.000159600000,  -5.20000,
,,,0.000159640000,  -5.20000,
,,,0.000159680000,  -5.20000,
,,,0.000159720000,  -5.20000,
,,,0.000159760000,  -5.20000,
,,,0.000159800000,  -5.60000,
,,,0.000159840000,  -5.00000,
,,,0.000159880000,  -5.40000,
,,,0.000159920000,  -5.00000,
,,,0.000159960000,  -5.00000,
,,,0.000160000000,  -5.40000,
,,,0.000160040000,  -5.40000,
,,,0.000160080000,  -5.20000,
,,,0.000160120000,  -5.40000,
,,,0.000160160000,  -5.20000,
,,,0.000160200000,  -5.00000,
,,,0.000160240000,  -5.00000,
,,,0.000160280000,  -5.40000,
,,,0.000160320000,  -5.00000,
,,,0.000160360000,  -5.40000,
,,,0.000160400000,  -5.20000,
,,,0.000160440000,  -5.20000,
,,,0.000160480000,  -5.20000,
,,,0.000160520000,  -5.00000,
,,,0.000160560000,  -5.20000,
,,,0.000160600000,  -5.00000,
,,,0.000160640000,  -5.20000,
,,,0.000160680000,  -5.20000,
,,,0.000160720000,  -5.20000,
,,,0.000160760000,  -5.40000,
,,,0.000160800000,  -5.20000,
,,,0.000160840000,  -5.00000,
,,,0.000160880000,  -5.20000,
,,,0.000160920000,  -5.20000,
,,,0.000160960000,  -5.00000,
,,,0.000161000000,  -5.40000,
,,,0.000161040000,  -5.00000,
,,,0.000161080000,  -5.20000,
,,,0.000161120000,  -5.40000,
,,,0.000161160000,  -4.80000,
,,,0.000161200000,  -5.40000,
,,,0.000161240000,  -5.20000,
,,,0.000161280000,  -5.20000,
,,,0.000161320000,  -5.40000,
,,,0.000161360000,  -5.20000,
,,,0.000161400000,  -5.20000,
,,,0.000161440000,  -5.40000,
,,,0.000161480000,  -5.20000,
,,,0.000161520000,  -5.20000,
,,,0.000161560000,  -5.40000,
,,,0.000161600000,  -5.20000,
,,,0.000161640000,  -5.60000,
,,,0.000161680000,  -5.20000,
,,,0.000161720000,  -5.40000,
,,,0.000161760000,  -5.20000,
,,,0.000161800000,  -5.20000,
,,,0.000161840000,  -5.40000,
,,,0.000161880000,  -5.40000,
,,,0.000161920000,  -5.40000,
,,,0.000161960000,  -5.40000,
,,,0.000162000000,  -5.40000,
,,,0.000162040000,  -5.20000,
,,,0.000162080000,  -5.20000,
,,,0.000162120000,  -5.40000,
,,,0.000162160000,  -5.00000,
,,,0.000162200000,  -5.00000,
,,,0.000162240000,  -5.00000,
,,,0.000162280000,  -5.20000,
,,,0.000162320000,  -5.20000,
,,,0.000162360000,  -5.60000,
,,,0.000162400000,  -5.40000,
,,,0.000162440000,  -5.40000,
,,,0.000162480000,  -5.20000,
,,,0.000162520000,  -5.00000,
,,,0.000162560000,  -5.40000,
,,,0.000162600000,  -5.60000,
,,,0.000162640000,  -5.40000,
,,,0.000162680000,  -5.00000,
,,,0.000162720000,  -5.40000,
,,,0.000162760000,  -5.20000,
,,,0.000162800000,  -5.00000,
,,,0.000162840000,  -5.20000,
,,,0.000162880000,  -5.00000,
,,,0.000162920000,  -5.20000,
,,,0.000162960000,  -5.40000,
,,,0.000163000000,  -5.00000,
,,,0.000163040000,  -5.20000,
,,,0.000163080000,  -5.20000,
,,,0.000163120000,  -5.00000,
,,,0.000163160000,  -5.60000,
,,,0.000163200000,  -5.20000,
,,,0.000163240000,  -5.20000,
,,,0.000163280000,  -5.20000,
,,,0.000163320000,  -5.00000,
,,,0.000163360000,  -5.20000,
,,,0.000163400000,  -5.40000,
,,,0.000163440000,  -5.20000,
,,,0.000163480000,  -5.00000,
,,,0.000163520000,  -5.40000,
,,,0.000163560000,  -5.40000,
,,,0.000163600000,  -5.00000,
,,,0.000163640000,  -5.20000,
,,,0.000163680000,  -5.20000,
,,,0.000163720000,  -5.20000,
,,,0.000163760000,  -5.40000,
,,,0.000163800000,  -5.40000,
,,,0.000163840000,  -5.20000,
,,,0.000163880000,  -5.20000,
,,,0.000163920000,  -5.20000,
,,,0.000163960000,  -5.20000,
,,,0.000164000000,  -5.20000,
,,,0.000164040000,  -5.20000,
,,,0.000164080000,  -5.20000,
,,,0.000164120000,  -5.40000,
,,,0.000164160000,  -5.20000,
,,,0.000164200000,  -5.20000,
,,,0.000164240000,  -5.20000,
,,,0.000164280000,  -4.80000,
,,,0.000164320000,  -5.20000,
,,,0.000164360000,  -5.40000,
,,,0.000164400000,  -5.00000,
,,,0.000164440000,  -5.40000,
,,,0.000164480000,  -5.00000,
,,,0.000164520000,  -5.40000,
,,,0.000164560000,  -5.20000,
,,,0.000164600000,  -5.00000,
,,,0.000164640000,  -5.00000,
,,,0.000164680000,  -5.40000,
,,,0.000164720000,  -5.20000,
,,,0.000164760000,  -5.40000,
,,,0.000164800000,  -5.20000,
,,,0.000164840000,  -5.00000,
,,,0.000164880000,  -5.20000,
,,,0.000164920000,  -5.60000,
,,,0.000164960000,  -5.40000,
,,,0.000165000000,  -5.20000,
,,,0.000165040000,  -5.40000,
,,,0.000165080000,  -5.20000,
,,,0.000165120000,  -5.20000,
,,,0.000165160000,  -5.20000,
,,,0.000165200000,  -5.20000,
,,,0.000165240000,  -5.20000,
,,,0.000165280000,  -5.20000,
,,,0.000165320000,  -5.20000,
,,,0.000165360000,  -5.20000,
,,,0.000165400000,  -5.20000,
,,,0.000165440000,  -5.40000,
,,,0.000165480000,  -5.20000,
,,,0.000165520000,  -5.20000,
,,,0.000165560000,  -5.20000,
,,,0.000165600000,  -5.40000,
,,,0.000165640000,  -5.20000,
,,,0.000165680000,  -5.20000,
,,,0.000165720000,  -5.20000,
,,,0.000165760000,  -5.40000,
,,,0.000165800000,  -5.60000,
,,,0.000165840000,  -5.20000,
,,,0.000165880000,  -5.40000,
,,,0.000165920000,  -5.20000,
,,,0.000165960000,  -5.40000,
,,,0.000166000000,  -5.20000,
,,,0.000166040000,  -5.40000,
,,,0.000166080000,  -5.20000,
,,,0.000166120000,  -5.00000,
,,,0.000166160000,  -5.40000,
,,,0.000166200000,  -5.00000,
,,,0.000166240000,  -5.40000,
,,,0.000166280000,  -5.40000,
,,,0.000166320000,  -5.40000,
,,,0.000166360000,  -5.00000,
,,,0.000166400000,  -5.20000,
,,,0.000166440000,  -5.20000,
,,,0.000166480000,  -5.00000,
,,,0.000166520000,  -5.20000,
,,,0.000166560000,  -5.20000,
,,,0.000166600000,  -5.60000,
,,,0.000166640000,  -5.20000,
,,,0.000166680000,  -5.40000,
,,,0.000166720000,  -5.20000,
,,,0.000166760000,  -5.20000,
,,,0.000166800000,  -5.20000,
,,,0.000166840000,  -5.20000,
,,,0.000166880000,  -5.40000,
,,,0.000166920000,  -5.20000,
,,,0.000166960000,  -5.00000,
,,,0.000167000000,  -5.20000,
,,,0.000167040000,  -5.40000,
,,,0.000167080000,  -5.20000,
,,,0.000167120000,  -5.60000,
,,,0.000167160000,  -5.40000,
,,,0.000167200000,  -5.20000,
,,,0.000167240000,  -5.20000,
,,,0.000167280000,  -5.00000,
,,,0.000167320000,  -5.40000,
,,,0.000167360000,  -5.20000,
,,,0.000167400000,  -5.20000,
,,,0.000167440000,  -5.00000,
,,,0.000167480000,  -5.20000,
,,,0.000167520000,  -5.20000,
,,,0.000167560000,  -5.20000,
,,,0.000167600000,  -5.40000,
,,,0.000167640000,  -5.20000,
,,,0.000167680000,  -5.00000,
,,,0.000167720000,  -5.40000,
,,,0.000167760000,  -5.40000,
,,,0.000167800000,  -5.60000,
,,,0.000167840000,  -5.20000,
,,,0.000167880000,  -5.20000,
,,,0.000167920000,  -5.20000,
,,,0.000167960000,  -5.40000,
,,,0.000168000000,  -5.20000,
,,,0.000168040000,  -5.40000,
,,,0.000168080000,  -5.40000,
,,,0.000168120000,  -5.20000,
,,,0.000168160000,  -5.20000,
,,,0.000168200000,  -5.20000,
,,,0.000168240000,  -5.00000,
,,,0.000168280000,  -5.20000,
,,,0.000168320000,  -5.20000,
,,,0.000168360000,  -5.20000,
,,,0.000168400000,  -5.00000,
,,,0.000168440000,  -5.00000,
,,,0.000168480000,  -4.80000,
,,,0.000168520000,  -5.40000,
,,,0.000168560000,  -5.20000,
,,,0.000168600000,  -5.40000,
,,,0.000168640000,  -5.40000,
,,,0.000168680000,  -5.40000,
,,,0.000168720000,  -5.00000,
,,,0.000168760000,  -5.20000,
,,,0.000168800000,  -5.40000,
,,,0.000168840000,  -5.20000,
,,,0.000168880000,  -5.00000,
,,,0.000168920000,  -5.40000,
,,,0.000168960000,  -5.00000,
,,,0.000169000000,  -5.20000,
,,,0.000169040000,  -5.00000,
,,,0.000169080000,  -5.00000,
,,,0.000169120000,  -5.60000,
,,,0.000169160000,  -5.20000,
,,,0.000169200000,  -5.00000,
,,,0.000169240000,  -5.40000,
,,,0.000169280000,  -5.40000,
,,,0.000169320000,  -5.40000,
,,,0.000169360000,  -5.40000,
,,,0.000169400000,  -5.60000,
,,,0.000169440000,  -5.20000,
,,,0.000169480000,  -5.20000,
,,,0.000169520000,  -5.20000,
,,,0.000169560000,  -5.20000,
,,,0.000169600000,  -5.20000,
,,,0.000169640000,  -5.20000,
,,,0.000169680000,  -5.20000,
,,,0.000169720000,  -5.00000,
,,,0.000169760000,  -5.40000,
,,,0.000169800000,  -5.20000,
,,,0.000169840000,  -5.40000,
,,,0.000169880000,  -5.40000,
,,,0.000169920000,  -5.20000,
,,,0.000169960000,  -5.40000,
,,,0.000170000000,  -5.00000,
,,,0.000170040000,  -5.00000,
,,,0.000170080000,  -5.20000,
,,,0.000170120000,  -5.40000,
,,,0.000170160000,  -5.40000,
,,,0.000170200000,  -5.60000,
,,,0.000170240000,  -5.20000,
,,,0.000170280000,  -5.20000,
,,,0.000170320000,  -5.00000,
,,,0.000170360000,  -5.20000,
,,,0.000170400000,  -5.20000,
,,,0.000170440000,  -5.00000,
,,,0.000170480000,  -5.40000,
,,,0.000170520000,  -5.40000,
,,,0.000170560000,  -5.40000,
,,,0.000170600000,  -5.00000,
,,,0.000170640000,  -5.20000,
,,,0.000170680000,  -5.40000,
,,,0.000170720000,  -5.40000,
,,,0.000170760000,  -5.20000,
,,,0.000170800000,  -5.20000,
,,,0.000170840000,  -5.00000,
,,,0.000170880000,  -5.40000,
,,,0.000170920000,  -5.00000,
,,,0.000170960000,  -5.00000,
,,,0.000171000000,  -5.40000,
,,,0.000171040000,  -5.60000,
,,,0.000171080000,  -5.40000,
,,,0.000171120000,  -5.00000,
,,,0.000171160000,  -5.20000,
,,,0.000171200000,  -5.20000,
,,,0.000171240000,  -5.20000,
,,,0.000171280000,  -5.40000,
,,,0.000171320000,  -5.20000,
,,,0.000171360000,  -5.00000,
,,,0.000171400000,  -5.00000,
,,,0.000171440000,  -5.20000,
,,,0.000171480000,  -4.80000,
,,,0.000171520000,  -5.20000,
,,,0.000171560000,  -5.60000,
,,,0.000171600000,  -5.20000,
,,,0.000171640000,  -5.20000,
,,,0.000171680000,  -5.60000,
,,,0.000171720000,  -5.20000,
,,,0.000171760000,  -5.40000,
,,,0.000171800000,  -5.40000,
,,,0.000171840000,  -5.00000,
,,,0.000171880000,  -5.40000,
,,,0.000171920000,  -5.20000,
,,,0.000171960000,  -5.20000,
,,,0.000172000000,  -5.20000,
,,,0.000172040000,  -5.40000,
,,,0.000172080000,  -5.00000,
,,,0.000172120000,  -5.40000,
,,,0.000172160000,  -5.20000,
,,,0.000172200000,  -5.20000,
,,,0.000172240000,  -5.40000,
,,,0.000172280000,  -5.60000,
,,,0.000172320000,  -5.20000,
,,,0.000172360000,  -5.00000,
,,,0.000172400000,  -5.00000,
,,,0.000172440000,  -5.40000,
,,,0.000172480000,  -5.40000,
,,,0.000172520000,  -5.20000,
,,,0.000172560000,  -5.00000,
,,,0.000172600000,  -5.40000,
,,,0.000172640000,  -5.00000,
,,,0.000172680000,  -5.40000,
,,,0.000172720000,  -5.20000,
,,,0.000172760000,  -5.20000,
,,,0.000172800000,  -5.20000,
,,,0.000172840000,  -5.00000,
,,,0.000172880000,  -5.40000,
,,,0.000172920000,  -5.20000,
,,,0.000172960000,  -5.40000,
,,,0.000173000000,  -5.20000,
,,,0.000173040000,  -5.20000,
,,,0.000173080000,  -5.20000,
,,,0.000173120000,  -5.20000,
,,,0.000173160000,  -5.20000,
,,,0.000173200000,  -5.40000,
,,,0.000173240000,  -5.00000,
,,,0.000173280000,  -5.20000,
,,,0.000173320000,  -5.40000,
,,,0.000173360000,  -5.80000,
,,,0.000173400000,  -5.40000,
,,,0.000173440000,  -5.00000,
,,,0.000173480000,  -5.20000,
,,,0.000173520000,  -5.40000,
,,,0.000173560000,  -5.40000,
,,,0.000173600000,  -5.20000,
,,,0.000173640000,  -5.20000,
,,,0.000173680000,  -5.20000,
,,,0.000173720000,  -5.60000,
,,,0.000173760000,  -5.40000,
,,,0.000173800000,  -5.20000,
,,,0.000173840000,  -5.00000,
,,,0.000173880000,  -5.20000,
,,,0.000173920000,  -5.00000,
,,,0.000173960000,  -5.20000,
,,,0.000174000000,  -5.40000,
,,,0.000174040000,  -5.40000,
,,,0.000174080000,  -5.40000,
,,,0.000174120000,  -5.20000,
,,,0.000174160000,  -5.40000,
,,,0.000174200000,  -5.20000,
,,,0.000174240000,  -5.20000,
,,,0.000174280000,  -5.20000,
,,,0.000174320000,  -5.40000,
,,,0.000174360000,  -5.20000,
,,,0.000174400000,  -5.20000,
,,,0.000174440000,  -5.40000,
,,,0.000174480000,  -5.40000,
,,,0.000174520000,  -5.20000,
,,,0.000174560000,  -5.40000,
,,,0.000174600000,  -5.40000,
,,,0.000174640000,  -5.20000,
,,,0.000174680000,  -5.20000,
,,,0.000174720000,  -5.20000,
,,,0.000174760000,  -5.40000,
,,,0.000174800000,  -5.40000,
,,,0.000174840000,  -5.40000,
,,,0.000174880000,  -5.20000,
,,,0.000174920000,  -5.20000,
,,,0.000174960000,  -5.00000,
,,,0.000175000000,  -5.20000,
,,,0.000175040000,  -5.40000,
,,,0.000175080000,  -5.00000,
,,,0.000175120000,  -4.80000,
,,,0.000175160000,  -5.00000,
,,,0.000175200000,  -5.20000,
,,,0.000175240000,  -5.20000,
,,,0.000175280000,  -5.00000,
,,,0.000175320000,  -5.00000,
,,,0.000175360000,  -5.20000,
,,,0.000175400000,  -5.20000,
,,,0.000175440000,  -5.20000,
,,,0.000175480000,  -5.40000,
,,,0.000175520000,  -5.20000,
,,,0.000175560000,  -5.20000,
,,,0.000175600000,  -5.00000,
,,,0.000175640000,  -5.20000,
,,,0.000175680000,  -5.40000,
,,,0.000175720000,  -5.40000,
,,,0.000175760000,  -5.40000,
,,,0.000175800000,  -5.40000,
,,,0.000175840000,  -5.20000,
,,,0.000175880000,  -5.20000,
,,,0.000175920000,  -5.20000,
,,,0.000175960000,  -5.60000,
,,,0.000176000000,  -5.40000,
,,,0.000176040000,  -5.00000,
,,,0.000176080000,  -5.40000,
,,,0.000176120000,  -5.00000,
,,,0.000176160000,  -5.00000,
,,,0.000176200000,  -5.20000,
,,,0.000176240000,  -5.40000,
,,,0.000176280000,  -5.20000,
,,,0.000176320000,  -5.00000,
,,,0.000176360000,  -5.00000,
,,,0.000176400000,  -5.00000,
,,,0.000176440000,  -5.40000,
,,,0.000176480000,  -5.20000,
,,,0.000176520000,  -5.20000,
,,,0.000176560000,  -5.00000,
,,,0.000176600000,  -5.00000,
,,,0.000176640000,  -5.20000,
,,,0.000176680000,  -5.20000,
,,,0.000176720000,  -5.20000,
,,,0.000176760000,  -5.00000,
,,,0.000176800000,  -5.00000,
,,,0.000176840000,  -5.60000,
,,,0.000176880000,  -5.40000,
,,,0.000176920000,  -5.40000,
,,,0.000176960000,  -5.00000,
,,,0.000177000000,  -5.20000,
,,,0.000177040000,  -5.20000,
,,,0.000177080000,  -5.20000,
,,,0.000177120000,  -5.20000,
,,,0.000177160000,  -5.20000,
,,,0.000177200000,  -5.20000,
,,,0.000177240000,  -5.20000,
,,,0.000177280000,  -5.20000,
,,,0.000177320000,  -5.40000,
,,,0.000177360000,  -5.40000,
,,,0.000177400000,  -5.00000,
,,,0.000177440000,  -5.20000,
,,,0.000177480000,  -5.40000,
,,,0.000177520000,  -5.20000,
,,,0.000177560000,  -5.40000,
,,,0.000177600000,  -5.20000,
,,,0.000177640000,  -5.00000,
,,,0.000177680000,  -5.00000,
,,,0.000177720000,  -5.20000,
,,,0.000177760000,  -5.00000,
,,,0.000177800000,  -5.60000,
,,,0.000177840000,  -5.60000,
,,,0.000177880000,  -5.40000,
,,,0.000177920000,  -5.40000,
,,,0.000177960000,  -5.40000,
,,,0.000178000000,  -5.20000,
,,,0.000178040000,  -5.40000,
,,,0.000178080000,  -5.40000,
,,,0.000178120000,  -5.20000,
,,,0.000178160000,  -5.60000,
,,,0.000178200000,  -5.00000,
,,,0.000178240000,  -5.20000,
,,,0.000178280000,  -5.60000,
,,,0.000178320000,  -5.40000,
,,,0.000178360000,  -5.00000,
,,,0.000178400000,  -5.40000,
,,,0.000178440000,  -5.40000,
,,,0.000178480000,  -5.40000,
,,,0.000178520000,  -5.00000,
,,,0.000178560000,  -5.20000,
,,,0.000178600000,  -5.60000,
,,,0.000178640000,  -5.20000,
,,,0.000178680000,  -5.20000,
,,,0.000178720000,  -5.00000,
,,,0.000178760000,  -5.00000,
,,,0.000178800000,  -5.20000,
,,,0.000178840000,  -5.00000,
,,,0.000178880000,  -5.00000,
,,,0.000178920000,  -5.00000,
,,,0.000178960000,  -5.20000,
,,,0.000179000000,  -5.20000,
,,,0.000179040000,  -5.00000,
,,,0.000179080000,  -5.20000,
,,,0.000179120000,  -5.00000,
,,,0.000179160000,  -5.40000,
,,,0.000179200000,  -5.00000,
,,,0.000179240000,  -5.20000,
,,,0.000179280000,  -5.20000,
,,,0.000179320000,  -5.40000,
,,,0.000179360000,  -5.20000,
,,,0.000179400000,  -5.20000,
,,,0.000179440000,  -5.00000,
,,,0.000179480000,  -5.40000,
,,,0.000179520000,  -5.20000,
,,,0.000179560000,  -5.20000,
,,,0.000179600000,  -5.20000,
,,,0.000179640000,  -5.40000,
,,,0.000179680000,  -5.60000,
,,,0.000179720000,  -5.00000,
,,,0.000179760000,  -5.20000,
,,,0.000179800000,  -5.20000,
,,,0.000179840000,  -5.20000,
,,,0.000179880000,  -5.40000,
,,,0.000179920000,  -5.20000,
,,,0.000179960000,  -5.20000,
,,,0.000180000000,  -5.40000,
,,,0.000180040000,  -5.40000,
,,,0.000180080000,  -5.60000,
,,,0.000180120000,  -5.00000,
,,,0.000180160000,  -5.40000,
,,,0.000180200000,  -5.00000,
,,,0.000180240000,  -5.40000,
,,,0.000180280000,  -5.40000,
,,,0.000180320000,  -5.20000,
,,,0.000180360000,  -5.20000,
,,,0.000180400000,  -5.40000,
,,,0.000180440000,  -5.20000,
,,,0.000180480000,  -5.20000,
,,,0.000180520000,  -5.20000,
,,,0.000180560000,  -5.20000,
,,,0.000180600000,  -5.40000,
,,,0.000180640000,  -5.20000,
,,,0.000180680000,  -5.00000,
,,,0.000180720000,  -5.20000,
,,,0.000180760000,  -5.20000,
,,,0.000180800000,  -5.40000,
,,,0.000180840000,  -5.40000,
,,,0.000180880000,  -5.20000,
,,,0.000180920000,  -5.00000,
,,,0.000180960000,  -5.00000,
,,,0.000181000000,  -5.20000,
,,,0.000181040000,  -5.20000,
,,,0.000181080000,  -5.20000,
,,,0.000181120000,  -5.20000,
,,,0.000181160000,  -5.40000,
,,,0.000181200000,  -5.20000,
,,,0.000181240000,  -5.40000,
,,,0.000181280000,  -5.20000,
,,,0.000181320000,  -5.20000,
,,,0.000181360000,  -5.00000,
,,,0.000181400000,  -5.20000,
,,,0.000181440000,  -5.20000,
,,,0.000181480000,  -5.40000,
,,,0.000181520000,  -5.20000,
,,,0.000181560000,  -5.20000,
,,,0.000181600000,  -5.20000,
,,,0.000181640000,  -5.00000,
,,,0.000181680000,  -5.00000,
,,,0.000181720000,  -5.00000,
,,,0.000181760000,  -5.40000,
,,,0.000181800000,  -5.40000,
,,,0.000181840000,  -5.40000,
,,,0.000181880000,  -5.20000,
,,,0.000181920000,  -5.20000,
,,,0.000181960000,  -5.20000,
,,,0.000182000000,  -5.40000,
,,,0.000182040000,  -5.20000,
,,,0.000182080000,  -5.20000,
,,,0.000182120000,  -5.20000,
,,,0.000182160000,  -5.20000,
,,,0.000182200000,  -5.40000,
,,,0.000182240000,  -5.20000,
,,,0.000182280000,  -5.40000,
,,,0.000182320000,  -5.20000,
,,,0.000182360000,  -5.20000,
,,,0.000182400000,  -5.20000,
,,,0.000182440000,  -5.40000,
,,,0.000182480000,  -5.00000,
,,,0.000182520000,  -5.40000,
,,,0.000182560000,  -5.40000,
,,,0.000182600000,  -5.20000,
,,,0.000182640000,  -5.00000,
,,,0.000182680000,  -5.40000,
,,,0.000182720000,  -5.00000,
,,,0.000182760000,  -5.20000,
,,,0.000182800000,  -5.00000,
,,,0.000182840000,  -5.00000,
,,,0.000182880000,  -5.20000,
,,,0.000182920000,  -5.40000,
,,,0.000182960000,  -5.20000,
,,,0.000183000000,  -5.20000,
,,,0.000183040000,  -5.00000,
,,,0.000183080000,  -5.20000,
,,,0.000183120000,  -4.80000,
,,,0.000183160000,  -5.40000,
,,,0.000183200000,  -5.20000,
,,,0.000183240000,  -5.20000,
,,,0.000183280000,  -5.20000,
,,,0.000183320000,  -5.40000,
,,,0.000183360000,  -5.20000,
,,,0.000183400000,  -5.00000,
,,,0.000183440000,  -5.40000,
,,,0.000183480000,  -5.00000,
,,,0.000183520000,  -5.00000,
,,,0.000183560000,  -5.20000,
,,,0.000183600000,  -5.20000,
,,,0.000183640000,  -5.20000,
,,,0.000183680000,  -5.20000,
,,,0.000183720000,  -5.20000,
,,,0.000183760000,  -5.20000,
,,,0.000183800000,  -5.20000,
,,,0.000183840000,  -5.20000,
,,,0.000183880000,  -5.20000,
,,,0.000183920000,  -5.20000,
,,,0.000183960000,  -5.00000,
,,,0.000184000000,  -5.40000,
,,,0.000184040000,  -5.00000,
,,,0.000184080000,  -5.20000,
,,,0.000184120000,  -5.40000,
,,,0.000184160000,  -5.40000,
,,,0.000184200000,  -5.20000,
,,,0.000184240000,  -5.00000,
,,,0.000184280000,  -5.40000,
,,,0.000184320000,  -5.00000,
,,,0.000184360000,  -5.00000,
,,,0.000184400000,  -5.20000,
,,,0.000184440000,  -5.20000,
,,,0.000184480000,  -5.20000,
,,,0.000184520000,  -5.40000,
,,,0.000184560000,  -5.20000,
,,,0.000184600000,  -5.20000,
,,,0.000184640000,  -5.20000,
,,,0.000184680000,  -5.00000,
,,,0.000184720000,  -5.40000,
,,,0.000184760000,  -5.20000,
,,,0.000184800000,  -5.20000,
,,,0.000184840000,  -5.40000,
,,,0.000184880000,  -5.00000,
,,,0.000184920000,  -4.80000,
,,,0.000184960000,  -5.40000,
,,,0.000185000000,  -5.20000,
,,,0.000185040000,  -5.20000,
,,,0.000185080000,  -5.40000,
,,,0.000185120000,  -4.80000,
,,,0.000185160000,  -5.20000,
,,,0.000185200000,  -5.00000,
,,,0.000185240000,  -5.40000,
,,,0.000185280000,  -5.40000,
,,,0.000185320000,  -5.20000,
,,,0.000185360000,  -5.00000,
,,,0.000185400000,  -5.00000,
,,,0.000185440000,  -5.40000,
,,,0.000185480000,  -5.20000,
,,,0.000185520000,  -5.40000,
,,,0.000185560000,  -5.00000,
,,,0.000185600000,  -5.40000,
,,,0.000185640000,  -5.00000,
,,,0.000185680000,  -5.20000,
,,,0.000185720000,  -5.40000,
,,,0.000185760000,  -5.20000,
,,,0.000185800000,  -5.00000,
,,,0.000185840000,  -5.00000,
,,,0.000185880000,  -5.40000,
,,,0.000185920000,  -5.20000,
,,,0.000185960000,  -5.40000,
,,,0.000186000000,  -5.40000,
,,,0.000186040000,  -5.20000,
,,,0.000186080000,  -5.20000,
,,,0.000186120000,  -5.20000,
,,,0.000186160000,  -5.20000,
,,,0.000186200000,  -5.20000,
,,,0.000186240000,  -5.20000,
,,,0.000186280000,  -5.20000,
,,,0.000186320000,  -5.40000,
,,,0.000186360000,  -5.20000,
,,,0.000186400000,  -5.60000,
,,,0.000186440000,  -5.00000,
,,,0.000186480000,  -5.20000,
,,,0.000186520000,  -5.40000,
,,,0.000186560000,  -5.40000,
,,,0.000186600000,  -5.20000,
,,,0.000186640000,  -5.20000,
,,,0.000186680000,  -5.40000,
,,,0.000186720000,  -5.20000,
,,,0.000186760000,  -5.00000,
,,,0.000186800000,  -5.00000,
,,,0.000186840000,  -5.20000,
,,,0.000186880000,  -5.40000,
,,,0.000186920000,  -5.40000,
,,,0.000186960000,  -5.20000,
,,,0.000187000000,  -5.00000,
,,,0.000187040000,  -5.00000,
,,,0.000187080000,  -5.20000,
,,,0.000187120000,  -5.20000,
,,,0.000187160000,  -5.20000,
,,,0.000187200000,  -5.20000,
,,,0.000187240000,  -5.00000,
,,,0.000187280000,  -5.20000,
,,,0.000187320000,  -5.40000,
,,,0.000187360000,  -5.00000,
,,,0.000187400000,  -5.40000,
,,,0.000187440000,  -5.00000,
,,,0.000187480000,  -5.20000,
,,,0.000187520000,  -5.40000,
,,,0.000187560000,  -5.20000,
,,,0.000187600000,  -5.40000,
,,,0.000187640000,  -5.20000,
,,,0.000187680000,  -5.20000,
,,,0.000187720000,  -5.20000,
,,,0.000187760000,  -5.00000,
,,,0.000187800000,  -5.20000,
,,,0.000187840000,  -5.40000,
,,,0.000187880000,  -5.00000,
,,,0.000187920000,  -5.20000,
,,,0.000187960000,  -5.20000,
,,,0.000188000000,  -5.20000,
,,,0.000188040000,  -5.20000,
,,,0.000188080000,  -5.20000,
,,,0.000188120000,  -5.40000,
,,,0.000188160000,  -5.20000,
,,,0.000188200000,  -5.20000,
,,,0.000188240000,  -5.00000,
,,,0.000188280000,  -4.80000,
,,,0.000188320000,  -5.40000,
,,,0.000188360000,  -5.00000,
,,,0.000188400000,  -5.20000,
,,,0.000188440000,  -5.20000,
,,,0.000188480000,  -5.40000,
,,,0.000188520000,  -5.20000,
,,,0.000188560000,  -5.40000,
,,,0.000188600000,  -5.40000,
,,,0.000188640000,  -5.20000,
,,,0.000188680000,  -5.20000,
,,,0.000188720000,  -5.20000,
,,,0.000188760000,  -5.40000,
