Record Length,2.500000e+03,,  -0.000000176000,  -5.40000,
Sample Interval,2.000000e-10,,  -0.000000175800,  -5.20000,
Trigger Point,8.800000000000e+02,,  -0.000000175600,  -5.20000,
,,,  -0.000000175400,  -5.20000,
,,,  -0.000000175200,  -5.20000,
,,,  -0.000000175000,  -5.20000,
Source,MATH,,  -0.000000174800,  -5.20000,
Vertical Units,V,,  -0.000000174600,  -5.20000,
Vertical Scale,5.000000e+00,,  -0.000000174400,  -5.20000,
Vertical Offset,0.000000e+00,,  -0.000000174200,  -5.20000,
Horizontal Units,s,,  -0.000000174000,  -5.20000,
Horizontal Scale,5.000000e-08,,  -0.000000173800,  -5.20000,
Pt Fmt,Y,,  -0.000000173600,  -5.20000,
Yzero,0.000000e+00,,  -0.000000173400,  -5.20000,
Probe Atten,1.000000e+00,,  -0.000000173200,  -5.20000,
Model Number,TDS2004C,,  -0.000000173000,  -5.20000,
Serial Number,C012246,,  -0.000000172800,  -5.00000,
Firmware Version,FV:v24.18,,  -0.000000172600,  -5.00000,
,,,-00.000000172400,  -5.00000,
,,,-00.000000172200,  -5.00000,
,,,-00.000000172000,  -5.00000,
,,,-00.000000171800,  -5.00000,
,,,-00.000000171600,  -5.20000,
,,,-00.000000171400,  -5.20000,
,,,-00.000000171200,  -5.20000,
,,,-00.000000171000,  -5.20000,
,,,-00.000000170800,  -5.40000,
,,,-00.000000170600,  -5.20000,
,,,-00.000000170400,  -5.20000,
,,,-00.000000170200,  -5.20000,
,,,-00.000000170000,  -5.20000,
,,,-00.000000169800,  -5.00000,
,,,-00.000000169600,  -5.00000,
,,,-00.000000169400,  -5.00000,
,,,-00.000000169200,  -5.00000,
,,,-00.000000169000,  -5.00000,
,,,-00.000000168800,  -5.20000,
,,,-00.000000168600,  -5.40000,
,,,-00.000000168400,  -5.40000,
,,,-00.000000168200,  -5.60000,
,,,-00.000000168000,  -5.60000,
,,,-00.000000167800,  -5.60000,
,,,-00.000000167600,  -5.60000,
,,,-00.000000167400,  -5.60000,
,,,-00.000000167200,  -5.60000,
,,,-00.000000167000,  -5.60000,
,,,-00.000000166800,  -5.40000,
,,,-00.000000166600,  -5.40000,
,,,-00.000000166400,  -5.40000,
,,,-00.000000166200,  -5.40000,
,,,-00.000000166000,  -5.40000,
,,,-00.000000165800,  -5.20000,
,,,-00.000000165600,  -5.20000,
,,,-00.000000165400,  -5.20000,
,,,-00.000000165200,  -5.20000,
,,,-00.000000165000,  -5.00000,
,,,-00.000000164800,  -5.00000,
,,,-00.000000164600,  -5.20000,
,,,-00.000000164400,  -5.20000,
,,,-00.000000164200,  -5.20000,
,,,-00.000000164000,  -5.20000,
,,,-00.000000163800,  -5.20000,
,,,-00.000000163600,  -5.20000,
,,,-00.000000163400,  -5.40000,
,,,-00.000000163200,  -5.40000,
,,,-00.000000163000,  -5.20000,
,,,-00.000000162800,  -5.20000,
,,,-00.000000162600,  -5.20000,
,,,-00.000000162400,  -5.20000,
,,,-00.000000162200,  -5.20000,
,,,-00.000000162000,  -5.20000,
,,,-00.000000161800,  -5.00000,
,,,-00.000000161600,  -5.20000,
,,,-00.000000161400,  -5.20000,
,,,-00.000000161200,  -5.20000,
,,,-00.000000161000,  -5.20000,
,,,-00.000000160800,  -5.20000,
,,,-00.000000160600,  -5.20000,
,,,-00.000000160400,  -5.20000,
,,,-00.000000160200,  -5.20000,
,,,-00.000000160000,  -5.20000,
,,,-00.000000159800,  -5.20000,
,,,-00.000000159600,  -5.20000,
,,,-00.000000159400,  -5.20000,
,,,-00.000000159200,  -5.20000,
,,,-00.000000159000,  -5.20000,
,,,-00.000000158800,  -5.20000,
,,,-00.000000158600,  -5.20000,
,,,-00.000000158400,  -5.20000,
,,,-00.000000158200,  -5.20000,
,,,-00.000000158000,  -5.20000,
,,,-00.000000157800,  -5.20000,
,,,-00.000000157600,  -5.20000,
,,,-00.000000157400,  -5.40000,
,,,-00.000000157200,  -5.40000,
,,,-00.000000157000,  -5.20000,
,,,-00.000000156800,  -5.20000,
,,,-00.000000156600,  -5.20000,
,,,-00.000000156400,  -5.20000,
,,,-00.000000156200,  -5.20000,
,,,-00.000000156000,  -5.20000,
,,,-00.000000155800,  -5.00000,
,,,-00.000000155600,  -5.20000,
,,,-00.000000155400,  -5.20000,
,,,-00.000000155200,  -5.20000,
,,,-00.000000155000,  -5.20000,
,,,-00.000000154800,  -5.20000,
,,,-00.000000154600,  -5.20000,
,,,-00.000000154400,  -5.20000,
,,,-00.000000154200,  -5.20000,
,,,-00.000000154000,  -5.20000,
,,,-00.000000153800,  -5.20000,
,,,-00.000000153600,  -5.20000,
,,,-00.000000153400,  -5.20000,
,,,-00.000000153200,  -5.20000,
,,,-00.000000153000,  -5.20000,
,,,-00.000000152800,  -5.20000,
,,,-00.000000152600,  -5.20000,
,,,-00.000000152400,  -5.20000,
,,,-00.000000152200,  -5.20000,
,,,-00.000000152000,  -5.20000,
,,,-00.000000151800,  -5.20000,
,,,-00.000000151600,  -5.40000,
,,,-00.000000151400,  -5.40000,
,,,-00.000000151200,  -5.40000,
,,,-00.000000151000,  -5.40000,
,,,-00.000000150800,  -5.40000,
,,,-00.000000150600,  -5.40000,
,,,-00.000000150400,  -5.40000,
,,,-00.000000150200,  -5.40000,
,,,-00.000000150000,  -5.40000,
,,,-00.000000149800,  -5.20000,
,,,-00.000000149600,  -5.40000,
,,,-00.000000149400,  -5.40000,
,,,-00.000000149200,  -5.40000,
,,,-00.000000149000,  -5.40000,
,,,-00.000000148800,  -5.40000,
,,,-00.000000148600,  -5.60000,
,,,-00.000000148400,  -5.60000,
,,,-00.000000148200,  -5.60000,
,,,-00.000000148000,  -5.60000,
,,,-00.000000147800,  -5.40000,
,,,-00.000000147600,  -5.40000,
,,,-00.000000147400,  -5.40000,
,,,-00.000000147200,  -5.20000,
,,,-00.000000147000,  -5.20000,
,,,-00.000000146800,  -5.00000,
,,,-00.000000146600,  -5.00000,
,,,-00.000000146400,  -5.00000,
,,,-00.000000146200,  -5.00000,
,,,-00.000000146000,  -5.00000,
,,,-00.000000145800,  -5.00000,
,,,-00.000000145600,  -5.00000,
,,,-00.000000145400,  -5.00000,
,,,-00.000000145200,  -5.00000,
,,,-00.000000145000,  -5.00000,
,,,-00.000000144800,  -5.00000,
,,,-00.000000144600,  -5.00000,
,,,-00.000000144400,  -5.00000,
,,,-00.000000144200,  -5.00000,
,,,-00.000000144000,  -5.00000,
,,,-00.000000143800,  -5.20000,
,,,-00.000000143600,  -5.20000,
,,,-00.000000143400,  -5.20000,
,,,-00.000000143200,  -5.20000,
,,,-00.000000143000,  -5.20000,
,,,-00.000000142800,  -5.20000,
,,,-00.000000142600,  -5.20000,
,,,-00.000000142400,  -5.20000,
,,,-00.000000142200,  -5.20000,
,,,-00.000000142000,  -5.20000,
,,,-00.000000141800,  -5.00000,
,,,-00.000000141600,  -5.00000,
,,,-00.000000141400,  -5.00000,
,,,-00.000000141200,  -5.00000,
,,,-00.000000141000,  -5.00000,
,,,-00.000000140800,  -5.00000,
,,,-00.000000140600,  -5.20000,
,,,-00.000000140400,  -5.20000,
,,,-00.000000140200,  -5.20000,
,,,-00.000000140000,  -5.20000,
,,,-00.000000139800,  -5.20000,
,,,-00.000000139600,  -5.20000,
,,,-00.000000139400,  -5.20000,
,,,-00.000000139200,  -5.20000,
,,,-00.000000139000,  -5.20000,
,,,-00.000000138800,  -5.20000,
,,,-00.000000138600,  -5.40000,
,,,-00.000000138400,  -5.40000,
,,,-00.000000138200,  -5.40000,
,,,-00.000000138000,  -5.40000,
,,,-00.000000137800,  -5.40000,
,,,-00.000000137600,  -5.40000,
,,,-00.000000137400,  -5.40000,
,,,-00.000000137200,  -5.40000,
,,,-00.000000137000,  -5.40000,
,,,-00.000000136800,  -5.20000,
,,,-00.000000136600,  -5.20000,
,,,-00.000000136400,  -5.20000,
,,,-00.000000136200,  -5.20000,
,,,-00.000000136000,  -5.20000,
,,,-00.000000135800,  -5.40000,
,,,-00.000000135600,  -5.20000,
,,,-00.000000135400,  -5.20000,
,,,-00.000000135200,  -5.20000,
,,,-00.000000135000,  -5.20000,
,,,-00.000000134800,  -5.20000,
,,,-00.000000134600,  -5.20000,
,,,-00.000000134400,  -5.20000,
,,,-00.000000134200,  -5.20000,
,,,-00.000000134000,  -5.20000,
,,,-00.000000133800,  -5.00000,
,,,-00.000000133600,  -5.00000,
,,,-00.000000133400,  -5.20000,
,,,-00.000000133200,  -5.20000,
,,,-00.000000133000,  -5.20000,
,,,-00.000000132800,  -5.20000,
,,,-00.000000132600,  -5.40000,
,,,-00.000000132400,  -5.40000,
,,,-00.000000132200,  -5.40000,
,,,-00.000000132000,  -5.40000,
,,,-00.000000131800,  -5.40000,
,,,-00.000000131600,  -5.40000,
,,,-00.000000131400,  -5.40000,
,,,-00.000000131200,  -5.20000,
,,,-00.000000131000,  -5.20000,
,,,-00.000000130800,  -5.00000,
,,,-00.000000130600,  -5.00000,
,,,-00.000000130400,  -5.00000,
,,,-00.000000130200,  -5.00000,
,,,-00.000000130000,  -4.80000,
,,,-00.000000129800,  -4.80000,
,,,-00.000000129600,  -4.80000,
,,,-00.000000129400,  -4.80000,
,,,-00.000000129200,  -4.80000,
,,,-00.000000129000,  -4.80000,
,,,-00.000000128800,  -4.80000,
,,,-00.000000128600,  -5.00000,
,,,-00.000000128400,  -5.00000,
,,,-00.000000128200,  -5.20000,
,,,-00.000000128000,  -5.20000,
,,,-00.000000127800,  -5.20000,
,,,-00.000000127600,  -5.40000,
,,,-00.000000127400,  -5.40000,
,,,-00.000000127200,  -5.40000,
,,,-00.000000127000,  -5.40000,
,,,-00.000000126800,  -5.20000,
,,,-00.000000126600,  -5.20000,
,,,-00.000000126400,  -5.20000,
,,,-00.000000126200,  -5.20000,
,,,-00.000000126000,  -5.20000,
,,,-00.000000125800,  -5.20000,
,,,-00.000000125600,  -5.40000,
,,,-00.000000125400,  -5.40000,
,,,-00.000000125200,  -5.40000,
,,,-00.000000125000,  -5.40000,
,,,-00.000000124800,  -5.40000,
,,,-00.000000124600,  -5.20000,
,,,-00.000000124400,  -5.40000,
,,,-00.000000124200,  -5.40000,
,,,-00.000000124000,  -5.20000,
,,,-00.000000123800,  -5.20000,
,,,-00.000000123600,  -5.20000,
,,,-00.000000123400,  -5.20000,
,,,-00.000000123200,  -5.20000,
,,,-00.000000123000,  -5.20000,
,,,-00.000000122800,  -5.00000,
,,,-00.000000122600,  -5.00000,
,,,-00.000000122400,  -5.00000,
,,,-00.000000122200,  -5.00000,
,,,-00.000000122000,  -5.00000,
,,,-00.000000121800,  -5.00000,
,,,-00.000000121600,  -5.00000,
,,,-00.000000121400,  -5.00000,
,,,-00.000000121200,  -5.00000,
,,,-00.000000121000,  -5.00000,
,,,-00.000000120800,  -5.00000,
,,,-00.000000120600,  -5.20000,
,,,-00.000000120400,  -5.20000,
,,,-00.000000120200,  -5.20000,
,,,-00.000000120000,  -5.20000,
,,,-00.000000119800,  -5.20000,
,,,-00.000000119600,  -5.20000,
,,,-00.000000119400,  -5.20000,
,,,-00.000000119200,  -5.20000,
,,,-00.000000119000,  -5.20000,
,,,-00.000000118800,  -5.20000,
,,,-00.000000118600,  -5.20000,
,,,-00.000000118400,  -5.20000,
,,,-00.000000118200,  -5.20000,
,,,-00.000000118000,  -5.20000,
,,,-00.000000117800,  -5.20000,
,,,-00.000000117600,  -5.20000,
,,,-00.000000117400,  -5.20000,
,,,-00.000000117200,  -5.20000,
,,,-00.000000117000,  -5.20000,
,,,-00.000000116800,  -5.20000,
,,,-00.000000116600,  -5.20000,
,,,-00.000000116400,  -5.20000,
,,,-00.000000116200,  -5.20000,
,,,-00.000000116000,  -5.20000,
,,,-00.000000115800,  -5.20000,
,,,-00.000000115600,  -5.40000,
,,,-00.000000115400,  -5.40000,
,,,-00.000000115200,  -5.40000,
,,,-00.000000115000,  -5.40000,
,,,-00.000000114800,  -5.40000,
,,,-00.000000114600,  -5.20000,
,,,-00.000000114400,  -5.40000,
,,,-00.000000114200,  -5.40000,
,,,-00.000000114000,  -5.20000,
,,,-00.000000113800,  -5.20000,
,,,-00.000000113600,  -5.20000,
,,,-00.000000113400,  -5.20000,
,,,-00.000000113200,  -5.20000,
,,,-00.000000113000,  -5.20000,
,,,-00.000000112800,  -5.00000,
,,,-00.000000112600,  -5.00000,
,,,-00.000000112400,  -5.00000,
,,,-00.000000112200,  -5.00000,
,,,-00.000000112000,  -5.00000,
,,,-00.000000111800,  -5.00000,
,,,-00.000000111600,  -5.20000,
,,,-00.000000111400,  -5.20000,
,,,-00.000000111200,  -5.20000,
,,,-00.000000111000,  -5.20000,
,,,-00.000000110800,  -5.20000,
,,,-00.000000110600,  -5.20000,
,,,-00.000000110400,  -5.20000,
,,,-00.000000110200,  -5.20000,
,,,-00.000000110000,  -5.20000,
,,,-00.000000109800,  -5.20000,
,,,-00.000000109600,  -5.20000,
,,,-00.000000109400,  -5.20000,
,,,-00.000000109200,  -5.20000,
,,,-00.000000109000,  -5.20000,
,,,-00.000000108800,  -5.20000,
,,,-00.000000108600,  -5.40000,
,,,-00.000000108400,  -5.40000,
,,,-00.000000108200,  -5.40000,
,,,-00.000000108000,  -5.40000,
,,,-00.000000107800,  -5.40000,
,,,-00.000000107600,  -5.40000,
,,,-00.000000107400,  -5.40000,
,,,-00.000000107200,  -5.40000,
,,,-00.000000107000,  -5.40000,
,,,-00.000000106800,  -5.40000,
,,,-00.000000106600,  -5.40000,
,,,-00.000000106400,  -5.40000,
,,,-00.000000106200,  -5.40000,
,,,-00.000000106000,  -5.40000,
,,,-00.000000105800,  -5.40000,
,,,-00.000000105600,  -5.40000,
,,,-00.000000105400,  -5.40000,
,,,-00.000000105200,  -5.40000,
,,,-00.000000105000,  -5.40000,
,,,-00.000000104800,  -5.40000,
,,,-00.000000104600,  -5.40000,
,,,-00.000000104400,  -5.40000,
,,,-00.000000104200,  -5.40000,
,,,-00.000000104000,  -5.40000,
,,,-00.000000103800,  -5.20000,
,,,-00.000000103600,  -5.20000,
,,,-00.000000103400,  -5.20000,
,,,-00.000000103200,  -5.20000,
,,,-00.000000103000,  -5.20000,
,,,-00.000000102800,  -5.20000,
,,,-00.000000102600,  -5.20000,
,,,-00.000000102400,  -5.20000,
,,,-00.000000102200,  -5.20000,
,,,-00.000000102000,  -5.20000,
,,,-00.000000101800,  -5.20000,
,,,-00.000000101600,  -5.20000,
,,,-00.000000101400,  -5.20000,
,,,-00.000000101200,  -5.20000,
,,,-00.000000101000,  -5.20000,
,,,-00.000000100800,  -5.00000,
,,,-00.000000100600,  -5.20000,
,,,-00.000000100400,  -5.20000,
,,,-00.000000100200,  -5.20000,
,,,-00.000000100000,  -5.20000,
,,,-00.000000099800,  -5.20000,
,,,-00.000000099600,  -5.20000,
,,,-00.000000099400,  -5.20000,
,,,-00.000000099200,  -5.20000,
,,,-00.000000099000,  -5.20000,
,,,-00.000000098800,  -5.20000,
,,,-00.000000098600,  -5.20000,
,,,-00.000000098400,  -5.20000,
,,,-00.000000098200,  -5.20000,
,,,-00.000000098000,  -5.20000,
,,,-00.000000097800,  -5.20000,
,,,-00.000000097600,  -5.20000,
,,,-00.000000097400,  -5.20000,
,,,-00.000000097200,  -5.20000,
,,,-00.000000097000,  -5.20000,
,,,-00.000000096800,  -5.00000,
,,,-00.000000096600,  -5.00000,
,,,-00.000000096400,  -5.00000,
,,,-00.000000096200,  -5.00000,
,,,-00.000000096000,  -5.00000,
,,,-00.000000095800,  -5.00000,
,,,-00.000000095600,  -5.00000,
,,,-00.000000095400,  -5.00000,
,,,-00.000000095200,  -5.00000,
,,,-00.000000095000,  -5.00000,
,,,-00.000000094800,  -5.00000,
,,,-00.000000094600,  -5.00000,
,,,-00.000000094400,  -5.00000,
,,,-00.000000094200,  -5.00000,
,,,-00.000000094000,  -5.00000,
,,,-00.000000093800,  -5.00000,
,,,-00.000000093600,  -5.20000,
,,,-00.000000093400,  -5.20000,
,,,-00.000000093200,  -5.20000,
,,,-00.000000093000,  -5.20000,
,,,-00.000000092800,  -5.20000,
,,,-00.000000092600,  -5.20000,
,,,-00.000000092400,  -5.40000,
,,,-00.000000092200,  -5.40000,
,,,-00.000000092000,  -5.20000,
,,,-00.000000091800,  -5.20000,
,,,-00.000000091600,  -5.20000,
,,,-00.000000091400,  -5.20000,
,,,-00.000000091200,  -5.20000,
,,,-00.000000091000,  -5.20000,
,,,-00.000000090800,  -5.00000,
,,,-00.000000090600,  -5.20000,
,,,-00.000000090400,  -5.20000,
,,,-00.000000090200,  -5.20000,
,,,-00.000000090000,  -5.20000,
,,,-00.000000089800,  -5.20000,
,,,-00.000000089600,  -5.20000,
,,,-00.000000089400,  -5.20000,
,,,-00.000000089200,  -5.20000,
,,,-00.000000089000,  -5.20000,
,,,-00.000000088800,  -5.00000,
,,,-00.000000088600,  -5.20000,
,,,-00.000000088400,  -5.20000,
,,,-00.000000088200,  -5.20000,
,,,-00.000000088000,  -5.20000,
,,,-00.000000087800,  -5.20000,
,,,-00.000000087600,  -5.20000,
,,,-00.000000087400,  -5.20000,
,,,-00.000000087200,  -5.20000,
,,,-00.000000087000,  -5.20000,
,,,-00.000000086800,  -5.00000,
,,,-00.000000086600,  -5.00000,
,,,-00.000000086400,  -5.00000,
,,,-00.000000086200,  -5.00000,
,,,-00.000000086000,  -5.00000,
,,,-00.000000085800,  -5.00000,
,,,-00.000000085600,  -5.00000,
,,,-00.000000085400,  -5.00000,
,,,-00.000000085200,  -5.00000,
,,,-00.000000085000,  -5.00000,
,,,-00.000000084800,  -5.00000,
,,,-00.000000084600,  -5.00000,
,,,-00.000000084400,  -5.00000,
,,,-00.000000084200,  -5.00000,
,,,-00.000000084000,  -5.00000,
,,,-00.000000083800,  -5.00000,
,,,-00.000000083600,  -5.20000,
,,,-00.000000083400,  -5.20000,
,,,-00.000000083200,  -5.20000,
,,,-00.000000083000,  -5.40000,
,,,-00.000000082800,  -5.40000,
,,,-00.000000082600,  -5.20000,
,,,-00.000000082400,  -5.40000,
,,,-00.000000082200,  -5.40000,
,,,-00.000000082000,  -5.20000,
,,,-00.000000081800,  -5.20000,
,,,-00.000000081600,  -5.20000,
,,,-00.000000081400,  -5.20000,
,,,-00.000000081200,  -5.20000,
,,,-00.000000081000,  -5.20000,
,,,-00.000000080800,  -5.00000,
,,,-00.000000080600,  -5.20000,
,,,-00.000000080400,  -5.20000,
,,,-00.000000080200,  -5.20000,
,,,-00.000000080000,  -5.20000,
,,,-00.000000079800,  -5.20000,
,,,-00.000000079600,  -5.20000,
,,,-00.000000079400,  -5.20000,
,,,-00.000000079200,  -5.20000,
,,,-00.000000079000,  -5.20000,
,,,-00.000000078800,  -5.40000,
,,,-00.000000078600,  -5.20000,
,,,-00.000000078400,  -5.20000,
,,,-00.000000078200,  -5.20000,
,,,-00.000000078000,  -5.20000,
,,,-00.000000077800,  -5.20000,
,,,-00.000000077600,  -5.20000,
,,,-00.000000077400,  -5.20000,
,,,-00.000000077200,  -5.20000,
,,,-00.000000077000,  -5.20000,
,,,-00.000000076800,  -5.40000,
,,,-00.000000076600,  -5.40000,
,,,-00.000000076400,  -5.40000,
,,,-00.000000076200,  -5.40000,
,,,-00.000000076000,  -5.40000,
,,,-00.000000075800,  -5.20000,
,,,-00.000000075600,  -5.20000,
,,,-00.000000075400,  -5.20000,
,,,-00.000000075200,  -5.20000,
,,,-00.000000075000,  -5.20000,
,,,-00.000000074800,  -5.20000,
,,,-00.000000074600,  -5.20000,
,,,-00.000000074400,  -5.20000,
,,,-00.000000074200,  -5.20000,
,,,-00.000000074000,  -5.20000,
,,,-00.000000073800,  -5.00000,
,,,-00.000000073600,  -5.00000,
,,,-00.000000073400,  -5.00000,
,,,-00.000000073200,  -5.00000,
,,,-00.000000073000,  -5.00000,
,,,-00.000000072800,  -5.20000,
,,,-00.000000072600,  -5.20000,
,,,-00.000000072400,  -5.20000,
,,,-00.000000072200,  -5.20000,
,,,-00.000000072000,  -5.20000,
,,,-00.000000071800,  -5.20000,
,,,-00.000000071600,  -5.00000,
,,,-00.000000071400,  -5.00000,
,,,-00.000000071200,  -5.00000,
,,,-00.000000071000,  -5.00000,
,,,-00.000000070800,  -5.00000,
,,,-00.000000070600,  -5.20000,
,,,-00.000000070400,  -5.20000,
,,,-00.000000070200,  -5.20000,
,,,-00.000000070000,  -5.20000,
,,,-00.000000069800,  -5.20000,
,,,-00.000000069600,  -5.20000,
,,,-00.000000069400,  -5.40000,
,,,-00.000000069200,  -5.40000,
,,,-00.000000069000,  -5.20000,
,,,-00.000000068800,  -5.20000,
,,,-00.000000068600,  -5.20000,
,,,-00.000000068400,  -5.20000,
,,,-00.000000068200,  -5.20000,
,,,-00.000000068000,  -5.20000,
,,,-00.000000067800,  -5.00000,
,,,-00.000000067600,  -5.00000,
,,,-00.000000067400,  -5.00000,
,,,-00.000000067200,  -5.00000,
,,,-00.000000067000,  -5.00000,
,,,-00.000000066800,  -5.00000,
,,,-00.000000066600,  -5.20000,
,,,-00.000000066400,  -5.20000,
,,,-00.000000066200,  -5.20000,
,,,-00.000000066000,  -5.20000,
,,,-00.000000065800,  -5.20000,
,,,-00.000000065600,  -5.20000,
,,,-00.000000065400,  -5.20000,
,,,-00.000000065200,  -5.20000,
,,,-00.000000065000,  -5.20000,
,,,-00.000000064800,  -5.20000,
,,,-00.000000064600,  -5.20000,
,,,-00.000000064400,  -5.20000,
,,,-00.000000064200,  -5.20000,
,,,-00.000000064000,  -5.20000,
,,,-00.000000063800,  -5.20000,
,,,-00.000000063600,  -5.20000,
,,,-00.000000063400,  -5.20000,
,,,-00.000000063200,  -5.20000,
,,,-00.000000063000,  -5.20000,
,,,-00.000000062800,  -5.20000,
,,,-00.000000062600,  -5.20000,
,,,-00.000000062400,  -5.20000,
,,,-00.000000062200,  -5.20000,
,,,-00.000000062000,  -5.20000,
,,,-00.000000061800,  -5.20000,
,,,-00.000000061600,  -5.40000,
,,,-00.000000061400,  -5.40000,
,,,-00.000000061200,  -5.40000,
,,,-00.000000061000,  -5.40000,
,,,-00.000000060800,  -5.40000,
,,,-00.000000060600,  -5.40000,
,,,-00.000000060400,  -5.40000,
,,,-00.000000060200,  -5.40000,
,,,-00.000000060000,  -5.40000,
,,,-00.000000059800,  -5.20000,
,,,-00.000000059600,  -5.20000,
,,,-00.000000059400,  -5.20000,
,,,-00.000000059200,  -5.20000,
,,,-00.000000059000,  -5.00000,
,,,-00.000000058800,  -5.00000,
,,,-00.000000058600,  -5.20000,
,,,-00.000000058400,  -5.20000,
,,,-00.000000058200,  -5.20000,
,,,-00.000000058000,  -5.20000,
,,,-00.000000057800,  -5.20000,
,,,-00.000000057600,  -5.20000,
,,,-00.000000057400,  -5.20000,
,,,-00.000000057200,  -5.20000,
,,,-00.000000057000,  -5.20000,
,,,-00.000000056800,  -5.00000,
,,,-00.000000056600,  -5.20000,
,,,-00.000000056400,  -5.20000,
,,,-00.000000056200,  -5.20000,
,,,-00.000000056000,  -5.20000,
,,,-00.000000055800,  -5.20000,
,,,-00.000000055600,  -5.20000,
,,,-00.000000055400,  -5.20000,
,,,-00.000000055200,  -5.20000,
,,,-00.000000055000,  -5.20000,
,,,-00.000000054800,  -5.00000,
,,,-00.000000054600,  -5.20000,
,,,-00.000000054400,  -5.20000,
,,,-00.000000054200,  -5.20000,
,,,-00.000000054000,  -5.20000,
,,,-00.000000053800,  -5.20000,
,,,-00.000000053600,  -5.20000,
,,,-00.000000053400,  -5.20000,
,,,-00.000000053200,  -5.20000,
,,,-00.000000053000,  -5.20000,
,,,-00.000000052800,  -5.20000,
,,,-00.000000052600,  -5.40000,
,,,-00.000000052400,  -5.40000,
,,,-00.000000052200,  -5.40000,
,,,-00.000000052000,  -5.40000,
,,,-00.000000051800,  -5.40000,
,,,-00.000000051600,  -5.40000,
,,,-00.000000051400,  -5.60000,
,,,-00.000000051200,  -5.60000,
,,,-00.000000051000,  -5.40000,
,,,-00.000000050800,  -5.40000,
,,,-00.000000050600,  -5.40000,
,,,-00.000000050400,  -5.40000,
,,,-00.000000050200,  -5.40000,
,,,-00.000000050000,  -5.40000,
,,,-00.000000049800,  -5.20000,
,,,-00.000000049600,  -5.20000,
,,,-00.000000049400,  -5.20000,
,,,-00.000000049200,  -5.20000,
,,,-00.000000049000,  -5.20000,
,,,-00.000000048800,  -5.20000,
,,,-00.000000048600,  -5.20000,
,,,-00.000000048400,  -5.20000,
,,,-00.000000048200,  -5.20000,
,,,-00.000000048000,  -5.20000,
,,,-00.000000047800,  -5.00000,
,,,-00.000000047600,  -5.20000,
,,,-00.000000047400,  -5.20000,
,,,-00.000000047200,  -5.20000,
,,,-00.000000047000,  -5.20000,
,,,-00.000000046800,  -5.20000,
,,,-00.000000046600,  -5.20000,
,,,-00.000000046400,  -5.20000,
,,,-00.000000046200,  -5.20000,
,,,-00.000000046000,  -5.20000,
,,,-00.000000045800,  -5.00000,
,,,-00.000000045600,  -5.00000,
,,,-00.000000045400,  -5.00000,
,,,-00.000000045200,  -5.00000,
,,,-00.000000045000,  -4.80000,
,,,-00.000000044800,  -4.80000,
,,,-00.000000044600,  -4.80000,
,,,-00.000000044400,  -5.00000,
,,,-00.000000044200,  -5.00000,
,,,-00.000000044000,  -5.00000,
,,,-00.000000043800,  -5.00000,
,,,-00.000000043600,  -5.20000,
,,,-00.000000043400,  -5.20000,
,,,-00.000000043200,  -5.20000,
,,,-00.000000043000,  -5.20000,
,,,-00.000000042800,  -5.20000,
,,,-00.000000042600,  -5.20000,
,,,-00.000000042400,  -5.20000,
,,,-00.000000042200,  -5.20000,
,,,-00.000000042000,  -5.20000,
,,,-00.000000041800,  -5.00000,
,,,-00.000000041600,  -5.20000,
,,,-00.000000041400,  -5.20000,
,,,-00.000000041200,  -5.20000,
,,,-00.000000041000,  -5.20000,
,,,-00.000000040800,  -5.20000,
,,,-00.000000040600,  -5.20000,
,,,-00.000000040400,  -5.40000,
,,,-00.000000040200,  -5.40000,
,,,-00.000000040000,  -5.20000,
,,,-00.000000039800,  -5.20000,
,,,-00.000000039600,  -5.20000,
,,,-00.000000039400,  -5.20000,
,,,-00.000000039200,  -5.20000,
,,,-00.000000039000,  -5.20000,
,,,-00.000000038800,  -5.00000,
,,,-00.000000038600,  -5.00000,
,,,-00.000000038400,  -5.00000,
,,,-00.000000038200,  -5.00000,
,,,-00.000000038000,  -5.00000,
,,,-00.000000037800,  -5.00000,
,,,-00.000000037600,  -5.20000,
,,,-00.000000037400,  -5.20000,
,,,-00.000000037200,  -5.20000,
,,,-00.000000037000,  -5.20000,
,,,-00.000000036800,  -5.20000,
,,,-00.000000036600,  -5.20000,
,,,-00.000000036400,  -5.20000,
,,,-00.000000036200,  -5.20000,
,,,-00.000000036000,  -5.20000,
,,,-00.000000035800,  -5.20000,
,,,-00.000000035600,  -5.20000,
,,,-00.000000035400,  -5.20000,
,,,-00.000000035200,  -5.20000,
,,,-00.000000035000,  -5.20000,
,,,-00.000000034800,  -5.20000,
,,,-00.000000034600,  -5.20000,
,,,-00.000000034400,  -5.20000,
,,,-00.000000034200,  -5.20000,
,,,-00.000000034000,  -5.20000,
,,,-00.000000033800,  -5.20000,
,,,-00.000000033600,  -5.20000,
,,,-00.000000033400,  -5.20000,
,,,-00.000000033200,  -5.20000,
,,,-00.000000033000,  -5.20000,
,,,-00.000000032800,  -5.00000,
,,,-00.000000032600,  -5.00000,
,,,-00.000000032400,  -5.00000,
,,,-00.000000032200,  -5.00000,
,,,-00.000000032000,  -5.00000,
,,,-00.000000031800,  -5.00000,
,,,-00.000000031600,  -5.00000,
,,,-00.000000031400,  -5.00000,
,,,-00.000000031200,  -5.00000,
,,,-00.000000031000,  -5.00000,
,,,-00.000000030800,  -5.00000,
,,,-00.000000030600,  -5.00000,
,,,-00.000000030400,  -5.00000,
,,,-00.000000030200,  -5.00000,
,,,-00.000000030000,  -5.00000,
,,,-00.000000029800,  -5.00000,
,,,-00.000000029600,  -5.20000,
,,,-00.000000029400,  -5.00000,
,,,-00.000000029200,  -5.00000,
,,,-00.000000029000,  -5.00000,
,,,-00.000000028800,  -5.00000,
,,,-00.000000028600,  -5.00000,
,,,-00.000000028400,  -5.00000,
,,,-00.000000028200,  -5.00000,
,,,-00.000000028000,  -5.00000,
,,,-00.000000027800,  -4.80000,
,,,-00.000000027600,  -4.80000,
,,,-00.000000027400,  -4.80000,
,,,-00.000000027200,  -4.80000,
,,,-00.000000027000,  -4.80000,
,,,-00.000000026800,  -5.00000,
,,,-00.000000026600,  -5.20000,
,,,-00.000000026400,  -5.20000,
,,,-00.000000026200,  -5.40000,
,,,-00.000000026000,  -5.40000,
,,,-00.000000025800,  -5.40000,
,,,-00.000000025600,  -5.40000,
,,,-00.000000025400,  -5.40000,
,,,-00.000000025200,  -5.40000,
,,,-00.000000025000,  -5.40000,
,,,-00.000000024800,  -5.20000,
,,,-00.000000024600,  -5.20000,
,,,-00.000000024400,  -5.20000,
,,,-00.000000024200,  -5.20000,
,,,-00.000000024000,  -5.20000,
,,,-00.000000023800,  -5.00000,
,,,-00.000000023600,  -5.20000,
,,,-00.000000023400,  -5.20000,
,,,-00.000000023200,  -5.20000,
,,,-00.000000023000,  -5.20000,
,,,-00.000000022800,  -5.20000,
,,,-00.000000022600,  -5.20000,
,,,-00.000000022400,  -5.20000,
,,,-00.000000022200,  -5.20000,
,,,-00.000000022000,  -5.20000,
,,,-00.000000021800,  -5.20000,
,,,-00.000000021600,  -5.20000,
,,,-00.000000021400,  -5.20000,
,,,-00.000000021200,  -5.20000,
,,,-00.000000021000,  -5.20000,
,,,-00.000000020800,  -5.20000,
,,,-00.000000020600,  -5.20000,
,,,-00.000000020400,  -5.20000,
,,,-00.000000020200,  -5.20000,
,,,-00.000000020000,  -5.20000,
,,,-00.000000019800,  -5.20000,
,,,-00.000000019600,  -5.20000,
,,,-00.000000019400,  -5.20000,
,,,-00.000000019200,  -5.20000,
,,,-00.000000019000,  -5.20000,
,,,-00.000000018800,  -5.00000,
,,,-00.000000018600,  -5.00000,
,,,-00.000000018400,  -5.00000,
,,,-00.000000018200,  -5.00000,
,,,-00.000000018000,  -5.00000,
,,,-00.000000017800,  -5.00000,
,,,-00.000000017600,  -5.20000,
,,,-00.000000017400,  -5.20000,
,,,-00.000000017200,  -5.20000,
,,,-00.000000017000,  -5.20000,
,,,-00.000000016800,  -5.20000,
,,,-00.000000016600,  -5.40000,
,,,-00.000000016400,  -5.40000,
,,,-00.000000016200,  -5.40000,
,,,-00.000000016000,  -5.40000,
,,,-00.000000015800,  -5.60000,
,,,-00.000000015600,  -5.60000,
,,,-00.000000015400,  -5.60000,
,,,-00.000000015200,  -5.60000,
,,,-00.000000015000,  -5.60000,
,,,-00.000000014800,  -5.40000,
,,,-00.000000014600,  -5.20000,
,,,-00.000000014400,  -5.20000,
,,,-00.000000014200,  -5.20000,
,,,-00.000000014000,  -5.20000,
,,,-00.000000013800,  -5.20000,
,,,-00.000000013600,  -5.20000,
,,,-00.000000013400,  -5.20000,
,,,-00.000000013200,  -5.20000,
,,,-00.000000013000,  -5.20000,
,,,-00.000000012800,  -5.20000,
,,,-00.000000012600,  -5.20000,
,,,-00.000000012400,  -5.20000,
,,,-00.000000012200,  -5.20000,
,,,-00.000000012000,  -5.20000,
,,,-00.000000011800,  -5.00000,
,,,-00.000000011600,  -5.00000,
,,,-00.000000011400,  -5.00000,
,,,-00.000000011200,  -5.00000,
,,,-00.000000011000,  -5.00000,
,,,-00.000000010800,  -5.00000,
,,,-00.000000010600,  -5.20000,
,,,-00.000000010400,  -5.20000,
,,,-00.000000010200,  -5.20000,
,,,-00.000000010000,  -5.20000,
,,,-00.000000009800,  -5.20000,
,,,-00.000000009600,  -5.20000,
,,,-00.000000009400,  -5.20000,
,,,-00.000000009200,  -5.20000,
,,,-00.000000009000,  -5.20000,
,,,-00.000000008800,  -5.00000,
,,,-00.000000008600,  -5.00000,
,,,-00.000000008400,  -5.00000,
,,,-00.000000008200,  -5.00000,
,,,-00.000000008000,  -5.00000,
,,,-00.000000007800,  -5.00000,
,,,-00.000000007600,  -5.00000,
,,,-00.000000007400,  -5.00000,
,,,-00.000000007200,  -5.00000,
,,,-00.000000007000,  -5.00000,
,,,-00.000000006800,  -4.80000,
,,,-00.000000006600,  -4.80000,
,,,-00.000000006400,  -4.80000,
,,,-00.000000006200,  -4.60000,
,,,-00.000000006000,  -4.60000,
,,,-00.000000005800,  -4.40000,
,,,-00.000000005600,  -4.40000,
,,,-00.000000005400,  -4.20000,
,,,-00.000000005200,  -4.00000,
,,,-00.000000005000,  -3.80000,
,,,-00.000000004800,  -3.60000,
,,,-00.000000004600,  -3.40000,
,,,-00.000000004400,  -3.20000,
,,,-00.000000004200,  -3.20000,
,,,-00.000000004000,  -3.00000,
,,,-00.000000003800,  -2.80000,
,,,-00.000000003600,  -2.60000,
,,,-00.000000003400,  -2.40000,
,,,-00.000000003200,  -2.20000,
,,,-00.000000003000,  -1.80000,
,,,-00.000000002800,  -1.60000,
,,,-00.000000002600,  -1.40000,
,,,-00.000000002400,  -1.00000,
,,,-00.000000002200,  -0.80000,
,,,-00.000000002000,  -0.40000,
,,,-00.000000001800,   0.00000,
,,,-00.000000001600,   0.40000,
,,,-00.000000001400,   0.60000,
,,,-00.000000001200,   1.20000,
,,,-00.000000001000,   1.40000,
,,,-00.000000000800,   1.80000,
,,,-00.000000000600,   2.20000,
,,,-00.000000000400,   2.60000,
,,,-00.000000000200,   2.80000,
,,,-00.000000000000,   3.00000,
,,,00.000000000200,   3.60000,
,,,00.000000000400,   4.00000,
,,,00.000000000600,   4.40000,
,,,00.000000000800,   4.60000,
,,,00.000000001000,   5.20000,
,,,00.000000001200,   5.60000,
,,,00.000000001400,   6.00000,
,,,00.000000001600,   6.20000,
,,,00.000000001800,   6.80000,
,,,00.000000002000,   7.00000,
,,,00.000000002200,   7.40000,
,,,00.000000002400,   7.80000,
,,,00.000000002600,   8.00000,
,,,00.000000002800,   8.40000,
,,,00.000000003000,   8.60000,
,,,00.000000003200,   9.00000,
,,,00.000000003400,   9.20000,
,,,00.000000003600,   9.60000,
,,,00.000000003800,  10.00000,
,,,00.000000004000,  10.20000,
,,,00.000000004200,  10.60000,
,,,00.000000004400,  11.00000,
,,,00.000000004600,  11.20000,
,,,00.000000004800,  11.40000,
,,,00.000000005000,  11.60000,
,,,00.000000005200,  11.60000,
,,,00.000000005400,  11.60000,
,,,00.000000005600,  11.80000,
,,,00.000000005800,  12.00000,
,,,00.000000006000,  12.00000,
,,,00.000000006200,  12.20000,
,,,00.000000006400,  12.20000,
,,,00.000000006600,  12.40000,
,,,00.000000006800,  12.60000,
,,,00.000000007000,  12.60000,
,,,00.000000007200,  12.80000,
,,,00.000000007400,  12.80000,
,,,00.000000007600,  13.00000,
,,,00.000000007800,  13.00000,
,,,00.000000008000,  13.00000,
,,,00.000000008200,  13.20000,
,,,00.000000008400,  13.20000,
,,,00.000000008600,  13.40000,
,,,00.000000008800,  13.40000,
,,,00.000000009000,  13.60000,
,,,00.000000009200,  13.60000,
,,,00.000000009400,  13.60000,
,,,00.000000009600,  13.60000,
,,,00.000000009800,  13.60000,
,,,00.000000010000,  13.80000,
,,,00.000000010200,  13.80000,
,,,00.000000010400,  13.80000,
,,,00.000000010600,  13.80000,
,,,00.000000010800,  13.80000,
,,,00.000000011000,  13.80000,
,,,00.000000011200,  14.00000,
,,,00.000000011400,  13.80000,
,,,00.000000011600,  14.00000,
,,,00.000000011800,  13.80000,
,,,00.000000012000,  14.00000,
,,,00.000000012200,  14.20000,
,,,00.000000012400,  14.00000,
,,,00.000000012600,  14.20000,
,,,00.000000012800,  14.00000,
,,,00.000000013000,  14.20000,
,,,00.000000013200,  14.20000,
,,,00.000000013400,  14.20000,
,,,00.000000013600,  14.20000,
,,,00.000000013800,  14.20000,
,,,00.000000014000,  14.20000,
,,,00.000000014200,  14.20000,
,,,00.000000014400,  14.00000,
,,,00.000000014600,  14.00000,
,,,00.000000014800,  14.00000,
,,,00.000000015000,  13.80000,
,,,00.000000015200,  14.00000,
,,,00.000000015400,  14.00000,
,,,00.000000015600,  13.80000,
,,,00.000000015800,  13.80000,
,,,00.000000016000,  13.80000,
,,,00.000000016200,  13.80000,
,,,00.000000016400,  13.80000,
,,,00.000000016600,  13.80000,
,,,00.000000016800,  13.60000,
,,,00.000000017000,  13.60000,
,,,00.000000017200,  13.40000,
,,,00.000000017400,  13.40000,
,,,00.000000017600,  13.20000,
,,,00.000000017800,  13.20000,
,,,00.000000018000,  13.20000,
,,,00.000000018200,  13.00000,
,,,00.000000018400,  12.60000,
,,,00.000000018600,  12.60000,
,,,00.000000018800,  12.60000,
,,,00.000000019000,  12.40000,
,,,00.000000019200,  12.40000,
,,,00.000000019400,  12.20000,
,,,00.000000019600,  12.00000,
,,,00.000000019800,  12.00000,
,,,00.000000020000,  12.00000,
,,,00.000000020200,  12.00000,
,,,00.000000020400,  11.80000,
,,,00.000000020600,  11.60000,
,,,00.000000020800,  11.60000,
,,,00.000000021000,  11.60000,
,,,00.000000021200,  11.60000,
,,,00.000000021400,  11.40000,
,,,00.000000021600,  11.40000,
,,,00.000000021800,  11.20000,
,,,00.000000022000,  11.20000,
,,,00.000000022200,  11.20000,
,,,00.000000022400,  11.20000,
,,,00.000000022600,  11.20000,
,,,00.000000022800,  11.20000,
,,,00.000000023000,  11.20000,
,,,00.000000023200,  11.20000,
,,,00.000000023400,  11.20000,
,,,00.000000023600,  11.20000,
,,,00.000000023800,  11.20000,
,,,00.000000024000,  11.20000,
,,,00.000000024200,  11.20000,
,,,00.000000024400,  11.40000,
,,,00.000000024600,  11.40000,
,,,00.000000024800,  11.60000,
,,,00.000000025000,  11.60000,
,,,00.000000025200,  11.80000,
,,,00.000000025400,  11.80000,
,,,00.000000025600,  12.00000,
,,,00.000000025800,  12.00000,
,,,00.000000026000,  12.20000,
,,,00.000000026200,  12.40000,
,,,00.000000026400,  12.40000,
,,,00.000000026600,  12.40000,
,,,00.000000026800,  12.60000,
,,,00.000000027000,  12.60000,
,,,00.000000027200,  12.60000,
,,,00.000000027400,  12.80000,
,,,00.000000027600,  12.80000,
,,,00.000000027800,  12.80000,
,,,00.000000028000,  13.00000,
,,,00.000000028200,  13.20000,
,,,00.000000028400,  13.20000,
,,,00.000000028600,  13.40000,
,,,00.000000028800,  13.40000,
,,,00.000000029000,  13.40000,
,,,00.000000029200,  13.40000,
,,,00.000000029400,  13.40000,
,,,00.000000029600,  13.60000,
,,,00.000000029800,  13.60000,
,,,00.000000030000,  13.60000,
,,,00.000000030200,  13.60000,
,,,00.000000030400,  13.60000,
,,,00.000000030600,  13.60000,
,,,00.000000030800,  13.60000,
,,,00.000000031000,  13.60000,
,,,00.000000031200,  13.60000,
,,,00.000000031400,  13.60000,
,,,00.000000031600,  13.60000,
,,,00.000000031800,  13.60000,
,,,00.000000032000,  13.60000,
,,,00.000000032200,  13.60000,
,,,00.000000032400,  13.40000,
,,,00.000000032600,  13.40000,
,,,00.000000032800,  13.40000,
,,,00.000000033000,  13.40000,
,,,00.000000033200,  13.40000,
,,,00.000000033400,  13.20000,
,,,00.000000033600,  13.20000,
,,,00.000000033800,  13.20000,
,,,00.000000034000,  13.20000,
,,,00.000000034200,  13.20000,
,,,00.000000034400,  13.20000,
,,,00.000000034600,  13.20000,
,,,00.000000034800,  13.20000,
,,,00.000000035000,  13.20000,
,,,00.000000035200,  13.20000,
,,,00.000000035400,  13.20000,
,,,00.000000035600,  13.00000,
,,,00.000000035800,  13.00000,
,,,00.000000036000,  13.00000,
,,,00.000000036200,  13.00000,
,,,00.000000036400,  12.80000,
,,,00.000000036600,  12.80000,
,,,00.000000036800,  12.60000,
,,,00.000000037000,  12.60000,
,,,00.000000037200,  12.60000,
,,,00.000000037400,  12.40000,
,,,00.000000037600,  12.40000,
,,,00.000000037800,  12.20000,
,,,00.000000038000,  12.20000,
,,,00.000000038200,  12.20000,
,,,00.000000038400,  12.20000,
,,,00.000000038600,  12.20000,
,,,00.000000038800,  12.20000,
,,,00.000000039000,  12.40000,
,,,00.000000039200,  12.40000,
,,,00.000000039400,  12.20000,
,,,00.000000039600,  12.20000,
,,,00.000000039800,  12.40000,
,,,00.000000040000,  12.20000,
,,,00.000000040200,  12.20000,
,,,00.000000040400,  12.00000,
,,,00.000000040600,  11.80000,
,,,00.000000040800,  11.80000,
,,,00.000000041000,  11.60000,
,,,00.000000041200,  11.60000,
,,,00.000000041400,  11.60000,
,,,00.000000041600,  11.40000,
,,,00.000000041800,  11.40000,
,,,00.000000042000,  11.20000,
,,,00.000000042200,  11.20000,
,,,00.000000042400,  11.20000,
,,,00.000000042600,  11.00000,
,,,00.000000042800,  11.00000,
,,,00.000000043000,  11.00000,
,,,00.000000043200,  11.00000,
,,,00.000000043400,  11.00000,
,,,00.000000043600,  11.00000,
,,,00.000000043800,  10.80000,
,,,00.000000044000,  11.00000,
,,,00.000000044200,  11.00000,
,,,00.000000044400,  10.80000,
,,,00.000000044600,  10.80000,
,,,00.000000044800,  10.80000,
,,,00.000000045000,  10.60000,
,,,00.000000045200,  10.60000,
,,,00.000000045400,  10.60000,
,,,00.000000045600,  10.60000,
,,,00.000000045800,  10.60000,
,,,00.000000046000,  10.60000,
,,,00.000000046200,  10.60000,
,,,00.000000046400,  10.40000,
,,,00.000000046600,  10.40000,
,,,00.000000046800,  10.60000,
,,,00.000000047000,  10.40000,
,,,00.000000047200,  10.40000,
,,,00.000000047400,  10.40000,
,,,00.000000047600,  10.40000,
,,,00.000000047800,  10.40000,
,,,00.000000048000,  10.20000,
,,,00.000000048200,  10.40000,
,,,00.000000048400,  10.20000,
,,,00.000000048600,  10.40000,
,,,00.000000048800,  10.20000,
,,,00.000000049000,  10.20000,
,,,00.000000049200,  10.40000,
,,,00.000000049400,  10.20000,
,,,00.000000049600,  10.40000,
,,,00.000000049800,  10.40000,
,,,00.000000050000,  10.40000,
,,,00.000000050200,  10.40000,
,,,00.000000050400,  10.40000,
,,,00.000000050600,  10.40000,
,,,00.000000050800,  10.60000,
,,,00.000000051000,  10.60000,
,,,00.000000051200,  10.60000,
,,,00.000000051400,  10.80000,
,,,00.000000051600,  11.00000,
,,,00.000000051800,  11.00000,
,,,00.000000052000,  11.00000,
,,,00.000000052200,  11.20000,
,,,00.000000052400,  11.20000,
,,,00.000000052600,  11.20000,
,,,00.000000052800,  11.20000,
,,,00.000000053000,  11.20000,
,,,00.000000053200,  11.20000,
,,,00.000000053400,  11.40000,
,,,00.000000053600,  11.40000,
,,,00.000000053800,  11.40000,
,,,00.000000054000,  11.40000,
,,,00.000000054200,  11.40000,
,,,00.000000054400,  11.20000,
,,,00.000000054600,  11.20000,
,,,00.000000054800,  11.20000,
,,,00.000000055000,  11.20000,
,,,00.000000055200,  11.20000,
,,,00.000000055400,  11.20000,
,,,00.000000055600,  11.20000,
,,,00.000000055800,  11.20000,
,,,00.000000056000,  11.20000,
,,,00.000000056200,  11.20000,
,,,00.000000056400,  11.20000,
,,,00.000000056600,  11.20000,
,,,00.000000056800,  11.20000,
,,,00.000000057000,  11.00000,
,,,00.000000057200,  11.00000,
,,,00.000000057400,  11.00000,
,,,00.000000057600,  11.00000,
,,,00.000000057800,  11.00000,
,,,00.000000058000,  10.80000,
,,,00.000000058200,  10.80000,
,,,00.000000058400,  10.80000,
,,,00.000000058600,  10.60000,
,,,00.000000058800,  10.60000,
,,,00.000000059000,  10.60000,
,,,00.000000059200,  10.60000,
,,,00.000000059400,  10.60000,
,,,00.000000059600,  10.40000,
,,,00.000000059800,  10.60000,
,,,00.000000060000,  10.60000,
,,,00.000000060200,  10.60000,
,,,00.000000060400,  10.40000,
,,,00.000000060600,  10.40000,
,,,00.000000060800,  10.20000,
,,,00.000000061000,  10.20000,
,,,00.000000061200,  10.20000,
,,,00.000000061400,  10.20000,
,,,00.000000061600,  10.00000,
,,,00.000000061800,   9.80000,
,,,00.000000062000,   9.80000,
,,,00.000000062200,   9.80000,
,,,00.000000062400,   9.80000,
,,,00.000000062600,   9.60000,
,,,00.000000062800,   9.80000,
,,,00.000000063000,   9.80000,
,,,00.000000063200,   9.80000,
,,,00.000000063400,   9.80000,
,,,00.000000063600,   9.60000,
,,,00.000000063800,   9.80000,
,,,00.000000064000,   9.60000,
,,,00.000000064200,   9.60000,
,,,00.000000064400,   9.60000,
,,,00.000000064600,   9.40000,
,,,00.000000064800,   9.40000,
,,,00.000000065000,   9.20000,
,,,00.000000065200,   9.40000,
,,,00.000000065400,   9.40000,
,,,00.000000065600,   9.20000,
,,,00.000000065800,   9.40000,
,,,00.000000066000,   9.20000,
,,,00.000000066200,   9.40000,
,,,00.000000066400,   9.40000,
,,,00.000000066600,   9.40000,
,,,00.000000066800,   9.40000,
,,,00.000000067000,   9.40000,
,,,00.000000067200,   9.60000,
,,,00.000000067400,   9.60000,
,,,00.000000067600,   9.40000,
,,,00.000000067800,   9.60000,
,,,00.000000068000,   9.40000,
,,,00.000000068200,   9.60000,
,,,00.000000068400,   9.60000,
,,,00.000000068600,   9.40000,
,,,00.000000068800,   9.60000,
,,,00.000000069000,   9.40000,
,,,00.000000069200,   9.60000,
,,,00.000000069400,   9.60000,
,,,00.000000069600,   9.60000,
,,,00.000000069800,   9.60000,
,,,00.000000070000,   9.60000,
,,,00.000000070200,   9.60000,
,,,00.000000070400,   9.60000,
,,,00.000000070600,   9.60000,
,,,00.000000070800,   9.60000,
,,,00.000000071000,   9.60000,
,,,00.000000071200,   9.80000,
,,,00.000000071400,   9.80000,
,,,00.000000071600,   9.80000,
,,,00.000000071800,   9.80000,
,,,00.000000072000,   9.80000,
,,,00.000000072200,   9.80000,
,,,00.000000072400,   9.80000,
,,,00.000000072600,   9.80000,
,,,00.000000072800,  10.00000,
,,,00.000000073000,  10.00000,
,,,00.000000073200,  10.00000,
,,,00.000000073400,  10.00000,
,,,00.000000073600,  10.00000,
,,,00.000000073800,  10.00000,
,,,00.000000074000,  10.00000,
,,,00.000000074200,  10.00000,
,,,00.000000074400,  10.00000,
,,,00.000000074600,  10.20000,
,,,00.000000074800,  10.20000,
,,,00.000000075000,  10.20000,
,,,00.000000075200,  10.20000,
,,,00.000000075400,  10.00000,
,,,00.000000075600,  10.00000,
,,,00.000000075800,  10.20000,
,,,00.000000076000,  10.20000,
,,,00.000000076200,  10.20000,
,,,00.000000076400,  10.20000,
,,,00.000000076600,  10.20000,
,,,00.000000076800,  10.20000,
,,,00.000000077000,  10.20000,
,,,00.000000077200,  10.20000,
,,,00.000000077400,  10.00000,
,,,00.000000077600,  10.00000,
,,,00.000000077800,  10.00000,
,,,00.000000078000,  10.00000,
,,,00.000000078200,  10.00000,
,,,00.000000078400,  10.20000,
,,,00.000000078600,  10.20000,
,,,00.000000078800,  10.20000,
,,,00.000000079000,  10.20000,
,,,00.000000079200,  10.20000,
,,,00.000000079400,  10.20000,
,,,00.000000079600,  10.20000,
,,,00.000000079800,  10.20000,
,,,00.000000080000,  10.00000,
,,,00.000000080200,  10.00000,
,,,00.000000080400,   9.80000,
,,,00.000000080600,   9.80000,
,,,00.000000080800,   9.80000,
,,,00.000000081000,   9.80000,
,,,00.000000081200,   9.80000,
,,,00.000000081400,   9.60000,
,,,00.000000081600,   9.60000,
,,,00.000000081800,   9.80000,
,,,00.000000082000,   9.80000,
,,,00.000000082200,   9.80000,
,,,00.000000082400,   9.60000,
,,,00.000000082600,   9.40000,
,,,00.000000082800,   9.20000,
,,,00.000000083000,   9.00000,
,,,00.000000083200,   9.00000,
,,,00.000000083400,   9.00000,
,,,00.000000083600,   9.00000,
,,,00.000000083800,   9.00000,
,,,00.000000084000,   9.00000,
,,,00.000000084200,   9.20000,
,,,00.000000084400,   9.40000,
,,,00.000000084600,   9.40000,
,,,00.000000084800,   9.40000,
,,,00.000000085000,   9.40000,
,,,00.000000085200,   9.40000,
,,,00.000000085400,   9.20000,
,,,00.000000085600,   9.20000,
,,,00.000000085800,   9.40000,
,,,00.000000086000,   9.20000,
,,,00.000000086200,   9.20000,
,,,00.000000086400,   9.00000,
,,,00.000000086600,   9.00000,
,,,00.000000086800,   8.80000,
,,,00.000000087000,   8.80000,
,,,00.000000087200,   8.80000,
,,,00.000000087400,   8.80000,
,,,00.000000087600,   8.80000,
,,,00.000000087800,   8.80000,
,,,00.000000088000,   8.80000,
,,,00.000000088200,   8.80000,
,,,00.000000088400,   8.80000,
,,,00.000000088600,   8.80000,
,,,00.000000088800,   8.80000,
,,,00.000000089000,   8.80000,
,,,00.000000089200,   8.80000,
,,,00.000000089400,   8.60000,
,,,00.000000089600,   8.60000,
,,,00.000000089800,   8.60000,
,,,00.000000090000,   8.60000,
,,,00.000000090200,   8.60000,
,,,00.000000090400,   8.40000,
,,,00.000000090600,   8.60000,
,,,00.000000090800,   8.60000,
,,,00.000000091000,   8.60000,
,,,00.000000091200,   8.60000,
,,,00.000000091400,   8.60000,
,,,00.000000091600,   8.60000,
,,,00.000000091800,   8.60000,
,,,00.000000092000,   8.60000,
,,,00.000000092200,   8.60000,
,,,00.000000092400,   8.80000,
,,,00.000000092600,   8.80000,
,,,00.000000092800,   8.80000,
,,,00.000000093000,   8.80000,
,,,00.000000093200,   8.80000,
,,,00.000000093400,   8.60000,
,,,00.000000093600,   8.60000,
,,,00.000000093800,   8.40000,
,,,00.000000094000,   8.40000,
,,,00.000000094200,   8.40000,
,,,00.000000094400,   8.40000,
,,,00.000000094600,   8.40000,
,,,00.000000094800,   8.40000,
,,,00.000000095000,   8.40000,
,,,00.000000095200,   8.40000,
,,,00.000000095400,   8.20000,
,,,00.000000095600,   8.20000,
,,,00.000000095800,   8.20000,
,,,00.000000096000,   8.20000,
,,,00.000000096200,   8.20000,
,,,00.000000096400,   8.40000,
,,,00.000000096600,   8.40000,
,,,00.000000096800,   8.40000,
,,,00.000000097000,   8.40000,
,,,00.000000097200,   8.40000,
,,,00.000000097400,   8.40000,
,,,00.000000097600,   8.40000,
,,,00.000000097800,   8.40000,
,,,00.000000098000,   8.40000,
,,,00.000000098200,   8.40000,
,,,00.000000098400,   8.20000,
,,,00.000000098600,   8.20000,
,,,00.000000098800,   8.40000,
,,,00.000000099000,   8.40000,
,,,00.000000099200,   8.40000,
,,,00.000000099400,   8.20000,
,,,00.000000099600,   8.20000,
,,,00.000000099800,   8.40000,
,,,00.000000100000,   8.40000,
,,,00.000000100200,   8.40000,
,,,00.000000100400,   8.20000,
,,,00.000000100600,   8.20000,
,,,00.000000100800,   8.20000,
,,,00.000000101000,   8.20000,
,,,00.000000101200,   8.20000,
,,,00.000000101400,   8.40000,
,,,00.000000101600,   8.40000,
,,,00.000000101800,   8.40000,
,,,00.000000102000,   8.40000,
,,,00.000000102200,   8.40000,
,,,00.000000102400,   8.40000,
,,,00.000000102600,   8.40000,
,,,00.000000102800,   8.40000,
,,,00.000000103000,   8.40000,
,,,00.000000103200,   8.40000,
,,,00.000000103400,   8.20000,
,,,00.000000103600,   8.20000,
,,,00.000000103800,   8.40000,
,,,00.000000104000,   8.40000,
,,,00.000000104200,   8.40000,
,,,00.000000104400,   8.20000,
,,,00.000000104600,   8.20000,
,,,00.000000104800,   8.40000,
,,,00.000000105000,   8.40000,
,,,00.000000105200,   8.40000,
,,,00.000000105400,   8.20000,
,,,00.000000105600,   8.20000,
,,,00.000000105800,   8.20000,
,,,00.000000106000,   8.20000,
,,,00.000000106200,   8.20000,
,,,00.000000106400,   8.20000,
,,,00.000000106600,   8.20000,
,,,00.000000106800,   8.40000,
,,,00.000000107000,   8.40000,
,,,00.000000107200,   8.40000,
,,,00.000000107400,   8.20000,
,,,00.000000107600,   8.20000,
,,,00.000000107800,   8.20000,
,,,00.000000108000,   8.20000,
,,,00.000000108200,   8.20000,
,,,00.000000108400,   8.00000,
,,,00.000000108600,   8.00000,
,,,00.000000108800,   8.00000,
,,,00.000000109000,   8.00000,
,,,00.000000109200,   8.00000,
,,,00.000000109400,   8.00000,
,,,00.000000109600,   8.00000,
,,,00.000000109800,   8.00000,
,,,00.000000110000,   8.00000,
,,,00.000000110200,   8.20000,
,,,00.000000110400,   8.00000,
,,,00.000000110600,   8.00000,
,,,00.000000110800,   8.00000,
,,,00.000000111000,   8.00000,
,,,00.000000111200,   8.00000,
,,,00.000000111400,   8.00000,
,,,00.000000111600,   7.80000,
,,,00.000000111800,   7.80000,
,,,00.000000112000,   8.00000,
,,,00.000000112200,   7.80000,
,,,00.000000112400,   7.80000,
,,,00.000000112600,   7.80000,
,,,00.000000112800,   7.80000,
,,,00.000000113000,   7.80000,
,,,00.000000113200,   8.00000,
,,,00.000000113400,   8.00000,
,,,00.000000113600,   8.00000,
,,,00.000000113800,   8.00000,
,,,00.000000114000,   7.80000,
,,,00.000000114200,   8.00000,
,,,00.000000114400,   8.00000,
,,,00.000000114600,   8.00000,
,,,00.000000114800,   7.80000,
,,,00.000000115000,   7.80000,
,,,00.000000115200,   7.80000,
,,,00.000000115400,   7.80000,
,,,00.000000115600,   7.80000,
,,,00.000000115800,   7.80000,
,,,00.000000116000,   7.60000,
,,,00.000000116200,   7.80000,
,,,00.000000116400,   7.60000,
,,,00.000000116600,   7.60000,
,,,00.000000116800,   7.80000,
,,,00.000000117000,   7.60000,
,,,00.000000117200,   7.80000,
,,,00.000000117400,   7.80000,
,,,00.000000117600,   7.60000,
,,,00.000000117800,   7.60000,
,,,00.000000118000,   7.60000,
,,,00.000000118200,   7.80000,
,,,00.000000118400,   7.80000,
,,,00.000000118600,   7.60000,
,,,00.000000118800,   7.60000,
,,,00.000000119000,   7.60000,
,,,00.000000119200,   7.60000,
,,,00.000000119400,   7.60000,
,,,00.000000119600,   7.60000,
,,,00.000000119800,   7.60000,
,,,00.000000120000,   7.60000,
,,,00.000000120200,   7.60000,
,,,00.000000120400,   7.60000,
,,,00.000000120600,   7.60000,
,,,00.000000120800,   7.60000,
,,,00.000000121000,   7.60000,
,,,00.000000121200,   7.80000,
,,,00.000000121400,   7.80000,
,,,00.000000121600,   7.60000,
,,,00.000000121800,   7.60000,
,,,00.000000122000,   7.60000,
,,,00.000000122200,   7.60000,
,,,00.000000122400,   7.60000,
,,,00.000000122600,   7.60000,
,,,00.000000122800,   7.60000,
,,,00.000000123000,   7.40000,
,,,00.000000123200,   7.60000,
,,,00.000000123400,   7.60000,
,,,00.000000123600,   7.40000,
,,,00.000000123800,   7.40000,
,,,00.000000124000,   7.40000,
,,,00.000000124200,   7.60000,
,,,00.000000124400,   7.60000,
,,,00.000000124600,   7.60000,
,,,00.000000124800,   7.60000,
,,,00.000000125000,   7.60000,
,,,00.000000125200,   7.80000,
,,,00.000000125400,   7.80000,
,,,00.000000125600,   7.80000,
,,,00.000000125800,   7.60000,
,,,00.000000126000,   7.60000,
,,,00.000000126200,   7.60000,
,,,00.000000126400,   7.60000,
,,,00.000000126600,   7.60000,
,,,00.000000126800,   7.60000,
,,,00.000000127000,   7.60000,
,,,00.000000127200,   7.60000,
,,,00.000000127400,   7.60000,
,,,00.000000127600,   7.60000,
,,,00.000000127800,   7.60000,
,,,00.000000128000,   7.80000,
,,,00.000000128200,   7.80000,
,,,00.000000128400,   7.60000,
,,,00.000000128600,   7.60000,
,,,00.000000128800,   7.60000,
,,,00.000000129000,   7.60000,
,,,00.000000129200,   7.60000,
,,,00.000000129400,   7.60000,
,,,00.000000129600,   7.60000,
,,,00.000000129800,   7.60000,
,,,00.000000130000,   7.60000,
,,,00.000000130200,   7.60000,
,,,00.000000130400,   7.40000,
,,,00.000000130600,   7.40000,
,,,00.000000130800,   7.40000,
,,,00.000000131000,   7.40000,
,,,00.000000131200,   7.40000,
,,,00.000000131400,   7.40000,
,,,00.000000131600,   7.40000,
,,,00.000000131800,   7.40000,
,,,00.000000132000,   7.40000,
,,,00.000000132200,   7.60000,
,,,00.000000132400,   7.60000,
,,,00.000000132600,   7.60000,
,,,00.000000132800,   7.80000,
,,,00.000000133000,   7.80000,
,,,00.000000133200,   7.80000,
,,,00.000000133400,   7.60000,
,,,00.000000133600,   7.60000,
,,,00.000000133800,   7.60000,
,,,00.000000134000,   7.60000,
,,,00.000000134200,   7.60000,
,,,00.000000134400,   7.60000,
,,,00.000000134600,   7.60000,
,,,00.000000134800,   7.60000,
,,,00.000000135000,   7.60000,
,,,00.000000135200,   7.60000,
,,,00.000000135400,   7.40000,
,,,00.000000135600,   7.60000,
,,,00.000000135800,   7.40000,
,,,00.000000136000,   7.40000,
,,,00.000000136200,   7.40000,
,,,00.000000136400,   7.40000,
,,,00.000000136600,   7.20000,
,,,00.000000136800,   7.40000,
,,,00.000000137000,   7.60000,
,,,00.000000137200,   7.60000,
,,,00.000000137400,   7.60000,
,,,00.000000137600,   7.60000,
,,,00.000000137800,   7.80000,
,,,00.000000138000,   7.80000,
,,,00.000000138200,   7.80000,
,,,00.000000138400,   7.80000,
,,,00.000000138600,   7.60000,
,,,00.000000138800,   7.60000,
,,,00.000000139000,   7.60000,
,,,00.000000139200,   7.60000,
,,,00.000000139400,   7.40000,
,,,00.000000139600,   7.40000,
,,,00.000000139800,   7.20000,
,,,00.000000140000,   7.20000,
,,,00.000000140200,   7.20000,
,,,00.000000140400,   7.20000,
,,,00.000000140600,   7.20000,
,,,00.000000140800,   7.00000,
,,,00.000000141000,   7.00000,
,,,00.000000141200,   7.00000,
,,,00.000000141400,   7.20000,
,,,00.000000141600,   7.20000,
,,,00.000000141800,   7.20000,
,,,00.000000142000,   7.20000,
,,,00.000000142200,   7.20000,
,,,00.000000142400,   7.20000,
,,,00.000000142600,   7.20000,
,,,00.000000142800,   7.20000,
,,,00.000000143000,   7.20000,
,,,00.000000143200,   7.20000,
,,,00.000000143400,   7.40000,
,,,00.000000143600,   7.40000,
,,,00.000000143800,   7.40000,
,,,00.000000144000,   7.40000,
,,,00.000000144200,   7.40000,
,,,00.000000144400,   7.60000,
,,,00.000000144600,   7.40000,
,,,00.000000144800,   7.40000,
,,,00.000000145000,   7.40000,
,,,00.000000145200,   7.40000,
,,,00.000000145400,   7.40000,
,,,00.000000145600,   7.40000,
,,,00.000000145800,   7.20000,
,,,00.000000146000,   7.20000,
,,,00.000000146200,   7.20000,
,,,00.000000146400,   7.00000,
,,,00.000000146600,   7.00000,
,,,00.000000146800,   7.00000,
,,,00.000000147000,   7.00000,
,,,00.000000147200,   7.00000,
,,,00.000000147400,   7.20000,
,,,00.000000147600,   7.20000,
,,,00.000000147800,   7.20000,
,,,00.000000148000,   7.20000,
,,,00.000000148200,   7.20000,
,,,00.000000148400,   7.20000,
,,,00.000000148600,   7.20000,
,,,00.000000148800,   7.00000,
,,,00.000000149000,   7.00000,
,,,00.000000149200,   7.00000,
,,,00.000000149400,   6.80000,
,,,00.000000149600,   6.80000,
,,,00.000000149800,   6.80000,
,,,00.000000150000,   6.80000,
,,,00.000000150200,   6.80000,
,,,00.000000150400,   6.80000,
,,,00.000000150600,   6.80000,
,,,00.000000150800,   6.80000,
,,,00.000000151000,   6.80000,
,,,00.000000151200,   7.00000,
,,,00.000000151400,   6.80000,
,,,00.000000151600,   6.80000,
,,,00.000000151800,   6.80000,
,,,00.000000152000,   6.80000,
,,,00.000000152200,   6.80000,
,,,00.000000152400,   7.00000,
,,,00.000000152600,   7.00000,
,,,00.000000152800,   7.00000,
,,,00.000000153000,   7.00000,
,,,00.000000153200,   7.00000,
,,,00.000000153400,   6.80000,
,,,00.000000153600,   7.00000,
,,,00.000000153800,   6.80000,
,,,00.000000154000,   6.80000,
,,,00.000000154200,   6.80000,
,,,00.000000154400,   6.60000,
,,,00.000000154600,   6.60000,
,,,00.000000154800,   6.60000,
,,,00.000000155000,   6.60000,
,,,00.000000155200,   6.60000,
,,,00.000000155400,   6.80000,
,,,00.000000155600,   6.80000,
,,,00.000000155800,   6.80000,
,,,00.000000156000,   6.80000,
,,,00.000000156200,   6.80000,
,,,00.000000156400,   6.80000,
,,,00.000000156600,   6.80000,
,,,00.000000156800,   6.80000,
,,,00.000000157000,   6.80000,
,,,00.000000157200,   6.80000,
,,,00.000000157400,   6.60000,
,,,00.000000157600,   6.60000,
,,,00.000000157800,   6.60000,
,,,00.000000158000,   6.60000,
,,,00.000000158200,   6.60000,
,,,00.000000158400,   6.60000,
,,,00.000000158600,   6.60000,
,,,00.000000158800,   6.60000,
,,,00.000000159000,   6.60000,
,,,00.000000159200,   6.80000,
,,,00.000000159400,   6.80000,
,,,00.000000159600,   6.80000,
,,,00.000000159800,   6.80000,
,,,00.000000160000,   7.00000,
,,,00.000000160200,   7.00000,
,,,00.000000160400,   6.80000,
,,,00.000000160600,   6.80000,
,,,00.000000160800,   6.80000,
,,,00.000000161000,   6.80000,
,,,00.000000161200,   6.80000,
,,,00.000000161400,   6.80000,
,,,00.000000161600,   6.80000,
,,,00.000000161800,   6.80000,
,,,00.000000162000,   6.80000,
,,,00.000000162200,   6.80000,
,,,00.000000162400,   6.80000,
,,,00.000000162600,   6.60000,
,,,00.000000162800,   6.60000,
,,,00.000000163000,   6.60000,
,,,00.000000163200,   6.60000,
,,,00.000000163400,   6.40000,
,,,00.000000163600,   6.40000,
,,,00.000000163800,   6.20000,
,,,00.000000164000,   6.20000,
,,,00.000000164200,   6.00000,
,,,00.000000164400,   6.20000,
,,,00.000000164600,   6.20000,
,,,00.000000164800,   6.20000,
,,,00.000000165000,   6.20000,
,,,00.000000165200,   6.40000,
,,,00.000000165400,   6.40000,
,,,00.000000165600,   6.40000,
,,,00.000000165800,   6.60000,
,,,00.000000166000,   6.60000,
,,,00.000000166200,   6.60000,
,,,00.000000166400,   6.60000,
,,,00.000000166600,   6.60000,
,,,00.000000166800,   6.60000,
,,,00.000000167000,   6.80000,
,,,00.000000167200,   6.60000,
,,,00.000000167400,   6.60000,
,,,00.000000167600,   6.60000,
,,,00.000000167800,   6.60000,
,,,00.000000168000,   6.60000,
,,,00.000000168200,   6.60000,
,,,00.000000168400,   6.60000,
,,,00.000000168600,   6.60000,
,,,00.000000168800,   6.60000,
,,,00.000000169000,   6.60000,
,,,00.000000169200,   6.80000,
,,,00.000000169400,   6.60000,
,,,00.000000169600,   6.60000,
,,,00.000000169800,   6.60000,
,,,00.000000170000,   6.60000,
,,,00.000000170200,   6.40000,
,,,00.000000170400,   6.40000,
,,,00.000000170600,   6.40000,
,,,00.000000170800,   6.40000,
,,,00.000000171000,   6.40000,
,,,00.000000171200,   6.40000,
,,,00.000000171400,   6.40000,
,,,00.000000171600,   6.40000,
,,,00.000000171800,   6.60000,
,,,00.000000172000,   6.60000,
,,,00.000000172200,   6.80000,
,,,00.000000172400,   6.80000,
,,,00.000000172600,   6.80000,
,,,00.000000172800,   6.60000,
,,,00.000000173000,   6.60000,
,,,00.000000173200,   6.60000,
,,,00.000000173400,   6.60000,
,,,00.000000173600,   6.60000,
,,,00.000000173800,   6.40000,
,,,00.000000174000,   6.40000,
,,,00.000000174200,   6.60000,
,,,00.000000174400,   6.40000,
,,,00.000000174600,   6.40000,
,,,00.000000174800,   6.40000,
,,,00.000000175000,   6.40000,
,,,00.000000175200,   6.20000,
,,,00.000000175400,   6.20000,
,,,00.000000175600,   6.20000,
,,,00.000000175800,   6.40000,
,,,00.000000176000,   6.40000,
,,,00.000000176200,   6.40000,
,,,00.000000176400,   6.40000,
,,,00.000000176600,   6.40000,
,,,00.000000176800,   6.40000,
,,,00.000000177000,   6.60000,
,,,00.000000177200,   6.60000,
,,,00.000000177400,   6.60000,
,,,00.000000177600,   6.60000,
,,,00.000000177800,   6.40000,
,,,00.000000178000,   6.40000,
,,,00.000000178200,   6.40000,
,,,00.000000178400,   6.40000,
,,,00.000000178600,   6.40000,
,,,00.000000178800,   6.20000,
,,,00.000000179000,   6.20000,
,,,00.000000179200,   6.40000,
,,,00.000000179400,   6.40000,
,,,00.000000179600,   6.40000,
,,,00.000000179800,   6.40000,
,,,00.000000180000,   6.40000,
,,,00.000000180200,   6.20000,
,,,00.000000180400,   6.20000,
,,,00.000000180600,   6.20000,
,,,00.000000180800,   6.20000,
,,,00.000000181000,   6.20000,
,,,00.000000181200,   6.20000,
,,,00.000000181400,   6.20000,
,,,00.000000181600,   6.20000,
,,,00.000000181800,   6.20000,
,,,00.000000182000,   6.20000,
,,,00.000000182200,   6.20000,
,,,00.000000182400,   6.20000,
,,,00.000000182600,   6.20000,
,,,00.000000182800,   6.20000,
,,,00.000000183000,   6.20000,
,,,00.000000183200,   6.40000,
,,,00.000000183400,   6.40000,
,,,00.000000183600,   6.40000,
,,,00.000000183800,   6.40000,
,,,00.000000184000,   6.60000,
,,,00.000000184200,   6.40000,
,,,00.000000184400,   6.20000,
,,,00.000000184600,   6.20000,
,,,00.000000184800,   6.20000,
,,,00.000000185000,   6.20000,
,,,00.000000185200,   6.20000,
,,,00.000000185400,   6.20000,
,,,00.000000185600,   6.00000,
,,,00.000000185800,   6.00000,
,,,00.000000186000,   6.20000,
,,,00.000000186200,   6.20000,
,,,00.000000186400,   6.20000,
,,,00.000000186600,   6.20000,
,,,00.000000186800,   6.40000,
,,,00.000000187000,   6.40000,
,,,00.000000187200,   6.60000,
,,,00.000000187400,   6.60000,
,,,00.000000187600,   6.60000,
,,,00.000000187800,   6.60000,
,,,00.000000188000,   6.60000,
,,,00.000000188200,   6.60000,
,,,00.000000188400,   6.40000,
,,,00.000000188600,   6.40000,
,,,00.000000188800,   6.20000,
,,,00.000000189000,   6.20000,
,,,00.000000189200,   6.20000,
,,,00.000000189400,   6.20000,
,,,00.000000189600,   6.20000,
,,,00.000000189800,   6.40000,
,,,00.000000190000,   6.40000,
,,,00.000000190200,   6.40000,
,,,00.000000190400,   6.20000,
,,,00.000000190600,   6.20000,
,,,00.000000190800,   6.20000,
,,,00.000000191000,   6.20000,
,,,00.000000191200,   6.20000,
,,,00.000000191400,   6.20000,
,,,00.000000191600,   6.20000,
,,,00.000000191800,   6.20000,
,,,00.000000192000,   6.20000,
,,,00.000000192200,   6.20000,
,,,00.000000192400,   6.20000,
,,,00.000000192600,   6.20000,
,,,00.000000192800,   6.20000,
,,,00.000000193000,   6.20000,
,,,00.000000193200,   6.20000,
,,,00.000000193400,   6.40000,
,,,00.000000193600,   6.40000,
,,,00.000000193800,   6.40000,
,,,00.000000194000,   6.40000,
,,,00.000000194200,   6.40000,
,,,00.000000194400,   6.20000,
,,,00.000000194600,   6.20000,
,,,00.000000194800,   6.20000,
,,,00.000000195000,   6.20000,
,,,00.000000195200,   6.20000,
,,,00.000000195400,   6.20000,
,,,00.000000195600,   6.20000,
,,,00.000000195800,   6.20000,
,,,00.000000196000,   6.20000,
,,,00.000000196200,   6.20000,
,,,00.000000196400,   6.00000,
,,,00.000000196600,   6.00000,
,,,00.000000196800,   6.20000,
,,,00.000000197000,   6.20000,
,,,00.000000197200,   6.20000,
,,,00.000000197400,   6.20000,
,,,00.000000197600,   6.20000,
,,,00.000000197800,   6.40000,
,,,00.000000198000,   6.40000,
,,,00.000000198200,   6.40000,
,,,00.000000198400,   6.20000,
,,,00.000000198600,   6.20000,
,,,00.000000198800,   6.20000,
,,,00.000000199000,   6.20000,
,,,00.000000199200,   6.20000,
,,,00.000000199400,   6.20000,
,,,00.000000199600,   6.20000,
,,,00.000000199800,   6.20000,
,,,00.000000200000,   6.20000,
,,,00.000000200200,   6.20000,
,,,00.000000200400,   6.20000,
,,,00.000000200600,   6.20000,
,,,00.000000200800,   6.20000,
,,,00.000000201000,   6.20000,
,,,00.000000201200,   6.20000,
,,,00.000000201400,   6.20000,
,,,00.000000201600,   6.20000,
,,,00.000000201800,   6.20000,
,,,00.000000202000,   6.20000,
,,,00.000000202200,   6.20000,
,,,00.000000202400,   6.20000,
,,,00.000000202600,   6.20000,
,,,00.000000202800,   6.20000,
,,,00.000000203000,   6.20000,
,,,00.000000203200,   6.20000,
,,,00.000000203400,   6.40000,
,,,00.000000203600,   6.20000,
,,,00.000000203800,   6.20000,
,,,00.000000204000,   6.20000,
,,,00.000000204200,   6.20000,
,,,00.000000204400,   6.00000,
,,,00.000000204600,   6.20000,
,,,00.000000204800,   5.80000,
,,,00.000000205000,   5.80000,
,,,00.000000205200,   5.80000,
,,,00.000000205400,   5.60000,
,,,00.000000205600,   5.60000,
,,,00.000000205800,   5.60000,
,,,00.000000206000,   5.60000,
,,,00.000000206200,   5.80000,
,,,00.000000206400,   6.00000,
,,,00.000000206600,   6.00000,
,,,00.000000206800,   6.00000,
,,,00.000000207000,   6.00000,
,,,00.000000207200,   6.20000,
,,,00.000000207400,   6.00000,
,,,00.000000207600,   6.00000,
,,,00.000000207800,   6.00000,
,,,00.000000208000,   6.00000,
,,,00.000000208200,   5.80000,
,,,00.000000208400,   5.80000,
,,,00.000000208600,   5.80000,
,,,00.000000208800,   5.80000,
,,,00.000000209000,   5.80000,
,,,00.000000209200,   6.00000,
,,,00.000000209400,   6.20000,
,,,00.000000209600,   6.20000,
,,,00.000000209800,   6.20000,
,,,00.000000210000,   6.20000,
,,,00.000000210200,   6.20000,
,,,00.000000210400,   6.00000,
,,,00.000000210600,   6.00000,
,,,00.000000210800,   6.00000,
,,,00.000000211000,   6.00000,
,,,00.000000211200,   5.80000,
,,,00.000000211400,   5.80000,
,,,00.000000211600,   5.80000,
,,,00.000000211800,   5.80000,
,,,00.000000212000,   5.80000,
,,,00.000000212200,   5.80000,
,,,00.000000212400,   5.80000,
,,,00.000000212600,   5.80000,
,,,00.000000212800,   6.00000,
,,,00.000000213000,   6.00000,
,,,00.000000213200,   6.00000,
,,,00.000000213400,   6.00000,
,,,00.000000213600,   5.80000,
,,,00.000000213800,   5.80000,
,,,00.000000214000,   5.80000,
,,,00.000000214200,   5.80000,
,,,00.000000214400,   5.80000,
,,,00.000000214600,   5.60000,
,,,00.000000214800,   5.60000,
,,,00.000000215000,   5.80000,
,,,00.000000215200,   5.80000,
,,,00.000000215400,   5.80000,
,,,00.000000215600,   5.80000,
,,,00.000000215800,   5.80000,
,,,00.000000216000,   5.80000,
,,,00.000000216200,   6.00000,
,,,00.000000216400,   6.00000,
,,,00.000000216600,   6.00000,
,,,00.000000216800,   6.00000,
,,,00.000000217000,   6.00000,
,,,00.000000217200,   5.80000,
,,,00.000000217400,   5.60000,
,,,00.000000217600,   5.60000,
,,,00.000000217800,   5.60000,
,,,00.000000218000,   5.60000,
,,,00.000000218200,   5.60000,
,,,00.000000218400,   5.60000,
,,,00.000000218600,   5.60000,
,,,00.000000218800,   5.60000,
,,,00.000000219000,   5.60000,
,,,00.000000219200,   5.80000,
,,,00.000000219400,   5.80000,
,,,00.000000219600,   5.80000,
,,,00.000000219800,   5.80000,
,,,00.000000220000,   6.00000,
,,,00.000000220200,   5.80000,
,,,00.000000220400,   5.60000,
,,,00.000000220600,   5.60000,
,,,00.000000220800,   5.60000,
,,,00.000000221000,   5.60000,
,,,00.000000221200,   5.60000,
,,,00.000000221400,   5.60000,
,,,00.000000221600,   5.40000,
,,,00.000000221800,   5.40000,
,,,00.000000222000,   5.60000,
,,,00.000000222200,   5.40000,
,,,00.000000222400,   5.40000,
,,,00.000000222600,   5.40000,
,,,00.000000222800,   5.40000,
,,,00.000000223000,   5.40000,
,,,00.000000223200,   5.60000,
,,,00.000000223400,   5.60000,
,,,00.000000223600,   5.80000,
,,,00.000000223800,   5.80000,
,,,00.000000224000,   5.60000,
,,,00.000000224200,   5.80000,
,,,00.000000224400,   5.80000,
,,,00.000000224600,   5.80000,
,,,00.000000224800,   5.80000,
,,,00.000000225000,   5.80000,
,,,00.000000225200,   5.80000,
,,,00.000000225400,   5.80000,
,,,00.000000225600,   5.60000,
,,,00.000000225800,   5.40000,
,,,00.000000226000,   5.60000,
,,,00.000000226200,   5.60000,
,,,00.000000226400,   5.60000,
,,,00.000000226600,   5.60000,
,,,00.000000226800,   5.80000,
,,,00.000000227000,   5.80000,
,,,00.000000227200,   5.80000,
,,,00.000000227400,   5.80000,
,,,00.000000227600,   5.80000,
,,,00.000000227800,   5.80000,
,,,00.000000228000,   6.00000,
,,,00.000000228200,   6.00000,
,,,00.000000228400,   5.80000,
,,,00.000000228600,   5.80000,
,,,00.000000228800,   5.80000,
,,,00.000000229000,   5.80000,
,,,00.000000229200,   5.80000,
,,,00.000000229400,   5.80000,
,,,00.000000229600,   5.80000,
,,,00.000000229800,   5.80000,
,,,00.000000230000,   5.60000,
,,,00.000000230200,   5.80000,
,,,00.000000230400,   5.80000,
,,,00.000000230600,   5.80000,
,,,00.000000230800,   5.80000,
,,,00.000000231000,   5.60000,
,,,00.000000231200,   5.80000,
,,,00.000000231400,   5.80000,
,,,00.000000231600,   5.80000,
,,,00.000000231800,   5.80000,
,,,00.000000232000,   5.80000,
,,,00.000000232200,   5.80000,
,,,00.000000232400,   5.80000,
,,,00.000000232600,   5.80000,
,,,00.000000232800,   5.80000,
,,,00.000000233000,   5.80000,
,,,00.000000233200,   5.80000,
,,,00.000000233400,   5.80000,
,,,00.000000233600,   5.80000,
,,,00.000000233800,   5.80000,
,,,00.000000234000,   5.80000,
,,,00.000000234200,   5.60000,
,,,00.000000234400,   5.60000,
,,,00.000000234600,   5.60000,
,,,00.000000234800,   5.60000,
,,,00.000000235000,   5.60000,
,,,00.000000235200,   5.80000,
,,,00.000000235400,   5.80000,
,,,00.000000235600,   5.80000,
,,,00.000000235800,   5.80000,
,,,00.000000236000,   5.80000,
,,,00.000000236200,   5.80000,
,,,00.000000236400,   5.80000,
,,,00.000000236600,   5.80000,
,,,00.000000236800,   5.80000,
,,,00.000000237000,   5.80000,
,,,00.000000237200,   5.80000,
,,,00.000000237400,   5.80000,
,,,00.000000237600,   5.80000,
,,,00.000000237800,   5.60000,
,,,00.000000238000,   5.60000,
,,,00.000000238200,   5.60000,
,,,00.000000238400,   5.60000,
,,,00.000000238600,   5.60000,
,,,00.000000238800,   5.60000,
,,,00.000000239000,   5.60000,
,,,00.000000239200,   5.60000,
,,,00.000000239400,   5.60000,
,,,00.000000239600,   5.60000,
,,,00.000000239800,   5.60000,
,,,00.000000240000,   5.60000,
,,,00.000000240200,   5.80000,
,,,00.000000240400,   5.80000,
,,,00.000000240600,   5.80000,
,,,00.000000240800,   5.80000,
,,,00.000000241000,   5.80000,
,,,00.000000241200,   5.80000,
,,,00.000000241400,   5.80000,
,,,00.000000241600,   5.80000,
,,,00.000000241800,   5.60000,
,,,00.000000242000,   5.60000,
,,,00.000000242200,   5.60000,
,,,00.000000242400,   5.60000,
,,,00.000000242600,   5.40000,
,,,00.000000242800,   5.60000,
,,,00.000000243000,   5.60000,
,,,00.000000243200,   5.60000,
,,,00.000000243400,   5.60000,
,,,00.000000243600,   5.60000,
,,,00.000000243800,   5.60000,
,,,00.000000244000,   5.60000,
,,,00.000000244200,   5.60000,
,,,00.000000244400,   5.60000,
,,,00.000000244600,   5.60000,
,,,00.000000244800,   5.60000,
,,,00.000000245000,   5.60000,
,,,00.000000245200,   5.60000,
,,,00.000000245400,   5.60000,
,,,00.000000245600,   5.60000,
,,,00.000000245800,   5.60000,
,,,00.000000246000,   5.60000,
,,,00.000000246200,   5.60000,
,,,00.000000246400,   5.40000,
,,,00.000000246600,   5.40000,
,,,00.000000246800,   5.60000,
,,,00.000000247000,   5.60000,
,,,00.000000247200,   5.60000,
,,,00.000000247400,   5.40000,
,,,00.000000247600,   5.40000,
,,,00.000000247800,   5.40000,
,,,00.000000248000,   5.40000,
,,,00.000000248200,   5.40000,
,,,00.000000248400,   5.60000,
,,,00.000000248600,   5.60000,
,,,00.000000248800,   5.60000,
,,,00.000000249000,   5.60000,
,,,00.000000249200,   5.60000,
,,,00.000000249400,   5.60000,
,,,00.000000249600,   5.60000,
,,,00.000000249800,   5.60000,
,,,00.000000250000,   5.60000,
,,,00.000000250200,   5.60000,
,,,00.000000250400,   5.80000,
,,,00.000000250600,   5.80000,
,,,00.000000250800,   5.80000,
,,,00.000000251000,   5.80000,
,,,00.000000251200,   5.80000,
,,,00.000000251400,   5.60000,
,,,00.000000251600,   5.60000,
,,,00.000000251800,   5.60000,
,,,00.000000252000,   5.60000,
,,,00.000000252200,   5.60000,
,,,00.000000252400,   5.60000,
,,,00.000000252600,   5.60000,
,,,00.000000252800,   5.60000,
,,,00.000000253000,   5.60000,
,,,00.000000253200,   5.60000,
,,,00.000000253400,   5.40000,
,,,00.000000253600,   5.40000,
,,,00.000000253800,   5.40000,
,,,00.000000254000,   5.40000,
,,,00.000000254200,   5.40000,
,,,00.000000254400,   5.60000,
,,,00.000000254600,   5.60000,
,,,00.000000254800,   5.60000,
,,,00.000000255000,   5.60000,
,,,00.000000255200,   5.60000,
,,,00.000000255400,   5.60000,
,,,00.000000255600,   5.60000,
,,,00.000000255800,   5.60000,
,,,00.000000256000,   5.60000,
,,,00.000000256200,   5.60000,
,,,00.000000256400,   5.40000,
,,,00.000000256600,   5.60000,
,,,00.000000256800,   5.60000,
,,,00.000000257000,   5.60000,
,,,00.000000257200,   5.60000,
,,,00.000000257400,   5.60000,
,,,00.000000257600,   5.60000,
,,,00.000000257800,   5.60000,
,,,00.000000258000,   5.60000,
,,,00.000000258200,   5.60000,
,,,00.000000258400,   5.80000,
,,,00.000000258600,   5.80000,
,,,00.000000258800,   5.80000,
,,,00.000000259000,   5.80000,
,,,00.000000259200,   5.80000,
,,,00.000000259400,   5.60000,
,,,00.000000259600,   5.60000,
,,,00.000000259800,   5.60000,
,,,00.000000260000,   5.60000,
,,,00.000000260200,   5.60000,
,,,00.000000260400,   5.40000,
,,,00.000000260600,   5.40000,
,,,00.000000260800,   5.40000,
,,,00.000000261000,   5.40000,
,,,00.000000261200,   5.40000,
,,,00.000000261400,   5.40000,
,,,00.000000261600,   5.40000,
,,,00.000000261800,   5.40000,
,,,00.000000262000,   5.40000,
,,,00.000000262200,   5.40000,
,,,00.000000262400,   5.20000,
,,,00.000000262600,   5.20000,
,,,00.000000262800,   5.20000,
,,,00.000000263000,   5.20000,
,,,00.000000263200,   5.20000,
,,,00.000000263400,   5.20000,
,,,00.000000263600,   5.20000,
,,,00.000000263800,   5.20000,
,,,00.000000264000,   5.20000,
,,,00.000000264200,   5.40000,
,,,00.000000264400,   5.40000,
,,,00.000000264600,   5.40000,
,,,00.000000264800,   5.40000,
,,,00.000000265000,   5.40000,
,,,00.000000265200,   5.40000,
,,,00.000000265400,   5.40000,
,,,00.000000265600,   5.40000,
,,,00.000000265800,   5.40000,
,,,00.000000266000,   5.40000,
,,,00.000000266200,   5.40000,
,,,00.000000266400,   5.40000,
,,,00.000000266600,   5.40000,
,,,00.000000266800,   5.40000,
,,,00.000000267000,   5.40000,
,,,00.000000267200,   5.60000,
,,,00.000000267400,   5.60000,
,,,00.000000267600,   5.60000,
,,,00.000000267800,   5.60000,
,,,00.000000268000,   5.80000,
,,,00.000000268200,   5.80000,
,,,00.000000268400,   5.60000,
,,,00.000000268600,   5.60000,
,,,00.000000268800,   5.60000,
,,,00.000000269000,   5.60000,
,,,00.000000269200,   5.60000,
,,,00.000000269400,   5.60000,
,,,00.000000269600,   5.60000,
,,,00.000000269800,   5.60000,
,,,00.000000270000,   5.60000,
,,,00.000000270200,   5.60000,
,,,00.000000270400,   5.40000,
,,,00.000000270600,   5.40000,
,,,00.000000270800,   5.40000,
,,,00.000000271000,   5.40000,
,,,00.000000271200,   5.40000,
,,,00.000000271400,   5.40000,
,,,00.000000271600,   5.40000,
,,,00.000000271800,   5.40000,
,,,00.000000272000,   5.40000,
,,,00.000000272200,   5.40000,
,,,00.000000272400,   5.40000,
,,,00.000000272600,   5.40000,
,,,00.000000272800,   5.40000,
,,,00.000000273000,   5.40000,
,,,00.000000273200,   5.60000,
,,,00.000000273400,   5.40000,
,,,00.000000273600,   5.40000,
,,,00.000000273800,   5.40000,
,,,00.000000274000,   5.20000,
,,,00.000000274200,   5.20000,
,,,00.000000274400,   5.20000,
,,,00.000000274600,   5.20000,
,,,00.000000274800,   5.20000,
,,,00.000000275000,   5.20000,
,,,00.000000275200,   5.40000,
,,,00.000000275400,   5.40000,
,,,00.000000275600,   5.40000,
,,,00.000000275800,   5.40000,
,,,00.000000276000,   5.40000,
,,,00.000000276200,   5.40000,
,,,00.000000276400,   5.40000,
,,,00.000000276600,   5.40000,
,,,00.000000276800,   5.40000,
,,,00.000000277000,   5.40000,
,,,00.000000277200,   5.40000,
,,,00.000000277400,   5.40000,
,,,00.000000277600,   5.40000,
,,,00.000000277800,   5.40000,
,,,00.000000278000,   5.40000,
,,,00.000000278200,   5.40000,
,,,00.000000278400,   5.40000,
,,,00.000000278600,   5.40000,
,,,00.000000278800,   5.40000,
,,,00.000000279000,   5.60000,
,,,00.000000279200,   5.60000,
,,,00.000000279400,   5.40000,
,,,00.000000279600,   5.40000,
,,,00.000000279800,   5.40000,
,,,00.000000280000,   5.40000,
,,,00.000000280200,   5.40000,
,,,00.000000280400,   5.40000,
,,,00.000000280600,   5.20000,
,,,00.000000280800,   5.00000,
,,,00.000000281000,   5.20000,
,,,00.000000281200,   5.20000,
,,,00.000000281400,   5.20000,
,,,00.000000281600,   5.20000,
,,,00.000000281800,   5.20000,
,,,00.000000282000,   5.00000,
,,,00.000000282200,   5.20000,
,,,00.000000282400,   5.40000,
,,,00.000000282600,   5.40000,
,,,00.000000282800,   5.40000,
,,,00.000000283000,   5.40000,
,,,00.000000283200,   5.40000,
,,,00.000000283400,   5.40000,
,,,00.000000283600,   5.40000,
,,,00.000000283800,   5.20000,
,,,00.000000284000,   5.20000,
,,,00.000000284200,   5.40000,
,,,00.000000284400,   5.20000,
,,,00.000000284600,   5.20000,
,,,00.000000284800,   5.20000,
,,,00.000000285000,   5.20000,
,,,00.000000285200,   5.00000,
,,,00.000000285400,   4.80000,
,,,00.000000285600,   4.80000,
,,,00.000000285800,   4.80000,
,,,00.000000286000,   4.80000,
,,,00.000000286200,   5.00000,
,,,00.000000286400,   5.00000,
,,,00.000000286600,   5.00000,
,,,00.000000286800,   5.20000,
,,,00.000000287000,   5.20000,
,,,00.000000287200,   5.40000,
,,,00.000000287400,   5.40000,
,,,00.000000287600,   5.40000,
,,,00.000000287800,   5.40000,
,,,00.000000288000,   5.40000,
,,,00.000000288200,   5.40000,
,,,00.000000288400,   5.40000,
,,,00.000000288600,   5.40000,
,,,00.000000288800,   5.40000,
,,,00.000000289000,   5.40000,
,,,00.000000289200,   5.40000,
,,,00.000000289400,   5.40000,
,,,00.000000289600,   5.40000,
,,,00.000000289800,   5.40000,
,,,00.000000290000,   5.40000,
,,,00.000000290200,   5.40000,
,,,00.000000290400,   5.20000,
,,,00.000000290600,   5.20000,
,,,00.000000290800,   5.20000,
,,,00.000000291000,   5.20000,
,,,00.000000291200,   5.20000,
,,,00.000000291400,   5.20000,
,,,00.000000291600,   5.40000,
,,,00.000000291800,   5.40000,
,,,00.000000292000,   5.20000,
,,,00.000000292200,   5.20000,
,,,00.000000292400,   5.20000,
,,,00.000000292600,   5.20000,
,,,00.000000292800,   5.20000,
,,,00.000000293000,   5.20000,
,,,00.000000293200,   5.20000,
,,,00.000000293400,   5.20000,
,,,00.000000293600,   5.20000,
,,,00.000000293800,   5.20000,
,,,00.000000294000,   5.20000,
,,,00.000000294200,   5.40000,
,,,00.000000294400,   5.40000,
,,,00.000000294600,   5.20000,
,,,00.000000294800,   5.20000,
,,,00.000000295000,   5.20000,
,,,00.000000295200,   5.20000,
,,,00.000000295400,   5.20000,
,,,00.000000295600,   5.20000,
,,,00.000000295800,   5.20000,
,,,00.000000296000,   5.20000,
,,,00.000000296200,   5.20000,
,,,00.000000296400,   5.20000,
,,,00.000000296600,   5.20000,
,,,00.000000296800,   5.20000,
,,,00.000000297000,   5.20000,
,,,00.000000297200,   5.20000,
,,,00.000000297400,   5.20000,
,,,00.000000297600,   5.20000,
,,,00.000000297800,   5.20000,
,,,00.000000298000,   5.20000,
,,,00.000000298200,   5.20000,
,,,00.000000298400,   5.40000,
,,,00.000000298600,   5.40000,
,,,00.000000298800,   5.40000,
,,,00.000000299000,   5.40000,
,,,00.000000299200,   5.40000,
,,,00.000000299400,   5.20000,
,,,00.000000299600,   5.20000,
,,,00.000000299800,   5.20000,
,,,00.000000300000,   5.20000,
,,,00.000000300200,   5.20000,
,,,00.000000300400,   5.00000,
,,,00.000000300600,   5.00000,
,,,00.000000300800,   5.00000,
,,,00.000000301000,   5.00000,
,,,00.000000301200,   5.00000,
,,,00.000000301400,   5.20000,
,,,00.000000301600,   5.20000,
,,,00.000000301800,   5.20000,
,,,00.000000302000,   5.20000,
,,,00.000000302200,   5.40000,
,,,00.000000302400,   5.40000,
,,,00.000000302600,   5.40000,
,,,00.000000302800,   5.40000,
,,,00.000000303000,   5.60000,
,,,00.000000303200,   5.60000,
,,,00.000000303400,   5.60000,
,,,00.000000303600,   5.40000,
,,,00.000000303800,   5.40000,
,,,00.000000304000,   5.40000,
,,,00.000000304200,   5.40000,
,,,00.000000304400,   5.40000,
,,,00.000000304600,   5.40000,
,,,00.000000304800,   5.20000,
,,,00.000000305000,   5.20000,
,,,00.000000305200,   5.20000,
,,,00.000000305400,   5.20000,
,,,00.000000305600,   5.20000,
,,,00.000000305800,   5.20000,
,,,00.000000306000,   5.20000,
,,,00.000000306200,   5.40000,
,,,00.000000306400,   5.40000,
,,,00.000000306600,   5.20000,
,,,00.000000306800,   5.20000,
,,,00.000000307000,   5.20000,
,,,00.000000307200,   5.20000,
,,,00.000000307400,   5.20000,
,,,00.000000307600,   5.20000,
,,,00.000000307800,   5.20000,
,,,00.000000308000,   5.20000,
,,,00.000000308200,   5.20000,
,,,00.000000308400,   5.20000,
,,,00.000000308600,   5.20000,
,,,00.000000308800,   5.20000,
,,,00.000000309000,   5.20000,
,,,00.000000309200,   5.40000,
,,,00.000000309400,   5.40000,
,,,00.000000309600,   5.20000,
,,,00.000000309800,   5.20000,
,,,00.000000310000,   5.20000,
,,,00.000000310200,   5.20000,
,,,00.000000310400,   5.00000,
,,,00.000000310600,   5.00000,
,,,00.000000310800,   5.00000,
,,,00.000000311000,   5.00000,
,,,00.000000311200,   5.00000,
,,,00.000000311400,   5.00000,
,,,00.000000311600,   5.00000,
,,,00.000000311800,   5.00000,
,,,00.000000312000,   5.00000,
,,,00.000000312200,   5.00000,
,,,00.000000312400,   5.00000,
,,,00.000000312600,   5.00000,
,,,00.000000312800,   5.00000,
,,,00.000000313000,   5.00000,
,,,00.000000313200,   5.00000,
,,,00.000000313400,   5.00000,
,,,00.000000313600,   5.00000,
,,,00.000000313800,   5.00000,
,,,00.000000314000,   5.00000,
,,,00.000000314200,   5.20000,
,,,00.000000314400,   5.00000,
,,,00.000000314600,   5.00000,
,,,00.000000314800,   5.00000,
,,,00.000000315000,   5.00000,
,,,00.000000315200,   4.80000,
,,,00.000000315400,   4.80000,
,,,00.000000315600,   4.80000,
,,,00.000000315800,   4.80000,
,,,00.000000316000,   4.80000,
,,,00.000000316200,   5.00000,
,,,00.000000316400,   4.80000,
,,,00.000000316600,   4.80000,
,,,00.000000316800,   4.80000,
,,,00.000000317000,   4.80000,
,,,00.000000317200,   4.80000,
,,,00.000000317400,   5.00000,
,,,00.000000317600,   5.00000,
,,,00.000000317800,   5.00000,
,,,00.000000318000,   5.00000,
,,,00.000000318200,   5.20000,
,,,00.000000318400,   5.20000,
,,,00.000000318600,   5.20000,
,,,00.000000318800,   5.20000,
,,,00.000000319000,   5.20000,
,,,00.000000319200,   5.20000,
,,,00.000000319400,   5.20000,
,,,00.000000319600,   5.20000,
,,,00.000000319800,   5.20000,
,,,00.000000320000,   5.20000,
,,,00.000000320200,   5.40000,
,,,00.000000320400,   5.20000,
,,,00.000000320600,   5.20000,
,,,00.000000320800,   5.20000,
,,,00.000000321000,   5.20000,
,,,00.000000321200,   5.20000,
,,,00.000000321400,   5.20000,
,,,00.000000321600,   5.00000,
,,,00.000000321800,   5.00000,
,,,00.000000322000,   5.20000,
,,,00.000000322200,   5.20000,
,,,00.000000322400,   5.20000,
,,,00.000000322600,   5.20000,
,,,00.000000322800,   5.00000,
,,,00.000000323000,   5.00000,
,,,00.000000323200,   5.20000,
,,,00.000000323400,   5.00000,
,,,00.000000323600,   5.00000,
,,,00.000000323800,   5.00000,
