Record Length,2.500000e+03,,   0.000031000000,  -0.80000,
Sample Interval,2.000000e-08,,   0.000031020000,  -0.80000,
Trigger Point,-1.550000000000e+03,,   0.000031040000,  -1.20000,
,,,   0.000031060000,  -0.80000,
,,,   0.000031080000,  -1.20000,
,,,   0.000031100000,  -1.20000,
Source,MATH,,   0.000031120000,  -1.20000,
Vertical Units,V,,   0.000031140000,  -1.20000,
Vertical Scale,1.000000e+01,,   0.000031160000,  -0.80000,
Vertical Offset,0.000000e+00,,   0.000031180000,  -1.20000,
Horizontal Units,s,,   0.000031200000,  -1.20000,
Horizontal Scale,5.000000e-06,,   0.000031220000,  -1.20000,
Pt Fmt,Y,,   0.000031240000,  -0.80000,
Yzero,0.000000e+00,,   0.000031260000,  -0.40000,
Probe Atten,1.000000e+00,,   0.000031280000,  -1.20000,
Model Number,TDS2004C,,   0.000031300000,  -1.20000,
Serial Number,C012246,,   0.000031320000,  -0.80000,
Firmware Version,FV:v24.18,,   0.000031340000,  -0.80000,
,,,0.000031360000,  -1.20000,
,,,0.000031380000,  -0.80000,
,,,0.000031400000,  -1.20000,
,,,0.000031420000,  -0.80000,
,,,0.000031440000,  -1.60000,
,,,0.000031460000,  -1.20000,
,,,0.000031480000,  -1.20000,
,,,0.000031500000,  -0.80000,
,,,0.000031520000,  -1.20000,
,,,0.000031540000,  -0.80000,
,,,0.000031560000,  -1.20000,
,,,0.000031580000,  -0.80000,
,,,0.000031600000,  -0.80000,
,,,0.000031620000,  -1.20000,
,,,0.000031640000,  -0.80000,
,,,0.000031660000,  -1.20000,
,,,0.000031680000,  -0.80000,
,,,0.000031700000,  -0.80000,
,,,0.000031720000,  -1.20000,
,,,0.000031740000,  -0.80000,
,,,0.000031760000,  -1.20000,
,,,0.000031780000,  -1.20000,
,,,0.000031800000,  -0.80000,
,,,0.000031820000,  -0.80000,
,,,0.000031840000,  -0.80000,
,,,0.000031860000,  -1.20000,
,,,0.000031880000,  -1.20000,
,,,0.000031900000,  -1.20000,
,,,0.000031920000,  -1.20000,
,,,0.000031940000,  -1.20000,
,,,0.000031960000,  -1.20000,
,,,0.000031980000,  -0.80000,
,,,0.000032000000,  -0.80000,
,,,0.000032020000,  -0.80000,
,,,0.000032040000,  -0.80000,
,,,0.000032060000,  -0.80000,
,,,0.000032080000,  -1.20000,
,,,0.000032100000,  -1.20000,
,,,0.000032120000,  -0.80000,
,,,0.000032140000,  -1.20000,
,,,0.000032160000,  -0.80000,
,,,0.000032180000,  -1.20000,
,,,0.000032200000,  -0.80000,
,,,0.000032220000,  -1.20000,
,,,0.000032240000,  -0.80000,
,,,0.000032260000,  -0.80000,
,,,0.000032280000,  -0.80000,
,,,0.000032300000,  -1.20000,
,,,0.000032320000,  -0.80000,
,,,0.000032340000,  -1.20000,
,,,0.000032360000,  -0.40000,
,,,0.000032380000,  -0.40000,
,,,0.000032400000,  -0.80000,
,,,0.000032420000,  -1.20000,
,,,0.000032440000,  -1.20000,
,,,0.000032460000,  -0.80000,
,,,0.000032480000,  -0.80000,
,,,0.000032500000,  -0.80000,
,,,0.000032520000,  -0.80000,
,,,0.000032540000,  -0.80000,
,,,0.000032560000,  -0.80000,
,,,0.000032580000,  -0.80000,
,,,0.000032600000,  -0.80000,
,,,0.000032620000,  -0.80000,
,,,0.000032640000,  -0.80000,
,,,0.000032660000,  -0.80000,
,,,0.000032680000,  -0.80000,
,,,0.000032700000,  -1.20000,
,,,0.000032720000,  -1.20000,
,,,0.000032740000,  -1.20000,
,,,0.000032760000,  -0.80000,
,,,0.000032780000,  -1.20000,
,,,0.000032800000,  -0.80000,
,,,0.000032820000,  -0.80000,
,,,0.000032840000,  -0.40000,
,,,0.000032860000,  -1.20000,
,,,0.000032880000,  -0.80000,
,,,0.000032900000,  -0.80000,
,,,0.000032920000,  -0.80000,
,,,0.000032940000,  -0.80000,
,,,0.000032960000,  -0.80000,
,,,0.000032980000,  -0.40000,
,,,0.000033000000,  -0.80000,
,,,0.000033020000,  -0.40000,
,,,0.000033040000,  -0.80000,
,,,0.000033060000,  -0.40000,
,,,0.000033080000,  -0.40000,
,,,0.000033100000,  -1.20000,
,,,0.000033120000,  -0.80000,
,,,0.000033140000,  -0.40000,
,,,0.000033160000,  -0.80000,
,,,0.000033180000,  -0.80000,
,,,0.000033200000,  -0.80000,
,,,0.000033220000,  -0.40000,
,,,0.000033240000,  -0.40000,
,,,0.000033260000,  -0.40000,
,,,0.000033280000,   0.00000,
,,,0.000033300000,  -0.40000,
,,,0.000033320000,  -0.40000,
,,,0.000033340000,  -0.80000,
,,,0.000033360000,  -0.40000,
,,,0.000033380000,  -0.80000,
,,,0.000033400000,   0.00000,
,,,0.000033420000,  -0.80000,
,,,0.000033440000,  -0.40000,
,,,0.000033460000,  -0.80000,
,,,0.000033480000,  -0.40000,
,,,0.000033500000,  -0.80000,
,,,0.000033520000,  -0.80000,
,,,0.000033540000,  -0.80000,
,,,0.000033560000,  -0.40000,
,,,0.000033580000,  -1.20000,
,,,0.000033600000,  -0.40000,
,,,0.000033620000,  -0.40000,
,,,0.000033640000,  -0.40000,
,,,0.000033660000,  -0.40000,
,,,0.000033680000,  -0.40000,
,,,0.000033700000,  -0.40000,
,,,0.000033720000,  -0.40000,
,,,0.000033740000,  -0.40000,
,,,0.000033760000,  -0.40000,
,,,0.000033780000,  -0.40000,
,,,0.000033800000,  -0.80000,
,,,0.000033820000,  -0.40000,
,,,0.000033840000,  -0.80000,
,,,0.000033860000,  -0.40000,
,,,0.000033880000,  -0.40000,
,,,0.000033900000,  -0.40000,
,,,0.000033920000,  -0.40000,
,,,0.000033940000,  -0.40000,
,,,0.000033960000,  -0.40000,
,,,0.000033980000,  -0.40000,
,,,0.000034000000,   0.00000,
,,,0.000034020000,  -0.40000,
,,,0.000034040000,   0.00000,
,,,0.000034060000,  -0.40000,
,,,0.000034080000,  -0.40000,
,,,0.000034100000,   0.00000,
,,,0.000034120000,  -0.40000,
,,,0.000034140000,  -0.40000,
,,,0.000034160000,  -0.40000,
,,,0.000034180000,   0.40000,
,,,0.000034200000,  -0.40000,
,,,0.000034220000,  -0.80000,
,,,0.000034240000,  -0.40000,
,,,0.000034260000,  -0.40000,
,,,0.000034280000,  -0.80000,
,,,0.000034300000,   0.00000,
,,,0.000034320000,  -0.40000,
,,,0.000034340000,  -0.40000,
,,,0.000034360000,   0.00000,
,,,0.000034380000,  -0.80000,
,,,0.000034400000,  -0.40000,
,,,0.000034420000,  -0.80000,
,,,0.000034440000,   0.00000,
,,,0.000034460000,   0.00000,
,,,0.000034480000,  -0.40000,
,,,0.000034500000,  -0.40000,
,,,0.000034520000,  -0.40000,
,,,0.000034540000,  -0.80000,
,,,0.000034560000,   0.00000,
,,,0.000034580000,  -0.40000,
,,,0.000034600000,  -0.40000,
,,,0.000034620000,   0.00000,
,,,0.000034640000,  -0.40000,
,,,0.000034660000,   0.00000,
,,,0.000034680000,  -0.40000,
,,,0.000034700000,  -0.40000,
,,,0.000034720000,  -0.40000,
,,,0.000034740000,  -0.40000,
,,,0.000034760000,  -0.40000,
,,,0.000034780000,   0.00000,
,,,0.000034800000,  -0.40000,
,,,0.000034820000,   0.00000,
,,,0.000034840000,   0.00000,
,,,0.000034860000,   0.00000,
,,,0.000034880000,   0.00000,
,,,0.000034900000,   0.00000,
,,,0.000034920000,   0.00000,
,,,0.000034940000,   0.00000,
,,,0.000034960000,   0.00000,
,,,0.000034980000,   0.00000,
,,,0.000035000000,   0.40000,
,,,0.000035020000,   0.00000,
,,,0.000035040000,  -0.40000,
,,,0.000035060000,  -0.40000,
,,,0.000035080000,  -0.40000,
,,,0.000035100000,   0.00000,
,,,0.000035120000,  -0.40000,
,,,0.000035140000,  -0.40000,
,,,0.000035160000,  -0.40000,
,,,0.000035180000,  -0.40000,
,,,0.000035200000,   0.00000,
,,,0.000035220000,   0.00000,
,,,0.000035240000,   0.00000,
,,,0.000035260000,  -0.40000,
,,,0.000035280000,   0.00000,
,,,0.000035300000,   0.00000,
,,,0.000035320000,   0.40000,
,,,0.000035340000,   0.00000,
,,,0.000035360000,   0.00000,
,,,0.000035380000,   0.00000,
,,,0.000035400000,  -0.40000,
,,,0.000035420000,   0.00000,
,,,0.000035440000,   0.00000,
,,,0.000035460000,   0.00000,
,,,0.000035480000,   0.00000,
,,,0.000035500000,   0.00000,
,,,0.000035520000,   0.00000,
,,,0.000035540000,  -0.40000,
,,,0.000035560000,  -0.40000,
,,,0.000035580000,   0.00000,
,,,0.000035600000,   0.40000,
,,,0.000035620000,   0.00000,
,,,0.000035640000,   0.40000,
,,,0.000035660000,   0.00000,
,,,0.000035680000,   0.00000,
,,,0.000035700000,  -0.40000,
,,,0.000035720000,   0.00000,
,,,0.000035740000,   0.00000,
,,,0.000035760000,   0.00000,
,,,0.000035780000,   0.40000,
,,,0.000035800000,   0.00000,
,,,0.000035820000,   0.00000,
,,,0.000035840000,  -0.80000,
,,,0.000035860000,  -4.80000,
,,,0.000035880000,  -8.40000,
,,,0.000035900000, -11.20000,
,,,0.000035920000, -12.80000,
,,,0.000035940000, -12.80000,
,,,0.000035960000, -12.80000,
,,,0.000035980000, -13.20000,
,,,0.000036000000, -13.60000,
,,,0.000036020000, -13.20000,
,,,0.000036040000, -13.60000,
,,,0.000036060000, -13.20000,
,,,0.000036080000, -12.80000,
,,,0.000036100000, -12.80000,
,,,0.000036120000, -12.40000,
,,,0.000036140000, -12.00000,
,,,0.000036160000, -12.00000,
,,,0.000036180000, -11.60000,
,,,0.000036200000, -11.60000,
,,,0.000036220000, -11.20000,
,,,0.000036240000, -11.20000,
,,,0.000036260000, -11.60000,
,,,0.000036280000, -11.20000,
,,,0.000036300000, -10.80000,
,,,0.000036320000, -10.40000,
,,,0.000036340000, -10.00000,
,,,0.000036360000, -10.40000,
,,,0.000036380000, -10.40000,
,,,0.000036400000, -10.00000,
,,,0.000036420000,  -9.60000,
,,,0.000036440000,  -9.60000,
,,,0.000036460000,  -9.60000,
,,,0.000036480000,  -9.20000,
,,,0.000036500000,  -9.20000,
,,,0.000036520000,  -9.20000,
,,,0.000036540000,  -8.80000,
,,,0.000036560000,  -8.80000,
,,,0.000036580000,  -8.80000,
,,,0.000036600000,  -8.80000,
,,,0.000036620000,  -8.80000,
,,,0.000036640000,  -8.00000,
,,,0.000036660000,  -8.40000,
,,,0.000036680000,  -8.00000,
,,,0.000036700000,  -8.00000,
,,,0.000036720000,  -8.00000,
,,,0.000036740000,  -7.20000,
,,,0.000036760000,  -7.20000,
,,,0.000036780000,  -7.60000,
,,,0.000036800000,  -7.20000,
,,,0.000036820000,  -7.20000,
,,,0.000036840000,  -7.20000,
,,,0.000036860000,  -6.80000,
,,,0.000036880000,  -6.80000,
,,,0.000036900000,  -6.80000,
,,,0.000036920000,  -6.40000,
,,,0.000036940000,  -6.00000,
,,,0.000036960000,  -6.40000,
,,,0.000036980000,  -6.00000,
,,,0.000037000000,  -6.40000,
,,,0.000037020000,  -6.40000,
,,,0.000037040000,  -5.60000,
,,,0.000037060000,  -6.00000,
,,,0.000037080000,  -6.00000,
,,,0.000037100000,  -5.60000,
,,,0.000037120000,  -6.00000,
,,,0.000037140000,  -5.20000,
,,,0.000037160000,  -5.60000,
,,,0.000037180000,  -5.20000,
,,,0.000037200000,  -4.80000,
,,,0.000037220000,  -5.20000,
,,,0.000037240000,  -5.20000,
,,,0.000037260000,  -5.20000,
,,,0.000037280000,  -4.80000,
,,,0.000037300000,  -4.80000,
,,,0.000037320000,  -4.80000,
,,,0.000037340000,  -4.80000,
,,,0.000037360000,  -4.40000,
,,,0.000037380000,  -4.80000,
,,,0.000037400000,  -4.40000,
,,,0.000037420000,  -4.40000,
,,,0.000037440000,  -4.40000,
,,,0.000037460000,  -4.00000,
,,,0.000037480000,  -4.40000,
,,,0.000037500000,  -4.80000,
,,,0.000037520000,  -4.40000,
,,,0.000037540000,  -4.00000,
,,,0.000037560000,  -3.60000,
,,,0.000037580000,  -3.60000,
,,,0.000037600000,  -3.60000,
,,,0.000037620000,  -4.00000,
,,,0.000037640000,  -4.00000,
,,,0.000037660000,  -3.60000,
,,,0.000037680000,  -4.40000,
,,,0.000037700000,  -3.60000,
,,,0.000037720000,  -4.00000,
,,,0.000037740000,  -3.60000,
,,,0.000037760000,  -3.60000,
,,,0.000037780000,  -3.20000,
,,,0.000037800000,  -3.20000,
,,,0.000037820000,  -3.20000,
,,,0.000037840000,  -3.20000,
,,,0.000037860000,  -3.20000,
,,,0.000037880000,  -3.20000,
,,,0.000037900000,  -3.20000,
,,,0.000037920000,  -3.60000,
,,,0.000037940000,  -3.20000,
,,,0.000037960000,  -3.20000,
,,,0.000037980000,  -2.80000,
,,,0.000038000000,  -3.20000,
,,,0.000038020000,  -3.20000,
,,,0.000038040000,  -2.80000,
,,,0.000038060000,  -2.80000,
,,,0.000038080000,  -2.80000,
,,,0.000038100000,  -2.40000,
,,,0.000038120000,  -2.40000,
,,,0.000038140000,  -2.80000,
,,,0.000038160000,  -2.80000,
,,,0.000038180000,  -2.40000,
,,,0.000038200000,  -2.40000,
,,,0.000038220000,  -2.80000,
,,,0.000038240000,  -2.40000,
,,,0.000038260000,  -2.40000,
,,,0.000038280000,  -2.40000,
,,,0.000038300000,  -2.40000,
,,,0.000038320000,  -2.00000,
,,,0.000038340000,  -2.40000,
,,,0.000038360000,  -2.40000,
,,,0.000038380000,  -2.00000,
,,,0.000038400000,  -2.00000,
,,,0.000038420000,  -2.00000,
,,,0.000038440000,  -2.40000,
,,,0.000038460000,  -2.40000,
,,,0.000038480000,  -2.00000,
,,,0.000038500000,  -2.40000,
,,,0.000038520000,  -2.00000,
,,,0.000038540000,  -2.00000,
,,,0.000038560000,  -2.00000,
,,,0.000038580000,  -2.40000,
,,,0.000038600000,  -2.40000,
,,,0.000038620000,  -2.00000,
,,,0.000038640000,  -2.00000,
,,,0.000038660000,  -2.00000,
,,,0.000038680000,  -1.60000,
,,,0.000038700000,  -2.00000,
,,,0.000038720000,  -1.60000,
,,,0.000038740000,  -1.60000,
,,,0.000038760000,  -1.60000,
,,,0.000038780000,  -1.60000,
,,,0.000038800000,  -2.00000,
,,,0.000038820000,  -2.00000,
,,,0.000038840000,  -2.00000,
,,,0.000038860000,  -1.60000,
,,,0.000038880000,  -1.20000,
,,,0.000038900000,  -1.60000,
,,,0.000038920000,  -1.60000,
,,,0.000038940000,  -2.00000,
,,,0.000038960000,  -2.00000,
,,,0.000038980000,  -1.60000,
,,,0.000039000000,  -1.20000,
,,,0.000039020000,  -1.60000,
,,,0.000039040000,  -1.60000,
,,,0.000039060000,  -1.60000,
,,,0.000039080000,  -1.60000,
,,,0.000039100000,  -1.60000,
,,,0.000039120000,  -1.60000,
,,,0.000039140000,  -1.60000,
,,,0.000039160000,  -1.20000,
,,,0.000039180000,  -1.20000,
,,,0.000039200000,  -1.60000,
,,,0.000039220000,  -1.20000,
,,,0.000039240000,  -1.60000,
,,,0.000039260000,  -1.60000,
,,,0.000039280000,  -1.60000,
,,,0.000039300000,  -1.20000,
,,,0.000039320000,  -1.20000,
,,,0.000039340000,  -1.60000,
,,,0.000039360000,  -1.60000,
,,,0.000039380000,  -1.60000,
,,,0.000039400000,  -1.20000,
,,,0.000039420000,  -1.20000,
,,,0.000039440000,  -1.20000,
,,,0.000039460000,  -1.20000,
,,,0.000039480000,  -1.20000,
,,,0.000039500000,  -1.20000,
,,,0.000039520000,  -1.20000,
,,,0.000039540000,  -1.20000,
,,,0.000039560000,  -0.80000,
,,,0.000039580000,  -1.20000,
,,,0.000039600000,  -1.20000,
,,,0.000039620000,  -0.80000,
,,,0.000039640000,  -0.80000,
,,,0.000039660000,  -1.20000,
,,,0.000039680000,  -1.20000,
,,,0.000039700000,  -1.20000,
,,,0.000039720000,  -1.20000,
,,,0.000039740000,  -0.80000,
,,,0.000039760000,  -1.20000,
,,,0.000039780000,  -1.60000,
,,,0.000039800000,  -1.20000,
,,,0.000039820000,  -1.20000,
,,,0.000039840000,  -1.20000,
,,,0.000039860000,  -1.20000,
,,,0.000039880000,  -1.20000,
,,,0.000039900000,  -1.20000,
,,,0.000039920000,  -1.20000,
,,,0.000039940000,  -0.80000,
,,,0.000039960000,  -1.20000,
,,,0.000039980000,  -1.20000,
,,,0.000040000000,  -1.60000,
,,,0.000040020000,  -1.20000,
,,,0.000040040000,  -0.80000,
,,,0.000040060000,  -1.20000,
,,,0.000040080000,  -0.80000,
,,,0.000040100000,  -0.80000,
,,,0.000040120000,  -0.80000,
,,,0.000040140000,  -1.20000,
,,,0.000040160000,  -1.20000,
,,,0.000040180000,  -1.20000,
,,,0.000040200000,  -1.20000,
,,,0.000040220000,  -0.80000,
,,,0.000040240000,  -1.20000,
,,,0.000040260000,  -0.80000,
,,,0.000040280000,  -0.40000,
,,,0.000040300000,  -0.80000,
,,,0.000040320000,  -1.20000,
,,,0.000040340000,  -1.20000,
,,,0.000040360000,  -1.20000,
,,,0.000040380000,  -0.80000,
,,,0.000040400000,  -0.80000,
,,,0.000040420000,  -1.20000,
,,,0.000040440000,  -0.80000,
,,,0.000040460000,  -0.80000,
,,,0.000040480000,  -0.80000,
,,,0.000040500000,  -0.80000,
,,,0.000040520000,  -0.40000,
,,,0.000040540000,  -0.80000,
,,,0.000040560000,  -1.20000,
,,,0.000040580000,  -1.20000,
,,,0.000040600000,  -0.80000,
,,,0.000040620000,  -1.20000,
,,,0.000040640000,  -0.80000,
,,,0.000040660000,  -0.40000,
,,,0.000040680000,  -0.80000,
,,,0.000040700000,  -0.80000,
,,,0.000040720000,  -0.80000,
,,,0.000040740000,  -0.80000,
,,,0.000040760000,  -1.20000,
,,,0.000040780000,  -1.20000,
,,,0.000040800000,  -1.20000,
,,,0.000040820000,  -0.80000,
,,,0.000040840000,  -0.80000,
,,,0.000040860000,  -0.80000,
,,,0.000040880000,  -0.40000,
,,,0.000040900000,  -0.80000,
,,,0.000040920000,  -0.80000,
,,,0.000040940000,  -0.80000,
,,,0.000040960000,  -0.80000,
,,,0.000040980000,  -0.80000,
,,,0.000041000000,  -0.80000,
,,,0.000041020000,  -0.80000,
,,,0.000041040000,  -0.80000,
,,,0.000041060000,  -0.40000,
,,,0.000041080000,  -0.80000,
,,,0.000041100000,  -0.80000,
,,,0.000041120000,  -1.20000,
,,,0.000041140000,  -0.80000,
,,,0.000041160000,  -0.40000,
,,,0.000041180000,  -0.80000,
,,,0.000041200000,  -0.80000,
,,,0.000041220000,  -0.80000,
,,,0.000041240000,  -0.40000,
,,,0.000041260000,  -0.40000,
,,,0.000041280000,  -0.40000,
,,,0.000041300000,  -0.80000,
,,,0.000041320000,  -0.80000,
,,,0.000041340000,  -1.20000,
,,,0.000041360000,  -0.80000,
,,,0.000041380000,  -0.80000,
,,,0.000041400000,  -0.40000,
,,,0.000041420000,  -1.20000,
,,,0.000041440000,  -0.80000,
,,,0.000041460000,  -1.20000,
,,,0.000041480000,  -0.40000,
,,,0.000041500000,  -0.40000,
,,,0.000041520000,  -0.80000,
,,,0.000041540000,  -0.40000,
,,,0.000041560000,  -0.40000,
,,,0.000041580000,  -0.80000,
,,,0.000041600000,  -0.80000,
,,,0.000041620000,  -1.20000,
,,,0.000041640000,  -1.20000,
,,,0.000041660000,  -0.40000,
,,,0.000041680000,  -0.80000,
,,,0.000041700000,  -0.80000,
,,,0.000041720000,  -0.80000,
,,,0.000041740000,  -0.80000,
,,,0.000041760000,  -1.20000,
,,,0.000041780000,  -0.80000,
,,,0.000041800000,  -0.80000,
,,,0.000041820000,  -0.80000,
,,,0.000041840000,  -0.80000,
,,,0.000041860000,  -1.20000,
,,,0.000041880000,  -0.80000,
,,,0.000041900000,  -0.80000,
,,,0.000041920000,  -0.40000,
,,,0.000041940000,  -0.80000,
,,,0.000041960000,  -0.40000,
,,,0.000041980000,  -1.20000,
,,,0.000042000000,  -1.20000,
,,,0.000042020000,  -0.40000,
,,,0.000042040000,  -0.80000,
,,,0.000042060000,  -0.80000,
,,,0.000042080000,  -1.20000,
,,,0.000042100000,  -1.20000,
,,,0.000042120000,  -0.80000,
,,,0.000042140000,  -1.20000,
,,,0.000042160000,  -1.20000,
,,,0.000042180000,  -0.80000,
,,,0.000042200000,  -0.80000,
,,,0.000042220000,  -1.20000,
,,,0.000042240000,  -0.80000,
,,,0.000042260000,  -0.80000,
,,,0.000042280000,  -0.80000,
,,,0.000042300000,  -1.20000,
,,,0.000042320000,  -1.20000,
,,,0.000042340000,  -0.80000,
,,,0.000042360000,  -0.40000,
,,,0.000042380000,  -0.80000,
,,,0.000042400000,  -0.80000,
,,,0.000042420000,  -0.80000,
,,,0.000042440000,  -0.80000,
,,,0.000042460000,  -0.80000,
,,,0.000042480000,  -0.80000,
,,,0.000042500000,  -0.80000,
,,,0.000042520000,  -0.80000,
,,,0.000042540000,  -1.20000,
,,,0.000042560000,  -1.20000,
,,,0.000042580000,  -0.80000,
,,,0.000042600000,  -1.20000,
,,,0.000042620000,  -1.20000,
,,,0.000042640000,  -0.80000,
,,,0.000042660000,  -1.20000,
,,,0.000042680000,  -1.20000,
,,,0.000042700000,  -0.80000,
,,,0.000042720000,  -0.80000,
,,,0.000042740000,  -0.80000,
,,,0.000042760000,  -1.20000,
,,,0.000042780000,  -0.80000,
,,,0.000042800000,  -0.80000,
,,,0.000042820000,  -1.20000,
,,,0.000042840000,  -1.20000,
,,,0.000042860000,  -1.20000,
,,,0.000042880000,  -0.80000,
,,,0.000042900000,  -0.80000,
,,,0.000042920000,  -0.40000,
,,,0.000042940000,  -0.80000,
,,,0.000042960000,  -0.80000,
,,,0.000042980000,  -1.20000,
,,,0.000043000000,  -1.20000,
,,,0.000043020000,  -0.80000,
,,,0.000043040000,  -0.80000,
,,,0.000043060000,  -0.80000,
,,,0.000043080000,  -1.20000,
,,,0.000043100000,  -0.80000,
,,,0.000043120000,  -0.40000,
,,,0.000043140000,  -0.80000,
,,,0.000043160000,  -0.80000,
,,,0.000043180000,  -1.20000,
,,,0.000043200000,  -0.80000,
,,,0.000043220000,  -0.80000,
,,,0.000043240000,  -0.80000,
,,,0.000043260000,  -0.80000,
,,,0.000043280000,  -0.80000,
,,,0.000043300000,  -0.80000,
,,,0.000043320000,  -1.20000,
,,,0.000043340000,  -0.80000,
,,,0.000043360000,  -1.20000,
,,,0.000043380000,  -0.80000,
,,,0.000043400000,  -1.20000,
,,,0.000043420000,  -1.20000,
,,,0.000043440000,  -1.20000,
,,,0.000043460000,  -1.20000,
,,,0.000043480000,  -0.80000,
,,,0.000043500000,  -0.80000,
,,,0.000043520000,  -0.80000,
,,,0.000043540000,  -1.20000,
,,,0.000043560000,  -0.80000,
,,,0.000043580000,  -1.20000,
,,,0.000043600000,  -1.60000,
,,,0.000043620000,  -1.60000,
,,,0.000043640000,  -0.80000,
,,,0.000043660000,  -1.20000,
,,,0.000043680000,  -1.20000,
,,,0.000043700000,  -1.20000,
,,,0.000043720000,  -1.20000,
,,,0.000043740000,  -0.80000,
,,,0.000043760000,  -1.20000,
,,,0.000043780000,  -1.20000,
,,,0.000043800000,  -1.20000,
,,,0.000043820000,  -1.20000,
,,,0.000043840000,  -1.20000,
,,,0.000043860000,  -1.20000,
,,,0.000043880000,  -1.20000,
,,,0.000043900000,  -0.80000,
,,,0.000043920000,  -1.20000,
,,,0.000043940000,  -1.20000,
,,,0.000043960000,  -1.60000,
,,,0.000043980000,  -1.20000,
,,,0.000044000000,  -1.20000,
,,,0.000044020000,  -1.60000,
,,,0.000044040000,  -0.80000,
,,,0.000044060000,  -1.20000,
,,,0.000044080000,  -0.80000,
,,,0.000044100000,  -1.20000,
,,,0.000044120000,  -1.60000,
,,,0.000044140000,  -1.20000,
,,,0.000044160000,  -1.20000,
,,,0.000044180000,  -1.60000,
,,,0.000044200000,  -1.20000,
,,,0.000044220000,  -1.20000,
,,,0.000044240000,  -1.20000,
,,,0.000044260000,  -1.20000,
,,,0.000044280000,  -1.20000,
,,,0.000044300000,  -1.60000,
,,,0.000044320000,  -1.60000,
,,,0.000044340000,  -1.20000,
,,,0.000044360000,  -1.20000,
,,,0.000044380000,  -1.20000,
,,,0.000044400000,  -1.20000,
,,,0.000044420000,  -1.60000,
,,,0.000044440000,  -1.60000,
,,,0.000044460000,  -0.80000,
,,,0.000044480000,  -1.60000,
,,,0.000044500000,  -1.60000,
,,,0.000044520000,  -1.20000,
,,,0.000044540000,  -2.00000,
,,,0.000044560000,  -1.20000,
,,,0.000044580000,  -2.00000,
,,,0.000044600000,  -1.60000,
,,,0.000044620000,  -1.20000,
,,,0.000044640000,  -1.60000,
,,,0.000044660000,  -1.20000,
,,,0.000044680000,  -1.60000,
,,,0.000044700000,  -1.60000,
,,,0.000044720000,  -1.60000,
,,,0.000044740000,  -1.20000,
,,,0.000044760000,  -1.60000,
,,,0.000044780000,  -1.60000,
,,,0.000044800000,  -1.20000,
,,,0.000044820000,  -1.60000,
,,,0.000044840000,  -1.20000,
,,,0.000044860000,  -1.60000,
,,,0.000044880000,  -1.20000,
,,,0.000044900000,  -1.60000,
,,,0.000044920000,  -1.60000,
,,,0.000044940000,  -1.20000,
,,,0.000044960000,  -1.20000,
,,,0.000044980000,  -1.60000,
,,,0.000045000000,  -1.60000,
,,,0.000045020000,  -1.20000,
,,,0.000045040000,  -1.60000,
,,,0.000045060000,  -1.60000,
,,,0.000045080000,  -1.20000,
,,,0.000045100000,  -1.60000,
,,,0.000045120000,  -1.20000,
,,,0.000045140000,  -1.60000,
,,,0.000045160000,  -1.60000,
,,,0.000045180000,  -1.60000,
,,,0.000045200000,  -2.00000,
,,,0.000045220000,  -1.20000,
,,,0.000045240000,  -1.60000,
,,,0.000045260000,  -1.20000,
,,,0.000045280000,  -1.60000,
,,,0.000045300000,  -1.60000,
,,,0.000045320000,  -1.60000,
,,,0.000045340000,  -1.60000,
,,,0.000045360000,  -1.60000,
,,,0.000045380000,  -1.60000,
,,,0.000045400000,  -1.60000,
,,,0.000045420000,  -2.00000,
,,,0.000045440000,  -1.60000,
,,,0.000045460000,  -1.60000,
,,,0.000045480000,  -1.60000,
,,,0.000045500000,  -1.20000,
,,,0.000045520000,  -1.20000,
,,,0.000045540000,  -2.00000,
,,,0.000045560000,  -1.60000,
,,,0.000045580000,  -1.60000,
,,,0.000045600000,  -2.00000,
,,,0.000045620000,  -1.60000,
,,,0.000045640000,  -1.60000,
,,,0.000045660000,  -1.20000,
,,,0.000045680000,  -2.00000,
,,,0.000045700000,  -2.00000,
,,,0.000045720000,  -2.00000,
,,,0.000045740000,  -2.00000,
,,,0.000045760000,  -1.60000,
,,,0.000045780000,  -1.20000,
,,,0.000045800000,  -1.60000,
,,,0.000045820000,  -1.60000,
,,,0.000045840000,  -1.60000,
,,,0.000045860000,  -1.60000,
,,,0.000045880000,  -1.60000,
,,,0.000045900000,  -1.60000,
,,,0.000045920000,  -2.00000,
,,,0.000045940000,  -1.60000,
,,,0.000045960000,  -2.00000,
,,,0.000045980000,  -1.60000,
,,,0.000046000000,  -2.00000,
,,,0.000046020000,  -1.60000,
,,,0.000046040000,  -2.00000,
,,,0.000046060000,  -1.60000,
,,,0.000046080000,  -1.60000,
,,,0.000046100000,  -2.00000,
,,,0.000046120000,  -1.60000,
,,,0.000046140000,  -1.60000,
,,,0.000046160000,  -2.00000,
,,,0.000046180000,  -1.60000,
,,,0.000046200000,  -2.00000,
,,,0.000046220000,  -1.60000,
,,,0.000046240000,  -1.60000,
,,,0.000046260000,  -1.60000,
,,,0.000046280000,  -2.40000,
,,,0.000046300000,  -2.00000,
,,,0.000046320000,  -1.60000,
,,,0.000046340000,  -1.60000,
,,,0.000046360000,  -2.00000,
,,,0.000046380000,  -2.00000,
,,,0.000046400000,  -2.00000,
,,,0.000046420000,  -1.60000,
,,,0.000046440000,  -1.60000,
,,,0.000046460000,  -2.00000,
,,,0.000046480000,  -2.00000,
,,,0.000046500000,  -2.00000,
,,,0.000046520000,  -2.00000,
,,,0.000046540000,  -2.00000,
,,,0.000046560000,  -2.00000,
,,,0.000046580000,  -2.00000,
,,,0.000046600000,  -2.00000,
,,,0.000046620000,  -2.00000,
,,,0.000046640000,  -1.60000,
,,,0.000046660000,  -2.00000,
,,,0.000046680000,  -2.40000,
,,,0.000046700000,  -1.60000,
,,,0.000046720000,  -2.00000,
,,,0.000046740000,  -2.40000,
,,,0.000046760000,  -2.00000,
,,,0.000046780000,  -1.60000,
,,,0.000046800000,  -1.60000,
,,,0.000046820000,  -2.00000,
,,,0.000046840000,  -2.00000,
,,,0.000046860000,  -2.00000,
,,,0.000046880000,  -1.60000,
,,,0.000046900000,  -2.00000,
,,,0.000046920000,  -1.60000,
,,,0.000046940000,  -1.60000,
,,,0.000046960000,  -2.00000,
,,,0.000046980000,  -2.40000,
,,,0.000047000000,  -2.00000,
,,,0.000047020000,  -2.00000,
,,,0.000047040000,  -2.00000,
,,,0.000047060000,  -2.00000,
,,,0.000047080000,  -1.60000,
,,,0.000047100000,  -2.00000,
,,,0.000047120000,  -2.00000,
,,,0.000047140000,  -2.00000,
,,,0.000047160000,  -1.60000,
,,,0.000047180000,  -2.00000,
,,,0.000047200000,  -1.60000,
,,,0.000047220000,  -2.00000,
,,,0.000047240000,  -2.00000,
,,,0.000047260000,  -2.40000,
,,,0.000047280000,  -2.00000,
,,,0.000047300000,  -2.00000,
,,,0.000047320000,  -2.00000,
,,,0.000047340000,  -1.60000,
,,,0.000047360000,  -2.00000,
,,,0.000047380000,  -2.00000,
,,,0.000047400000,  -2.00000,
,,,0.000047420000,  -2.40000,
,,,0.000047440000,  -1.60000,
,,,0.000047460000,  -2.00000,
,,,0.000047480000,  -1.60000,
,,,0.000047500000,  -2.00000,
,,,0.000047520000,  -2.00000,
,,,0.000047540000,  -2.00000,
,,,0.000047560000,  -1.60000,
,,,0.000047580000,  -2.00000,
,,,0.000047600000,  -2.00000,
,,,0.000047620000,  -2.00000,
,,,0.000047640000,  -2.40000,
,,,0.000047660000,  -2.40000,
,,,0.000047680000,  -2.00000,
,,,0.000047700000,  -2.40000,
,,,0.000047720000,  -2.40000,
,,,0.000047740000,  -2.00000,
,,,0.000047760000,  -2.00000,
,,,0.000047780000,  -2.40000,
,,,0.000047800000,  -2.00000,
,,,0.000047820000,  -2.00000,
,,,0.000047840000,  -1.60000,
,,,0.000047860000,  -2.00000,
,,,0.000047880000,  -2.00000,
,,,0.000047900000,  -2.00000,
,,,0.000047920000,  -2.40000,
,,,0.000047940000,  -2.00000,
,,,0.000047960000,  -2.40000,
,,,0.000047980000,  -2.00000,
,,,0.000048000000,  -2.00000,
,,,0.000048020000,  -2.00000,
,,,0.000048040000,  -1.60000,
,,,0.000048060000,  -2.00000,
,,,0.000048080000,  -2.40000,
,,,0.000048100000,  -2.00000,
,,,0.000048120000,  -2.00000,
,,,0.000048140000,  -2.00000,
,,,0.000048160000,  -2.40000,
,,,0.000048180000,  -2.00000,
,,,0.000048200000,  -2.00000,
,,,0.000048220000,  -1.60000,
,,,0.000048240000,  -2.00000,
,,,0.000048260000,  -2.40000,
,,,0.000048280000,  -2.40000,
,,,0.000048300000,  -2.00000,
,,,0.000048320000,  -2.00000,
,,,0.000048340000,  -2.00000,
,,,0.000048360000,  -2.40000,
,,,0.000048380000,  -2.40000,
,,,0.000048400000,  -2.00000,
,,,0.000048420000,  -2.40000,
,,,0.000048440000,  -2.00000,
,,,0.000048460000,  -2.00000,
,,,0.000048480000,  -2.00000,
,,,0.000048500000,  -2.40000,
,,,0.000048520000,  -2.00000,
,,,0.000048540000,  -2.00000,
,,,0.000048560000,  -2.00000,
,,,0.000048580000,  -2.00000,
,,,0.000048600000,  -2.40000,
,,,0.000048620000,  -2.40000,
,,,0.000048640000,  -2.40000,
,,,0.000048660000,  -2.00000,
,,,0.000048680000,  -2.00000,
,,,0.000048700000,  -2.00000,
,,,0.000048720000,  -2.40000,
,,,0.000048740000,  -2.40000,
,,,0.000048760000,  -2.40000,
,,,0.000048780000,  -2.40000,
,,,0.000048800000,  -2.40000,
,,,0.000048820000,  -2.00000,
,,,0.000048840000,  -2.40000,
,,,0.000048860000,  -2.40000,
,,,0.000048880000,  -2.00000,
,,,0.000048900000,  -2.00000,
,,,0.000048920000,  -2.00000,
,,,0.000048940000,  -2.40000,
,,,0.000048960000,  -2.00000,
,,,0.000048980000,  -2.00000,
,,,0.000049000000,  -2.40000,
,,,0.000049020000,  -2.40000,
,,,0.000049040000,  -2.40000,
,,,0.000049060000,  -2.00000,
,,,0.000049080000,  -1.60000,
,,,0.000049100000,  -2.00000,
,,,0.000049120000,  -2.00000,
,,,0.000049140000,  -2.40000,
,,,0.000049160000,  -2.00000,
,,,0.000049180000,  -2.00000,
,,,0.000049200000,  -2.00000,
,,,0.000049220000,  -2.00000,
,,,0.000049240000,  -2.40000,
,,,0.000049260000,  -2.80000,
,,,0.000049280000,  -2.40000,
,,,0.000049300000,  -2.40000,
,,,0.000049320000,  -2.40000,
,,,0.000049340000,  -2.40000,
,,,0.000049360000,  -2.00000,
,,,0.000049380000,  -2.40000,
,,,0.000049400000,  -2.40000,
,,,0.000049420000,  -2.40000,
,,,0.000049440000,  -2.00000,
,,,0.000049460000,  -2.00000,
,,,0.000049480000,  -2.40000,
,,,0.000049500000,  -2.00000,
,,,0.000049520000,  -2.40000,
,,,0.000049540000,  -2.00000,
,,,0.000049560000,  -2.00000,
,,,0.000049580000,  -2.40000,
,,,0.000049600000,  -2.40000,
,,,0.000049620000,  -2.00000,
,,,0.000049640000,  -2.40000,
,,,0.000049660000,  -1.60000,
,,,0.000049680000,  -2.00000,
,,,0.000049700000,  -2.00000,
,,,0.000049720000,   0.40000,
,,,0.000049740000,   4.80000,
,,,0.000049760000,   7.60000,
,,,0.000049780000,  10.00000,
,,,0.000049800000,  10.40000,
,,,0.000049820000,  10.80000,
,,,0.000049840000,  11.20000,
,,,0.000049860000,  11.20000,
,,,0.000049880000,  10.80000,
,,,0.000049900000,  10.80000,
,,,0.000049920000,  11.20000,
,,,0.000049940000,  10.80000,
,,,0.000049960000,  10.80000,
,,,0.000049980000,  10.40000,
,,,0.000050000000,  10.00000,
,,,0.000050020000,  10.40000,
,,,0.000050040000,   9.60000,
,,,0.000050060000,   9.60000,
,,,0.000050080000,   9.60000,
,,,0.000050100000,   9.20000,
,,,0.000050120000,   8.80000,
,,,0.000050140000,   8.80000,
,,,0.000050160000,   8.40000,
,,,0.000050180000,   8.40000,
,,,0.000050200000,   8.80000,
,,,0.000050220000,   8.00000,
,,,0.000050240000,   8.40000,
,,,0.000050260000,   7.20000,
,,,0.000050280000,   8.00000,
,,,0.000050300000,   7.60000,
,,,0.000050320000,   7.20000,
,,,0.000050340000,   7.20000,
,,,0.000050360000,   6.80000,
,,,0.000050380000,   6.80000,
,,,0.000050400000,   6.80000,
,,,0.000050420000,   6.80000,
,,,0.000050440000,   6.40000,
,,,0.000050460000,   6.00000,
,,,0.000050480000,   5.60000,
,,,0.000050500000,   6.00000,
,,,0.000050520000,   5.60000,
,,,0.000050540000,   6.00000,
,,,0.000050560000,   5.60000,
,,,0.000050580000,   5.60000,
,,,0.000050600000,   5.60000,
,,,0.000050620000,   5.60000,
,,,0.000050640000,   4.80000,
,,,0.000050660000,   5.20000,
,,,0.000050680000,   4.80000,
,,,0.000050700000,   4.80000,
,,,0.000050720000,   4.80000,
,,,0.000050740000,   4.40000,
,,,0.000050760000,   4.80000,
,,,0.000050780000,   4.40000,
,,,0.000050800000,   4.00000,
,,,0.000050820000,   4.00000,
,,,0.000050840000,   4.00000,
,,,0.000050860000,   4.00000,
,,,0.000050880000,   4.00000,
,,,0.000050900000,   4.00000,
,,,0.000050920000,   4.00000,
,,,0.000050940000,   3.60000,
,,,0.000050960000,   4.00000,
,,,0.000050980000,   3.20000,
,,,0.000051000000,   3.20000,
,,,0.000051020000,   3.20000,
,,,0.000051040000,   3.20000,
,,,0.000051060000,   2.80000,
,,,0.000051080000,   3.20000,
,,,0.000051100000,   2.80000,
,,,0.000051120000,   2.80000,
,,,0.000051140000,   2.80000,
,,,0.000051160000,   2.80000,
,,,0.000051180000,   2.80000,
,,,0.000051200000,   2.80000,
,,,0.000051220000,   2.80000,
,,,0.000051240000,   2.40000,
,,,0.000051260000,   2.40000,
,,,0.000051280000,   2.00000,
,,,0.000051300000,   2.40000,
,,,0.000051320000,   2.00000,
,,,0.000051340000,   2.40000,
,,,0.000051360000,   2.00000,
,,,0.000051380000,   1.60000,
,,,0.000051400000,   1.60000,
,,,0.000051420000,   2.00000,
,,,0.000051440000,   2.40000,
,,,0.000051460000,   1.60000,
,,,0.000051480000,   2.00000,
,,,0.000051500000,   1.60000,
,,,0.000051520000,   1.60000,
,,,0.000051540000,   1.20000,
,,,0.000051560000,   1.60000,
,,,0.000051580000,   1.20000,
,,,0.000051600000,   1.60000,
,,,0.000051620000,   1.20000,
,,,0.000051640000,   0.80000,
,,,0.000051660000,   0.80000,
,,,0.000051680000,   1.20000,
,,,0.000051700000,   0.80000,
,,,0.000051720000,   1.20000,
,,,0.000051740000,   0.80000,
,,,0.000051760000,   0.80000,
,,,0.000051780000,   0.80000,
,,,0.000051800000,   1.20000,
,,,0.000051820000,   0.80000,
,,,0.000051840000,   0.80000,
,,,0.000051860000,   0.80000,
,,,0.000051880000,   0.40000,
,,,0.000051900000,   0.00000,
,,,0.000051920000,   0.40000,
,,,0.000051940000,   0.40000,
,,,0.000051960000,   0.80000,
,,,0.000051980000,   0.40000,
,,,0.000052000000,   0.40000,
,,,0.000052020000,   0.40000,
,,,0.000052040000,   0.00000,
,,,0.000052060000,   0.00000,
,,,0.000052080000,   0.00000,
,,,0.000052100000,  -0.40000,
,,,0.000052120000,   0.40000,
,,,0.000052140000,   0.00000,
,,,0.000052160000,   0.40000,
,,,0.000052180000,   0.40000,
,,,0.000052200000,   0.00000,
,,,0.000052220000,   0.00000,
,,,0.000052240000,   0.00000,
,,,0.000052260000,   0.00000,
,,,0.000052280000,   0.40000,
,,,0.000052300000,   0.00000,
,,,0.000052320000,   0.40000,
,,,0.000052340000,   0.40000,
,,,0.000052360000,   0.00000,
,,,0.000052380000,   0.40000,
,,,0.000052400000,  -0.40000,
,,,0.000052420000,  -0.40000,
,,,0.000052440000,  -0.40000,
,,,0.000052460000,  -0.40000,
,,,0.000052480000,   0.00000,
,,,0.000052500000,  -0.40000,
,,,0.000052520000,  -0.40000,
,,,0.000052540000,  -0.40000,
,,,0.000052560000,  -0.80000,
,,,0.000052580000,  -0.40000,
,,,0.000052600000,   0.00000,
,,,0.000052620000,  -0.40000,
,,,0.000052640000,  -0.40000,
,,,0.000052660000,  -0.80000,
,,,0.000052680000,  -0.40000,
,,,0.000052700000,  -0.40000,
,,,0.000052720000,  -0.80000,
,,,0.000052740000,  -0.40000,
,,,0.000052760000,  -0.40000,
,,,0.000052780000,  -0.40000,
,,,0.000052800000,  -0.80000,
,,,0.000052820000,  -0.80000,
,,,0.000052840000,  -0.40000,
,,,0.000052860000,  -0.40000,
,,,0.000052880000,  -0.80000,
,,,0.000052900000,  -0.40000,
,,,0.000052920000,  -0.80000,
,,,0.000052940000,  -0.40000,
,,,0.000052960000,  -0.40000,
,,,0.000052980000,  -0.80000,
,,,0.000053000000,  -0.80000,
,,,0.000053020000,  -0.40000,
,,,0.000053040000,  -0.80000,
,,,0.000053060000,  -0.40000,
,,,0.000053080000,  -0.80000,
,,,0.000053100000,  -0.80000,
,,,0.000053120000,  -0.80000,
,,,0.000053140000,  -0.80000,
,,,0.000053160000,  -0.80000,
,,,0.000053180000,  -0.80000,
,,,0.000053200000,  -0.80000,
,,,0.000053220000,  -1.20000,
,,,0.000053240000,  -0.80000,
,,,0.000053260000,  -1.20000,
,,,0.000053280000,  -0.80000,
,,,0.000053300000,  -0.80000,
,,,0.000053320000,  -0.80000,
,,,0.000053340000,  -1.20000,
,,,0.000053360000,  -1.20000,
,,,0.000053380000,  -1.20000,
,,,0.000053400000,  -0.80000,
,,,0.000053420000,  -0.40000,
,,,0.000053440000,  -0.80000,
,,,0.000053460000,  -1.20000,
,,,0.000053480000,  -1.20000,
,,,0.000053500000,  -1.20000,
,,,0.000053520000,  -1.20000,
,,,0.000053540000,  -0.80000,
,,,0.000053560000,  -1.20000,
,,,0.000053580000,  -0.80000,
,,,0.000053600000,  -0.80000,
,,,0.000053620000,  -1.20000,
,,,0.000053640000,  -1.20000,
,,,0.000053660000,  -1.20000,
,,,0.000053680000,  -1.20000,
,,,0.000053700000,  -1.20000,
,,,0.000053720000,  -1.60000,
,,,0.000053740000,  -1.20000,
,,,0.000053760000,  -1.60000,
,,,0.000053780000,  -1.20000,
,,,0.000053800000,  -0.80000,
,,,0.000053820000,  -1.20000,
,,,0.000053840000,  -0.80000,
,,,0.000053860000,  -1.60000,
,,,0.000053880000,  -0.80000,
,,,0.000053900000,  -1.20000,
,,,0.000053920000,  -1.20000,
,,,0.000053940000,  -1.20000,
,,,0.000053960000,  -1.20000,
,,,0.000053980000,  -1.20000,
,,,0.000054000000,  -1.20000,
,,,0.000054020000,  -1.20000,
,,,0.000054040000,  -1.20000,
,,,0.000054060000,  -1.20000,
,,,0.000054080000,  -1.20000,
,,,0.000054100000,  -1.20000,
,,,0.000054120000,  -1.60000,
,,,0.000054140000,  -0.80000,
,,,0.000054160000,  -0.80000,
,,,0.000054180000,  -1.20000,
,,,0.000054200000,  -1.20000,
,,,0.000054220000,  -1.20000,
,,,0.000054240000,  -0.80000,
,,,0.000054260000,  -1.20000,
,,,0.000054280000,  -0.80000,
,,,0.000054300000,  -1.20000,
,,,0.000054320000,  -1.20000,
,,,0.000054340000,  -1.60000,
,,,0.000054360000,  -1.20000,
,,,0.000054380000,  -0.80000,
,,,0.000054400000,  -1.20000,
,,,0.000054420000,  -1.20000,
,,,0.000054440000,  -1.60000,
,,,0.000054460000,  -0.80000,
,,,0.000054480000,  -0.80000,
,,,0.000054500000,  -1.20000,
,,,0.000054520000,  -1.20000,
,,,0.000054540000,  -1.20000,
,,,0.000054560000,  -1.60000,
,,,0.000054580000,  -1.20000,
,,,0.000054600000,  -1.20000,
,,,0.000054620000,  -1.20000,
,,,0.000054640000,  -1.60000,
,,,0.000054660000,  -1.60000,
,,,0.000054680000,  -0.80000,
,,,0.000054700000,  -1.20000,
,,,0.000054720000,  -1.20000,
,,,0.000054740000,  -1.20000,
,,,0.000054760000,  -1.20000,
,,,0.000054780000,  -1.60000,
,,,0.000054800000,  -0.80000,
,,,0.000054820000,  -1.20000,
,,,0.000054840000,  -0.80000,
,,,0.000054860000,  -1.20000,
,,,0.000054880000,  -1.60000,
,,,0.000054900000,  -1.20000,
,,,0.000054920000,  -1.20000,
,,,0.000054940000,  -1.60000,
,,,0.000054960000,  -1.20000,
,,,0.000054980000,  -1.20000,
,,,0.000055000000,  -1.20000,
,,,0.000055020000,  -1.20000,
,,,0.000055040000,  -1.20000,
,,,0.000055060000,  -1.20000,
,,,0.000055080000,  -1.20000,
,,,0.000055100000,  -1.20000,
,,,0.000055120000,  -0.80000,
,,,0.000055140000,  -1.20000,
,,,0.000055160000,  -1.20000,
,,,0.000055180000,  -1.20000,
,,,0.000055200000,  -1.20000,
,,,0.000055220000,  -1.20000,
,,,0.000055240000,  -1.20000,
,,,0.000055260000,  -0.80000,
,,,0.000055280000,  -0.80000,
,,,0.000055300000,  -1.60000,
,,,0.000055320000,  -1.20000,
,,,0.000055340000,  -1.20000,
,,,0.000055360000,  -1.60000,
,,,0.000055380000,  -1.20000,
,,,0.000055400000,  -1.20000,
,,,0.000055420000,  -1.20000,
,,,0.000055440000,  -1.20000,
,,,0.000055460000,  -1.20000,
,,,0.000055480000,  -1.20000,
,,,0.000055500000,  -1.60000,
,,,0.000055520000,  -1.20000,
,,,0.000055540000,  -1.20000,
,,,0.000055560000,  -1.20000,
,,,0.000055580000,  -1.20000,
,,,0.000055600000,  -1.20000,
,,,0.000055620000,  -1.20000,
,,,0.000055640000,  -1.20000,
,,,0.000055660000,  -1.20000,
,,,0.000055680000,  -1.20000,
,,,0.000055700000,  -1.20000,
,,,0.000055720000,  -1.20000,
,,,0.000055740000,  -1.20000,
,,,0.000055760000,  -0.80000,
,,,0.000055780000,  -1.20000,
,,,0.000055800000,  -1.20000,
,,,0.000055820000,  -1.20000,
,,,0.000055840000,  -1.20000,
,,,0.000055860000,  -1.20000,
,,,0.000055880000,  -1.20000,
,,,0.000055900000,  -1.20000,
,,,0.000055920000,  -0.80000,
,,,0.000055940000,  -1.20000,
,,,0.000055960000,  -0.80000,
,,,0.000055980000,  -0.80000,
,,,0.000056000000,  -1.20000,
,,,0.000056020000,  -1.20000,
,,,0.000056040000,  -0.80000,
,,,0.000056060000,  -1.20000,
,,,0.000056080000,  -0.80000,
,,,0.000056100000,  -1.20000,
,,,0.000056120000,  -0.80000,
,,,0.000056140000,  -0.80000,
,,,0.000056160000,  -1.20000,
,,,0.000056180000,  -1.20000,
,,,0.000056200000,  -1.20000,
,,,0.000056220000,  -0.80000,
,,,0.000056240000,  -1.20000,
,,,0.000056260000,  -1.20000,
,,,0.000056280000,  -0.80000,
,,,0.000056300000,  -0.80000,
,,,0.000056320000,  -1.20000,
,,,0.000056340000,  -0.80000,
,,,0.000056360000,  -0.80000,
,,,0.000056380000,  -1.20000,
,,,0.000056400000,  -1.20000,
,,,0.000056420000,  -1.20000,
,,,0.000056440000,  -0.80000,
,,,0.000056460000,  -0.80000,
,,,0.000056480000,  -0.80000,
,,,0.000056500000,  -1.20000,
,,,0.000056520000,  -1.20000,
,,,0.000056540000,  -0.80000,
,,,0.000056560000,  -0.80000,
,,,0.000056580000,  -0.80000,
,,,0.000056600000,  -0.80000,
,,,0.000056620000,  -1.60000,
,,,0.000056640000,  -0.80000,
,,,0.000056660000,  -0.80000,
,,,0.000056680000,  -0.80000,
,,,0.000056700000,  -0.80000,
,,,0.000056720000,  -0.80000,
,,,0.000056740000,  -1.20000,
,,,0.000056760000,  -0.80000,
,,,0.000056780000,  -1.20000,
,,,0.000056800000,  -0.80000,
,,,0.000056820000,  -0.40000,
,,,0.000056840000,  -0.80000,
,,,0.000056860000,  -0.80000,
,,,0.000056880000,  -0.80000,
,,,0.000056900000,  -0.80000,
,,,0.000056920000,  -1.20000,
,,,0.000056940000,  -1.20000,
,,,0.000056960000,  -1.20000,
,,,0.000056980000,  -0.40000,
,,,0.000057000000,  -0.40000,
,,,0.000057020000,  -0.80000,
,,,0.000057040000,  -0.80000,
,,,0.000057060000,  -0.80000,
,,,0.000057080000,  -1.20000,
,,,0.000057100000,  -0.80000,
,,,0.000057120000,  -0.80000,
,,,0.000057140000,  -0.80000,
,,,0.000057160000,  -0.80000,
,,,0.000057180000,  -1.20000,
,,,0.000057200000,  -0.80000,
,,,0.000057220000,  -0.80000,
,,,0.000057240000,  -0.80000,
,,,0.000057260000,  -0.80000,
,,,0.000057280000,  -0.80000,
,,,0.000057300000,  -1.20000,
,,,0.000057320000,  -1.20000,
,,,0.000057340000,  -0.80000,
,,,0.000057360000,  -0.80000,
,,,0.000057380000,  -0.40000,
,,,0.000057400000,  -0.80000,
,,,0.000057420000,  -0.40000,
,,,0.000057440000,  -0.80000,
,,,0.000057460000,  -0.80000,
,,,0.000057480000,  -1.20000,
,,,0.000057500000,  -0.80000,
,,,0.000057520000,  -0.80000,
,,,0.000057540000,  -0.80000,
,,,0.000057560000,  -0.40000,
,,,0.000057580000,  -0.80000,
,,,0.000057600000,  -0.80000,
,,,0.000057620000,  -0.80000,
,,,0.000057640000,  -0.40000,
,,,0.000057660000,  -1.20000,
,,,0.000057680000,  -0.80000,
,,,0.000057700000,  -0.40000,
,,,0.000057720000,  -0.40000,
,,,0.000057740000,  -0.40000,
,,,0.000057760000,  -0.40000,
,,,0.000057780000,  -0.80000,
,,,0.000057800000,  -0.80000,
,,,0.000057820000,  -0.80000,
,,,0.000057840000,  -0.80000,
,,,0.000057860000,  -0.40000,
,,,0.000057880000,  -0.80000,
,,,0.000057900000,  -0.40000,
,,,0.000057920000,  -0.40000,
,,,0.000057940000,  -0.40000,
,,,0.000057960000,  -0.80000,
,,,0.000057980000,  -0.80000,
,,,0.000058000000,  -0.80000,
,,,0.000058020000,  -0.80000,
,,,0.000058040000,  -0.80000,
,,,0.000058060000,  -0.40000,
,,,0.000058080000,  -0.80000,
,,,0.000058100000,  -0.40000,
,,,0.000058120000,  -0.40000,
,,,0.000058140000,  -0.80000,
,,,0.000058160000,  -0.80000,
,,,0.000058180000,  -0.80000,
,,,0.000058200000,  -0.80000,
,,,0.000058220000,  -0.40000,
,,,0.000058240000,  -0.40000,
,,,0.000058260000,  -0.40000,
,,,0.000058280000,  -0.40000,
,,,0.000058300000,  -0.40000,
,,,0.000058320000,  -0.40000,
,,,0.000058340000,  -0.40000,
,,,0.000058360000,  -0.40000,
,,,0.000058380000,  -0.40000,
,,,0.000058400000,  -0.80000,
,,,0.000058420000,  -0.80000,
,,,0.000058440000,  -0.40000,
,,,0.000058460000,  -0.40000,
,,,0.000058480000,  -0.40000,
,,,0.000058500000,  -0.80000,
,,,0.000058520000,  -0.40000,
,,,0.000058540000,  -0.40000,
,,,0.000058560000,  -0.40000,
,,,0.000058580000,  -0.40000,
,,,0.000058600000,  -0.80000,
,,,0.000058620000,  -0.80000,
,,,0.000058640000,  -0.40000,
,,,0.000058660000,  -0.40000,
,,,0.000058680000,  -0.80000,
,,,0.000058700000,  -0.80000,
,,,0.000058720000,  -0.40000,
,,,0.000058740000,  -0.40000,
,,,0.000058760000,  -0.40000,
,,,0.000058780000,  -0.40000,
,,,0.000058800000,  -0.40000,
,,,0.000058820000,  -0.40000,
,,,0.000058840000,  -0.80000,
,,,0.000058860000,  -0.80000,
,,,0.000058880000,  -0.40000,
,,,0.000058900000,  -0.40000,
,,,0.000058920000,  -0.80000,
,,,0.000058940000,  -0.80000,
,,,0.000058960000,  -0.40000,
,,,0.000058980000,  -0.40000,
,,,0.000059000000,  -0.40000,
,,,0.000059020000,  -0.40000,
,,,0.000059040000,  -0.40000,
,,,0.000059060000,  -0.40000,
,,,0.000059080000,  -0.40000,
,,,0.000059100000,  -0.40000,
,,,0.000059120000,  -0.40000,
,,,0.000059140000,  -0.80000,
,,,0.000059160000,  -0.80000,
,,,0.000059180000,  -0.40000,
,,,0.000059200000,  -0.40000,
,,,0.000059220000,  -0.40000,
,,,0.000059240000,  -0.40000,
,,,0.000059260000,  -0.80000,
,,,0.000059280000,  -0.40000,
,,,0.000059300000,  -0.40000,
,,,0.000059320000,  -0.40000,
,,,0.000059340000,   0.00000,
,,,0.000059360000,  -0.40000,
,,,0.000059380000,  -0.40000,
,,,0.000059400000,  -0.80000,
,,,0.000059420000,   0.00000,
,,,0.000059440000,  -0.40000,
,,,0.000059460000,  -0.40000,
,,,0.000059480000,  -0.40000,
,,,0.000059500000,  -0.40000,
,,,0.000059520000,   0.00000,
,,,0.000059540000,  -0.40000,
,,,0.000059560000,  -0.40000,
,,,0.000059580000,  -0.40000,
,,,0.000059600000,  -0.40000,
,,,0.000059620000,  -0.40000,
,,,0.000059640000,   0.00000,
,,,0.000059660000,  -0.40000,
,,,0.000059680000,  -0.40000,
,,,0.000059700000,   0.00000,
,,,0.000059720000,   0.00000,
,,,0.000059740000,   0.00000,
,,,0.000059760000,   0.00000,
,,,0.000059780000,   0.00000,
,,,0.000059800000,  -0.80000,
,,,0.000059820000,   0.00000,
,,,0.000059840000,   0.00000,
,,,0.000059860000,  -0.40000,
,,,0.000059880000,   0.00000,
,,,0.000059900000,  -0.40000,
,,,0.000059920000,   0.00000,
,,,0.000059940000,   0.00000,
,,,0.000059960000,  -0.40000,
,,,0.000059980000,  -0.40000,
,,,0.000060000000,   0.00000,
,,,0.000060020000,  -0.80000,
,,,0.000060040000,   0.00000,
,,,0.000060060000,   0.00000,
,,,0.000060080000,   0.00000,
,,,0.000060100000,   0.40000,
,,,0.000060120000,  -0.40000,
,,,0.000060140000,   0.00000,
,,,0.000060160000,   0.00000,
,,,0.000060180000,   0.00000,
,,,0.000060200000,   0.00000,
,,,0.000060220000,  -0.80000,
,,,0.000060240000,   0.00000,
,,,0.000060260000,   0.00000,
,,,0.000060280000,  -0.40000,
,,,0.000060300000,   0.00000,
,,,0.000060320000,  -0.40000,
,,,0.000060340000,   0.00000,
,,,0.000060360000,   0.00000,
,,,0.000060380000,  -0.40000,
,,,0.000060400000,   0.00000,
,,,0.000060420000,   0.00000,
,,,0.000060440000,   0.00000,
,,,0.000060460000,   0.00000,
,,,0.000060480000,  -0.80000,
,,,0.000060500000,  -0.40000,
,,,0.000060520000,   0.00000,
,,,0.000060540000,   0.00000,
,,,0.000060560000,   0.40000,
,,,0.000060580000,  -0.40000,
,,,0.000060600000,  -0.40000,
,,,0.000060620000,   0.00000,
,,,0.000060640000,   0.00000,
,,,0.000060660000,  -1.60000,
,,,0.000060680000,  -6.00000,
,,,0.000060700000,  -9.60000,
,,,0.000060720000, -11.60000,
,,,0.000060740000, -12.80000,
,,,0.000060760000, -12.80000,
,,,0.000060780000, -13.20000,
,,,0.000060800000, -13.60000,
,,,0.000060820000, -13.60000,
,,,0.000060840000, -13.20000,
,,,0.000060860000, -13.20000,
,,,0.000060880000, -13.60000,
,,,0.000060900000, -13.20000,
,,,0.000060920000, -12.80000,
,,,0.000060940000, -12.40000,
,,,0.000060960000, -12.40000,
,,,0.000060980000, -12.00000,
,,,0.000061000000, -12.00000,
,,,0.000061020000, -12.00000,
,,,0.000061040000, -11.60000,
,,,0.000061060000, -11.20000,
,,,0.000061080000, -10.80000,
,,,0.000061100000, -10.80000,
,,,0.000061120000, -10.80000,
,,,0.000061140000, -10.40000,
,,,0.000061160000, -10.40000,
,,,0.000061180000, -10.40000,
,,,0.000061200000, -10.00000,
,,,0.000061220000, -10.00000,
,,,0.000061240000, -10.00000,
,,,0.000061260000,  -9.60000,
,,,0.000061280000,  -9.60000,
,,,0.000061300000,  -9.60000,
,,,0.000061320000,  -9.20000,
,,,0.000061340000,  -8.80000,
,,,0.000061360000,  -8.80000,
,,,0.000061380000,  -8.40000,
,,,0.000061400000,  -8.40000,
,,,0.000061420000,  -8.80000,
,,,0.000061440000,  -8.40000,
,,,0.000061460000,  -8.40000,
,,,0.000061480000,  -8.00000,
,,,0.000061500000,  -8.00000,
,,,0.000061520000,  -8.00000,
,,,0.000061540000,  -8.00000,
,,,0.000061560000,  -7.60000,
,,,0.000061580000,  -7.60000,
,,,0.000061600000,  -7.60000,
,,,0.000061620000,  -6.80000,
,,,0.000061640000,  -7.20000,
,,,0.000061660000,  -6.80000,
,,,0.000061680000,  -7.20000,
,,,0.000061700000,  -6.40000,
,,,0.000061720000,  -6.40000,
,,,0.000061740000,  -6.80000,
,,,0.000061760000,  -6.40000,
,,,0.000061780000,  -6.80000,
,,,0.000061800000,  -6.80000,
,,,0.000061820000,  -6.00000,
,,,0.000061840000,  -6.40000,
,,,0.000061860000,  -6.00000,
,,,0.000061880000,  -6.00000,
,,,0.000061900000,  -5.60000,
,,,0.000061920000,  -6.00000,
,,,0.000061940000,  -6.40000,
,,,0.000061960000,  -5.60000,
,,,0.000061980000,  -5.60000,
,,,0.000062000000,  -5.60000,
,,,0.000062020000,  -5.60000,
,,,0.000062040000,  -5.20000,
,,,0.000062060000,  -5.20000,
,,,0.000062080000,  -4.80000,
,,,0.000062100000,  -5.20000,
,,,0.000062120000,  -5.60000,
,,,0.000062140000,  -5.20000,
,,,0.000062160000,  -4.40000,
,,,0.000062180000,  -4.40000,
,,,0.000062200000,  -5.20000,
,,,0.000062220000,  -4.40000,
,,,0.000062240000,  -4.80000,
,,,0.000062260000,  -4.40000,
,,,0.000062280000,  -4.40000,
,,,0.000062300000,  -4.00000,
,,,0.000062320000,  -4.40000,
,,,0.000062340000,  -4.40000,
,,,0.000062360000,  -4.40000,
,,,0.000062380000,  -4.00000,
,,,0.000062400000,  -4.00000,
,,,0.000062420000,  -4.00000,
,,,0.000062440000,  -4.00000,
,,,0.000062460000,  -4.00000,
,,,0.000062480000,  -3.60000,
,,,0.000062500000,  -4.00000,
,,,0.000062520000,  -3.60000,
,,,0.000062540000,  -3.60000,
,,,0.000062560000,  -3.60000,
,,,0.000062580000,  -3.60000,
,,,0.000062600000,  -3.20000,
,,,0.000062620000,  -3.20000,
,,,0.000062640000,  -3.60000,
,,,0.000062660000,  -3.20000,
,,,0.000062680000,  -3.20000,
,,,0.000062700000,  -3.60000,
,,,0.000062720000,  -3.20000,
,,,0.000062740000,  -3.20000,
,,,0.000062760000,  -2.80000,
,,,0.000062780000,  -3.20000,
,,,0.000062800000,  -3.20000,
,,,0.000062820000,  -2.80000,
,,,0.000062840000,  -2.80000,
,,,0.000062860000,  -2.80000,
,,,0.000062880000,  -2.80000,
,,,0.000062900000,  -3.20000,
,,,0.000062920000,  -2.40000,
,,,0.000062940000,  -2.40000,
,,,0.000062960000,  -2.40000,
,,,0.000062980000,  -2.40000,
,,,0.000063000000,  -2.80000,
,,,0.000063020000,  -2.80000,
,,,0.000063040000,  -2.40000,
,,,0.000063060000,  -2.80000,
,,,0.000063080000,  -2.40000,
,,,0.000063100000,  -2.40000,
,,,0.000063120000,  -2.40000,
,,,0.000063140000,  -2.80000,
,,,0.000063160000,  -2.40000,
,,,0.000063180000,  -2.00000,
,,,0.000063200000,  -2.80000,
,,,0.000063220000,  -2.00000,
,,,0.000063240000,  -2.40000,
,,,0.000063260000,  -2.40000,
,,,0.000063280000,  -2.40000,
,,,0.000063300000,  -2.40000,
,,,0.000063320000,  -1.60000,
,,,0.000063340000,  -2.00000,
,,,0.000063360000,  -2.00000,
,,,0.000063380000,  -2.40000,
,,,0.000063400000,  -1.60000,
,,,0.000063420000,  -2.00000,
,,,0.000063440000,  -2.00000,
,,,0.000063460000,  -2.00000,
,,,0.000063480000,  -2.00000,
,,,0.000063500000,  -2.40000,
,,,0.000063520000,  -1.60000,
,,,0.000063540000,  -2.40000,
,,,0.000063560000,  -2.00000,
,,,0.000063580000,  -2.00000,
,,,0.000063600000,  -2.00000,
,,,0.000063620000,  -2.00000,
,,,0.000063640000,  -2.00000,
,,,0.000063660000,  -1.60000,
,,,0.000063680000,  -2.00000,
,,,0.000063700000,  -1.60000,
,,,0.000063720000,  -1.60000,
,,,0.000063740000,  -2.00000,
,,,0.000063760000,  -2.40000,
,,,0.000063780000,  -2.00000,
,,,0.000063800000,  -1.60000,
,,,0.000063820000,  -1.60000,
,,,0.000063840000,  -1.60000,
,,,0.000063860000,  -1.60000,
,,,0.000063880000,  -1.60000,
,,,0.000063900000,  -1.60000,
,,,0.000063920000,  -1.60000,
,,,0.000063940000,  -1.60000,
,,,0.000063960000,  -1.20000,
,,,0.000063980000,  -2.00000,
,,,0.000064000000,  -1.60000,
,,,0.000064020000,  -1.60000,
,,,0.000064040000,  -1.20000,
,,,0.000064060000,  -1.20000,
,,,0.000064080000,  -1.20000,
,,,0.000064100000,  -1.60000,
,,,0.000064120000,  -1.60000,
,,,0.000064140000,  -1.20000,
,,,0.000064160000,  -1.20000,
,,,0.000064180000,  -1.60000,
,,,0.000064200000,  -1.20000,
,,,0.000064220000,  -1.60000,
,,,0.000064240000,  -1.20000,
,,,0.000064260000,  -1.60000,
,,,0.000064280000,  -1.20000,
,,,0.000064300000,  -1.20000,
,,,0.000064320000,  -1.60000,
,,,0.000064340000,  -1.60000,
,,,0.000064360000,  -0.80000,
,,,0.000064380000,  -1.20000,
,,,0.000064400000,  -0.80000,
,,,0.000064420000,  -1.20000,
,,,0.000064440000,  -1.20000,
,,,0.000064460000,  -1.20000,
,,,0.000064480000,  -1.20000,
,,,0.000064500000,  -0.80000,
,,,0.000064520000,  -1.20000,
,,,0.000064540000,  -1.20000,
,,,0.000064560000,  -1.20000,
,,,0.000064580000,  -1.20000,
,,,0.000064600000,  -1.20000,
,,,0.000064620000,  -1.20000,
,,,0.000064640000,  -1.20000,
,,,0.000064660000,  -1.20000,
,,,0.000064680000,  -0.80000,
,,,0.000064700000,  -0.80000,
,,,0.000064720000,  -1.20000,
,,,0.000064740000,  -1.20000,
,,,0.000064760000,  -1.20000,
,,,0.000064780000,  -1.20000,
,,,0.000064800000,  -1.20000,
,,,0.000064820000,  -0.80000,
,,,0.000064840000,  -1.20000,
,,,0.000064860000,  -1.20000,
,,,0.000064880000,  -1.20000,
,,,0.000064900000,  -1.20000,
,,,0.000064920000,  -0.80000,
,,,0.000064940000,  -1.20000,
,,,0.000064960000,  -0.80000,
,,,0.000064980000,  -0.80000,
,,,0.000065000000,  -1.20000,
,,,0.000065020000,  -0.80000,
,,,0.000065040000,  -0.80000,
,,,0.000065060000,  -1.20000,
,,,0.000065080000,  -1.20000,
,,,0.000065100000,  -1.60000,
,,,0.000065120000,  -1.20000,
,,,0.000065140000,  -1.20000,
,,,0.000065160000,  -0.80000,
,,,0.000065180000,  -0.80000,
,,,0.000065200000,  -0.80000,
,,,0.000065220000,  -0.80000,
,,,0.000065240000,  -0.80000,
,,,0.000065260000,  -1.20000,
,,,0.000065280000,  -1.20000,
,,,0.000065300000,  -0.80000,
,,,0.000065320000,  -0.80000,
,,,0.000065340000,  -1.20000,
,,,0.000065360000,  -1.20000,
,,,0.000065380000,  -0.80000,
,,,0.000065400000,  -0.80000,
,,,0.000065420000,  -0.80000,
,,,0.000065440000,  -1.20000,
,,,0.000065460000,  -1.20000,
,,,0.000065480000,  -0.80000,
,,,0.000065500000,  -1.20000,
,,,0.000065520000,  -1.20000,
,,,0.000065540000,  -0.80000,
,,,0.000065560000,  -0.80000,
,,,0.000065580000,  -0.80000,
,,,0.000065600000,  -1.20000,
,,,0.000065620000,  -0.80000,
,,,0.000065640000,  -1.20000,
,,,0.000065660000,  -0.80000,
,,,0.000065680000,  -0.80000,
,,,0.000065700000,  -0.80000,
,,,0.000065720000,  -0.80000,
,,,0.000065740000,  -1.20000,
,,,0.000065760000,  -0.80000,
,,,0.000065780000,  -0.80000,
,,,0.000065800000,  -0.80000,
,,,0.000065820000,  -0.80000,
,,,0.000065840000,  -0.80000,
,,,0.000065860000,  -0.40000,
,,,0.000065880000,  -0.80000,
,,,0.000065900000,  -1.20000,
,,,0.000065920000,  -0.80000,
,,,0.000065940000,  -1.20000,
,,,0.000065960000,  -0.80000,
,,,0.000065980000,  -0.80000,
,,,0.000066000000,  -0.80000,
,,,0.000066020000,  -0.80000,
,,,0.000066040000,  -0.40000,
,,,0.000066060000,  -0.40000,
,,,0.000066080000,  -0.80000,
,,,0.000066100000,  -0.80000,
,,,0.000066120000,  -0.80000,
,,,0.000066140000,  -0.40000,
,,,0.000066160000,  -0.80000,
,,,0.000066180000,  -0.80000,
,,,0.000066200000,  -0.80000,
,,,0.000066220000,  -0.80000,
,,,0.000066240000,  -0.40000,
,,,0.000066260000,  -0.80000,
,,,0.000066280000,  -0.80000,
,,,0.000066300000,  -0.80000,
,,,0.000066320000,  -0.80000,
,,,0.000066340000,  -0.80000,
,,,0.000066360000,  -0.80000,
,,,0.000066380000,  -0.80000,
,,,0.000066400000,  -0.80000,
,,,0.000066420000,  -1.20000,
,,,0.000066440000,  -0.80000,
,,,0.000066460000,  -0.80000,
,,,0.000066480000,  -0.80000,
,,,0.000066500000,  -0.40000,
,,,0.000066520000,  -0.80000,
,,,0.000066540000,  -0.80000,
,,,0.000066560000,  -0.80000,
,,,0.000066580000,  -0.80000,
,,,0.000066600000,  -1.20000,
,,,0.000066620000,  -0.80000,
,,,0.000066640000,  -0.80000,
,,,0.000066660000,  -0.80000,
,,,0.000066680000,  -0.80000,
,,,0.000066700000,  -0.80000,
,,,0.000066720000,  -0.80000,
,,,0.000066740000,  -0.40000,
,,,0.000066760000,  -0.80000,
,,,0.000066780000,  -0.80000,
,,,0.000066800000,  -0.40000,
,,,0.000066820000,  -0.40000,
,,,0.000066840000,  -1.20000,
,,,0.000066860000,  -1.20000,
,,,0.000066880000,  -0.80000,
,,,0.000066900000,  -0.40000,
,,,0.000066920000,  -0.80000,
,,,0.000066940000,  -0.80000,
,,,0.000066960000,  -0.80000,
,,,0.000066980000,  -0.80000,
,,,0.000067000000,  -0.80000,
,,,0.000067020000,  -0.80000,
,,,0.000067040000,  -0.80000,
,,,0.000067060000,  -1.20000,
,,,0.000067080000,  -1.20000,
,,,0.000067100000,  -0.80000,
,,,0.000067120000,  -1.20000,
,,,0.000067140000,  -0.80000,
,,,0.000067160000,  -0.80000,
,,,0.000067180000,  -0.80000,
,,,0.000067200000,  -0.80000,
,,,0.000067220000,  -0.80000,
,,,0.000067240000,  -1.20000,
,,,0.000067260000,  -1.20000,
,,,0.000067280000,  -0.40000,
,,,0.000067300000,  -0.80000,
,,,0.000067320000,  -0.40000,
,,,0.000067340000,  -0.80000,
,,,0.000067360000,  -0.80000,
,,,0.000067380000,  -1.60000,
,,,0.000067400000,  -0.80000,
,,,0.000067420000,  -0.80000,
,,,0.000067440000,  -0.80000,
,,,0.000067460000,  -1.20000,
,,,0.000067480000,  -1.20000,
,,,0.000067500000,  -1.60000,
,,,0.000067520000,  -1.20000,
,,,0.000067540000,  -0.80000,
,,,0.000067560000,  -0.80000,
,,,0.000067580000,  -1.20000,
,,,0.000067600000,  -0.80000,
,,,0.000067620000,  -0.80000,
,,,0.000067640000,  -0.80000,
,,,0.000067660000,  -0.80000,
,,,0.000067680000,  -1.20000,
,,,0.000067700000,  -0.80000,
,,,0.000067720000,  -1.20000,
,,,0.000067740000,  -1.20000,
,,,0.000067760000,  -0.80000,
,,,0.000067780000,  -1.20000,
,,,0.000067800000,  -1.20000,
,,,0.000067820000,  -1.20000,
,,,0.000067840000,  -0.80000,
,,,0.000067860000,  -0.40000,
,,,0.000067880000,  -1.20000,
,,,0.000067900000,  -1.20000,
,,,0.000067920000,  -1.20000,
,,,0.000067940000,  -1.60000,
,,,0.000067960000,  -1.20000,
,,,0.000067980000,  -1.20000,
,,,0.000068000000,  -0.80000,
,,,0.000068020000,  -0.40000,
,,,0.000068040000,  -1.20000,
,,,0.000068060000,  -1.20000,
,,,0.000068080000,  -0.80000,
,,,0.000068100000,  -0.40000,
,,,0.000068120000,  -0.80000,
,,,0.000068140000,  -1.60000,
,,,0.000068160000,  -1.20000,
,,,0.000068180000,  -1.20000,
,,,0.000068200000,  -1.20000,
,,,0.000068220000,  -0.80000,
,,,0.000068240000,  -0.80000,
,,,0.000068260000,  -1.20000,
,,,0.000068280000,  -1.20000,
,,,0.000068300000,  -1.60000,
,,,0.000068320000,  -0.80000,
,,,0.000068340000,  -1.20000,
,,,0.000068360000,  -1.20000,
,,,0.000068380000,  -0.80000,
,,,0.000068400000,  -1.20000,
,,,0.000068420000,  -1.20000,
,,,0.000068440000,  -1.20000,
,,,0.000068460000,  -1.20000,
,,,0.000068480000,  -1.20000,
,,,0.000068500000,  -1.20000,
,,,0.000068520000,  -1.20000,
,,,0.000068540000,  -1.20000,
,,,0.000068560000,  -0.80000,
,,,0.000068580000,  -0.80000,
,,,0.000068600000,  -0.80000,
,,,0.000068620000,  -1.60000,
,,,0.000068640000,  -0.80000,
,,,0.000068660000,  -1.20000,
,,,0.000068680000,  -1.20000,
,,,0.000068700000,  -0.80000,
,,,0.000068720000,  -1.20000,
,,,0.000068740000,  -1.20000,
,,,0.000068760000,  -1.20000,
,,,0.000068780000,  -0.80000,
,,,0.000068800000,  -1.20000,
,,,0.000068820000,  -1.20000,
,,,0.000068840000,  -1.20000,
,,,0.000068860000,  -1.60000,
,,,0.000068880000,  -0.80000,
,,,0.000068900000,  -1.20000,
,,,0.000068920000,  -1.20000,
,,,0.000068940000,  -1.20000,
,,,0.000068960000,  -1.20000,
,,,0.000068980000,  -1.20000,
,,,0.000069000000,  -1.20000,
,,,0.000069020000,  -1.20000,
,,,0.000069040000,  -1.60000,
,,,0.000069060000,  -1.60000,
,,,0.000069080000,  -1.20000,
,,,0.000069100000,  -1.20000,
,,,0.000069120000,  -1.20000,
,,,0.000069140000,  -1.20000,
,,,0.000069160000,  -1.20000,
,,,0.000069180000,  -1.20000,
,,,0.000069200000,  -1.20000,
,,,0.000069220000,  -1.20000,
,,,0.000069240000,  -1.20000,
,,,0.000069260000,  -0.80000,
,,,0.000069280000,  -1.60000,
,,,0.000069300000,  -1.20000,
,,,0.000069320000,  -1.20000,
,,,0.000069340000,  -1.60000,
,,,0.000069360000,  -1.60000,
,,,0.000069380000,  -1.20000,
,,,0.000069400000,  -1.20000,
,,,0.000069420000,  -1.20000,
,,,0.000069440000,  -1.60000,
,,,0.000069460000,  -1.20000,
,,,0.000069480000,  -1.60000,
,,,0.000069500000,  -1.60000,
,,,0.000069520000,  -1.20000,
,,,0.000069540000,  -1.20000,
,,,0.000069560000,  -1.60000,
,,,0.000069580000,  -1.20000,
,,,0.000069600000,  -1.60000,
,,,0.000069620000,  -0.80000,
,,,0.000069640000,  -1.20000,
,,,0.000069660000,  -1.60000,
,,,0.000069680000,  -1.20000,
,,,0.000069700000,  -2.00000,
,,,0.000069720000,  -1.60000,
,,,0.000069740000,  -1.60000,
,,,0.000069760000,  -1.20000,
,,,0.000069780000,  -1.20000,
,,,0.000069800000,  -1.60000,
,,,0.000069820000,  -1.20000,
,,,0.000069840000,  -1.60000,
,,,0.000069860000,  -1.60000,
,,,0.000069880000,  -2.00000,
,,,0.000069900000,  -1.60000,
,,,0.000069920000,  -1.60000,
,,,0.000069940000,  -1.60000,
,,,0.000069960000,  -1.60000,
,,,0.000069980000,  -1.60000,
,,,0.000070000000,  -1.20000,
,,,0.000070020000,  -1.60000,
,,,0.000070040000,  -1.60000,
,,,0.000070060000,  -1.60000,
,,,0.000070080000,  -1.20000,
,,,0.000070100000,  -1.20000,
,,,0.000070120000,  -1.60000,
,,,0.000070140000,  -1.60000,
,,,0.000070160000,  -1.60000,
,,,0.000070180000,  -1.60000,
,,,0.000070200000,  -1.20000,
,,,0.000070220000,  -1.20000,
,,,0.000070240000,  -1.60000,
,,,0.000070260000,  -1.60000,
,,,0.000070280000,  -2.00000,
,,,0.000070300000,  -1.20000,
,,,0.000070320000,  -1.60000,
,,,0.000070340000,  -2.00000,
,,,0.000070360000,  -1.60000,
,,,0.000070380000,  -2.00000,
,,,0.000070400000,  -1.60000,
,,,0.000070420000,  -2.00000,
,,,0.000070440000,  -1.60000,
,,,0.000070460000,  -1.60000,
,,,0.000070480000,  -1.60000,
,,,0.000070500000,  -2.00000,
,,,0.000070520000,  -1.60000,
,,,0.000070540000,  -2.00000,
,,,0.000070560000,  -1.60000,
,,,0.000070580000,  -1.20000,
,,,0.000070600000,  -1.60000,
,,,0.000070620000,  -1.60000,
,,,0.000070640000,  -1.60000,
,,,0.000070660000,  -1.60000,
,,,0.000070680000,  -1.60000,
,,,0.000070700000,  -1.20000,
,,,0.000070720000,  -2.00000,
,,,0.000070740000,  -2.00000,
,,,0.000070760000,  -1.60000,
,,,0.000070780000,  -2.00000,
,,,0.000070800000,  -2.00000,
,,,0.000070820000,  -2.00000,
,,,0.000070840000,  -1.60000,
,,,0.000070860000,  -1.60000,
,,,0.000070880000,  -1.60000,
,,,0.000070900000,  -1.60000,
,,,0.000070920000,  -2.00000,
,,,0.000070940000,  -2.00000,
,,,0.000070960000,  -1.60000,
,,,0.000070980000,  -2.00000,
,,,0.000071000000,  -1.60000,
,,,0.000071020000,  -2.00000,
,,,0.000071040000,  -2.40000,
,,,0.000071060000,  -2.00000,
,,,0.000071080000,  -2.00000,
,,,0.000071100000,  -1.60000,
,,,0.000071120000,  -2.00000,
,,,0.000071140000,  -1.60000,
,,,0.000071160000,  -2.00000,
,,,0.000071180000,  -2.00000,
,,,0.000071200000,  -1.60000,
,,,0.000071220000,  -2.00000,
,,,0.000071240000,  -1.60000,
,,,0.000071260000,  -1.60000,
,,,0.000071280000,  -1.60000,
,,,0.000071300000,  -1.60000,
,,,0.000071320000,  -1.60000,
,,,0.000071340000,  -2.00000,
,,,0.000071360000,  -1.60000,
,,,0.000071380000,  -2.00000,
,,,0.000071400000,  -1.60000,
,,,0.000071420000,  -1.60000,
,,,0.000071440000,  -2.00000,
,,,0.000071460000,  -2.00000,
,,,0.000071480000,  -2.00000,
,,,0.000071500000,  -2.00000,
,,,0.000071520000,  -1.60000,
,,,0.000071540000,  -1.60000,
,,,0.000071560000,  -2.00000,
,,,0.000071580000,  -2.00000,
,,,0.000071600000,  -2.00000,
,,,0.000071620000,  -2.00000,
,,,0.000071640000,  -1.60000,
,,,0.000071660000,  -2.00000,
,,,0.000071680000,  -2.40000,
,,,0.000071700000,  -1.60000,
,,,0.000071720000,  -2.00000,
,,,0.000071740000,  -2.40000,
,,,0.000071760000,  -1.60000,
,,,0.000071780000,  -1.60000,
,,,0.000071800000,  -1.60000,
,,,0.000071820000,  -2.00000,
,,,0.000071840000,  -2.40000,
,,,0.000071860000,  -1.60000,
,,,0.000071880000,  -2.00000,
,,,0.000071900000,  -2.40000,
,,,0.000071920000,  -2.40000,
,,,0.000071940000,  -2.40000,
,,,0.000071960000,  -2.00000,
,,,0.000071980000,  -2.00000,
,,,0.000072000000,  -2.00000,
,,,0.000072020000,  -2.00000,
,,,0.000072040000,  -2.40000,
,,,0.000072060000,  -2.00000,
,,,0.000072080000,  -1.60000,
,,,0.000072100000,  -2.00000,
,,,0.000072120000,  -1.60000,
,,,0.000072140000,  -1.60000,
,,,0.000072160000,  -2.00000,
,,,0.000072180000,  -2.00000,
,,,0.000072200000,  -2.00000,
,,,0.000072220000,  -2.00000,
,,,0.000072240000,  -1.60000,
,,,0.000072260000,  -2.40000,
,,,0.000072280000,  -2.00000,
,,,0.000072300000,  -2.00000,
,,,0.000072320000,  -2.00000,
,,,0.000072340000,  -1.60000,
,,,0.000072360000,  -2.00000,
,,,0.000072380000,  -2.00000,
,,,0.000072400000,  -2.00000,
,,,0.000072420000,  -2.00000,
,,,0.000072440000,  -2.00000,
,,,0.000072460000,  -2.40000,
,,,0.000072480000,  -2.00000,
,,,0.000072500000,  -2.00000,
,,,0.000072520000,  -2.00000,
,,,0.000072540000,  -2.00000,
,,,0.000072560000,  -2.40000,
,,,0.000072580000,  -1.60000,
,,,0.000072600000,  -2.00000,
,,,0.000072620000,  -2.00000,
,,,0.000072640000,  -2.00000,
,,,0.000072660000,  -1.60000,
,,,0.000072680000,  -2.00000,
,,,0.000072700000,  -2.00000,
,,,0.000072720000,  -2.40000,
,,,0.000072740000,  -2.00000,
,,,0.000072760000,  -2.00000,
,,,0.000072780000,  -2.00000,
,,,0.000072800000,  -2.00000,
,,,0.000072820000,  -2.00000,
,,,0.000072840000,  -2.00000,
,,,0.000072860000,  -2.00000,
,,,0.000072880000,  -2.00000,
,,,0.000072900000,  -2.00000,
,,,0.000072920000,  -2.40000,
,,,0.000072940000,  -2.00000,
,,,0.000072960000,  -1.60000,
,,,0.000072980000,  -2.00000,
,,,0.000073000000,  -2.40000,
,,,0.000073020000,  -2.40000,
,,,0.000073040000,  -2.00000,
,,,0.000073060000,  -2.40000,
,,,0.000073080000,  -2.00000,
,,,0.000073100000,  -2.00000,
,,,0.000073120000,  -2.00000,
,,,0.000073140000,  -2.40000,
,,,0.000073160000,  -2.00000,
,,,0.000073180000,  -2.00000,
,,,0.000073200000,  -2.00000,
,,,0.000073220000,  -1.60000,
,,,0.000073240000,  -2.40000,
,,,0.000073260000,  -2.00000,
,,,0.000073280000,  -2.00000,
,,,0.000073300000,  -2.00000,
,,,0.000073320000,  -2.00000,
,,,0.000073340000,  -2.00000,
,,,0.000073360000,  -2.00000,
,,,0.000073380000,  -2.40000,
,,,0.000073400000,  -2.00000,
,,,0.000073420000,  -2.00000,
,,,0.000073440000,  -2.00000,
,,,0.000073460000,  -2.00000,
,,,0.000073480000,  -2.00000,
,,,0.000073500000,  -2.00000,
,,,0.000073520000,  -2.40000,
,,,0.000073540000,  -2.40000,
,,,0.000073560000,  -2.00000,
,,,0.000073580000,  -2.40000,
,,,0.000073600000,  -2.00000,
,,,0.000073620000,  -2.40000,
,,,0.000073640000,  -2.40000,
,,,0.000073660000,  -2.40000,
,,,0.000073680000,  -2.40000,
,,,0.000073700000,  -2.40000,
,,,0.000073720000,  -2.40000,
,,,0.000073740000,  -2.40000,
,,,0.000073760000,  -2.40000,
,,,0.000073780000,  -2.00000,
,,,0.000073800000,  -2.40000,
,,,0.000073820000,  -2.00000,
,,,0.000073840000,  -2.40000,
,,,0.000073860000,  -2.00000,
,,,0.000073880000,  -2.40000,
,,,0.000073900000,  -2.00000,
,,,0.000073920000,  -2.40000,
,,,0.000073940000,  -2.40000,
,,,0.000073960000,  -2.00000,
,,,0.000073980000,  -2.00000,
,,,0.000074000000,  -2.40000,
,,,0.000074020000,  -2.00000,
,,,0.000074040000,  -2.00000,
,,,0.000074060000,  -2.00000,
,,,0.000074080000,  -2.40000,
,,,0.000074100000,  -2.40000,
,,,0.000074120000,  -2.40000,
,,,0.000074140000,  -2.00000,
,,,0.000074160000,  -2.00000,
,,,0.000074180000,  -2.00000,
,,,0.000074200000,  -2.40000,
,,,0.000074220000,  -2.40000,
,,,0.000074240000,  -2.80000,
,,,0.000074260000,  -2.00000,
,,,0.000074280000,  -2.40000,
,,,0.000074300000,  -2.00000,
,,,0.000074320000,  -2.00000,
,,,0.000074340000,  -2.80000,
,,,0.000074360000,  -2.40000,
,,,0.000074380000,  -2.40000,
,,,0.000074400000,  -2.40000,
,,,0.000074420000,  -2.00000,
,,,0.000074440000,  -2.00000,
,,,0.000074460000,  -2.40000,
,,,0.000074480000,  -2.00000,
,,,0.000074500000,  -1.60000,
,,,0.000074520000,  -1.60000,
,,,0.000074540000,  -0.80000,
,,,0.000074560000,   3.60000,
,,,0.000074580000,   8.00000,
,,,0.000074600000,   9.20000,
,,,0.000074620000,  10.80000,
,,,0.000074640000,  10.80000,
,,,0.000074660000,  11.20000,
,,,0.000074680000,  10.80000,
,,,0.000074700000,  11.20000,
,,,0.000074720000,  11.20000,
,,,0.000074740000,  11.20000,
,,,0.000074760000,  10.80000,
,,,0.000074780000,  10.40000,
,,,0.000074800000,  10.80000,
,,,0.000074820000,  10.40000,
,,,0.000074840000,  10.00000,
,,,0.000074860000,   9.60000,
,,,0.000074880000,   9.60000,
,,,0.000074900000,   9.60000,
,,,0.000074920000,   9.20000,
,,,0.000074940000,   9.20000,
,,,0.000074960000,   8.80000,
,,,0.000074980000,   8.40000,
,,,0.000075000000,   8.40000,
,,,0.000075020000,   8.40000,
,,,0.000075040000,   8.00000,
,,,0.000075060000,   8.00000,
,,,0.000075080000,   8.00000,
,,,0.000075100000,   8.00000,
,,,0.000075120000,   7.20000,
,,,0.000075140000,   7.60000,
,,,0.000075160000,   7.20000,
,,,0.000075180000,   7.20000,
,,,0.000075200000,   7.60000,
,,,0.000075220000,   6.80000,
,,,0.000075240000,   6.80000,
,,,0.000075260000,   6.80000,
,,,0.000075280000,   6.40000,
,,,0.000075300000,   6.00000,
,,,0.000075320000,   6.40000,
,,,0.000075340000,   6.00000,
,,,0.000075360000,   5.60000,
,,,0.000075380000,   5.60000,
,,,0.000075400000,   5.20000,
,,,0.000075420000,   5.20000,
,,,0.000075440000,   5.60000,
,,,0.000075460000,   5.20000,
,,,0.000075480000,   5.20000,
,,,0.000075500000,   4.80000,
,,,0.000075520000,   5.20000,
,,,0.000075540000,   4.40000,
,,,0.000075560000,   4.80000,
,,,0.000075580000,   4.80000,
,,,0.000075600000,   4.00000,
,,,0.000075620000,   4.40000,
,,,0.000075640000,   4.00000,
,,,0.000075660000,   4.00000,
,,,0.000075680000,   4.00000,
,,,0.000075700000,   4.00000,
,,,0.000075720000,   4.00000,
,,,0.000075740000,   4.00000,
,,,0.000075760000,   4.00000,
,,,0.000075780000,   3.60000,
,,,0.000075800000,   3.20000,
,,,0.000075820000,   3.60000,
,,,0.000075840000,   3.20000,
,,,0.000075860000,   3.60000,
,,,0.000075880000,   3.20000,
,,,0.000075900000,   3.20000,
,,,0.000075920000,   3.20000,
,,,0.000075940000,   3.20000,
,,,0.000075960000,   2.80000,
,,,0.000075980000,   2.80000,
,,,0.000076000000,   2.00000,
,,,0.000076020000,   2.80000,
,,,0.000076040000,   3.20000,
,,,0.000076060000,   2.40000,
,,,0.000076080000,   2.40000,
,,,0.000076100000,   2.40000,
,,,0.000076120000,   2.40000,
,,,0.000076140000,   2.00000,
,,,0.000076160000,   2.40000,
,,,0.000076180000,   2.40000,
,,,0.000076200000,   2.40000,
,,,0.000076220000,   1.60000,
,,,0.000076240000,   1.60000,
,,,0.000076260000,   1.60000,
,,,0.000076280000,   1.60000,
,,,0.000076300000,   1.60000,
,,,0.000076320000,   1.60000,
,,,0.000076340000,   1.20000,
,,,0.000076360000,   1.20000,
,,,0.000076380000,   1.60000,
,,,0.000076400000,   1.60000,
,,,0.000076420000,   0.80000,
,,,0.000076440000,   1.20000,
,,,0.000076460000,   1.20000,
,,,0.000076480000,   1.20000,
,,,0.000076500000,   1.20000,
,,,0.000076520000,   1.20000,
,,,0.000076540000,   0.80000,
,,,0.000076560000,   0.80000,
,,,0.000076580000,   1.20000,
,,,0.000076600000,   1.20000,
,,,0.000076620000,   1.20000,
,,,0.000076640000,   1.20000,
,,,0.000076660000,   0.40000,
,,,0.000076680000,   0.80000,
,,,0.000076700000,   0.80000,
,,,0.000076720000,   0.40000,
,,,0.000076740000,   0.40000,
,,,0.000076760000,   0.40000,
,,,0.000076780000,   0.80000,
,,,0.000076800000,   0.40000,
,,,0.000076820000,   0.00000,
,,,0.000076840000,   0.40000,
,,,0.000076860000,   0.40000,
,,,0.000076880000,   0.40000,
,,,0.000076900000,   0.40000,
,,,0.000076920000,   0.40000,
,,,0.000076940000,   0.00000,
,,,0.000076960000,   0.00000,
,,,0.000076980000,   0.00000,
,,,0.000077000000,   0.00000,
,,,0.000077020000,   0.00000,
,,,0.000077040000,   0.40000,
,,,0.000077060000,   0.00000,
,,,0.000077080000,   0.40000,
,,,0.000077100000,  -0.40000,
,,,0.000077120000,  -0.40000,
,,,0.000077140000,  -0.40000,
,,,0.000077160000,  -0.40000,
,,,0.000077180000,   0.40000,
,,,0.000077200000,   0.00000,
,,,0.000077220000,   0.40000,
,,,0.000077240000,   0.00000,
,,,0.000077260000,  -0.40000,
,,,0.000077280000,   0.00000,
,,,0.000077300000,   0.00000,
,,,0.000077320000,  -0.40000,
,,,0.000077340000,   0.40000,
,,,0.000077360000,  -0.40000,
,,,0.000077380000,  -0.40000,
,,,0.000077400000,  -0.40000,
,,,0.000077420000,  -0.40000,
,,,0.000077440000,   0.00000,
,,,0.000077460000,  -0.40000,
,,,0.000077480000,  -0.40000,
,,,0.000077500000,  -0.40000,
,,,0.000077520000,  -0.40000,
,,,0.000077540000,  -0.40000,
,,,0.000077560000,   0.00000,
,,,0.000077580000,  -0.80000,
,,,0.000077600000,  -0.40000,
,,,0.000077620000,  -0.80000,
,,,0.000077640000,  -0.80000,
,,,0.000077660000,  -0.40000,
,,,0.000077680000,  -0.80000,
,,,0.000077700000,  -0.40000,
,,,0.000077720000,  -0.80000,
,,,0.000077740000,   0.00000,
,,,0.000077760000,  -0.80000,
,,,0.000077780000,  -0.80000,
,,,0.000077800000,  -0.80000,
,,,0.000077820000,  -0.80000,
,,,0.000077840000,  -1.20000,
,,,0.000077860000,  -0.80000,
,,,0.000077880000,  -0.80000,
,,,0.000077900000,  -0.40000,
,,,0.000077920000,  -0.80000,
,,,0.000077940000,  -0.80000,
,,,0.000077960000,  -1.20000,
,,,0.000077980000,  -1.20000,
,,,0.000078000000,  -0.80000,
,,,0.000078020000,  -0.80000,
,,,0.000078040000,  -0.40000,
,,,0.000078060000,  -0.80000,
,,,0.000078080000,  -0.80000,
,,,0.000078100000,  -1.20000,
,,,0.000078120000,  -0.80000,
,,,0.000078140000,  -0.80000,
,,,0.000078160000,  -0.80000,
,,,0.000078180000,  -0.80000,
,,,0.000078200000,  -0.80000,
,,,0.000078220000,  -0.80000,
,,,0.000078240000,  -0.80000,
,,,0.000078260000,  -1.20000,
,,,0.000078280000,  -1.20000,
,,,0.000078300000,  -1.60000,
,,,0.000078320000,  -1.20000,
,,,0.000078340000,  -1.20000,
,,,0.000078360000,  -1.20000,
,,,0.000078380000,  -0.80000,
,,,0.000078400000,  -1.20000,
,,,0.000078420000,  -0.80000,
,,,0.000078440000,  -0.80000,
,,,0.000078460000,  -1.20000,
,,,0.000078480000,  -1.20000,
,,,0.000078500000,  -1.20000,
,,,0.000078520000,  -0.80000,
,,,0.000078540000,  -1.20000,
,,,0.000078560000,  -1.20000,
,,,0.000078580000,  -1.20000,
,,,0.000078600000,  -0.80000,
,,,0.000078620000,  -1.20000,
,,,0.000078640000,  -1.20000,
,,,0.000078660000,  -0.80000,
,,,0.000078680000,  -0.80000,
,,,0.000078700000,  -1.20000,
,,,0.000078720000,  -0.80000,
,,,0.000078740000,  -1.20000,
,,,0.000078760000,  -0.80000,
,,,0.000078780000,  -0.80000,
,,,0.000078800000,  -1.20000,
,,,0.000078820000,  -1.20000,
,,,0.000078840000,  -1.20000,
,,,0.000078860000,  -1.20000,
,,,0.000078880000,  -1.20000,
,,,0.000078900000,  -1.20000,
,,,0.000078920000,  -1.20000,
,,,0.000078940000,  -0.80000,
,,,0.000078960000,  -1.20000,
,,,0.000078980000,  -1.60000,
,,,0.000079000000,  -1.20000,
,,,0.000079020000,  -1.20000,
,,,0.000079040000,  -1.20000,
,,,0.000079060000,  -1.60000,
,,,0.000079080000,  -1.20000,
,,,0.000079100000,  -1.20000,
,,,0.000079120000,  -1.60000,
,,,0.000079140000,  -1.20000,
,,,0.000079160000,  -0.40000,
,,,0.000079180000,  -1.20000,
,,,0.000079200000,  -0.40000,
,,,0.000079220000,  -1.20000,
,,,0.000079240000,  -1.60000,
,,,0.000079260000,  -1.20000,
,,,0.000079280000,  -1.20000,
,,,0.000079300000,  -1.20000,
,,,0.000079320000,  -0.80000,
,,,0.000079340000,  -1.20000,
,,,0.000079360000,  -1.60000,
,,,0.000079380000,  -1.20000,
,,,0.000079400000,  -0.80000,
,,,0.000079420000,  -0.80000,
,,,0.000079440000,  -1.20000,
,,,0.000079460000,  -1.20000,
,,,0.000079480000,  -1.20000,
,,,0.000079500000,  -1.20000,
,,,0.000079520000,  -1.20000,
,,,0.000079540000,  -1.20000,
,,,0.000079560000,  -1.20000,
,,,0.000079580000,  -1.20000,
,,,0.000079600000,  -1.60000,
,,,0.000079620000,  -1.20000,
,,,0.000079640000,  -1.60000,
,,,0.000079660000,  -1.20000,
,,,0.000079680000,  -1.20000,
,,,0.000079700000,  -0.80000,
,,,0.000079720000,  -1.20000,
,,,0.000079740000,  -1.20000,
,,,0.000079760000,  -1.20000,
,,,0.000079780000,  -1.20000,
,,,0.000079800000,  -1.20000,
,,,0.000079820000,  -1.20000,
,,,0.000079840000,  -0.80000,
,,,0.000079860000,  -1.60000,
,,,0.000079880000,  -0.80000,
,,,0.000079900000,  -1.20000,
,,,0.000079920000,  -1.20000,
,,,0.000079940000,  -1.20000,
,,,0.000079960000,  -1.60000,
,,,0.000079980000,  -1.20000,
,,,0.000080000000,  -1.20000,
,,,0.000080020000,  -1.20000,
,,,0.000080040000,  -0.80000,
,,,0.000080060000,  -1.20000,
,,,0.000080080000,  -1.20000,
,,,0.000080100000,  -1.20000,
,,,0.000080120000,  -0.80000,
,,,0.000080140000,  -1.60000,
,,,0.000080160000,  -1.20000,
,,,0.000080180000,  -1.20000,
,,,0.000080200000,  -1.20000,
,,,0.000080220000,  -0.80000,
,,,0.000080240000,  -1.20000,
,,,0.000080260000,  -1.20000,
,,,0.000080280000,  -1.20000,
,,,0.000080300000,  -1.20000,
,,,0.000080320000,  -0.80000,
,,,0.000080340000,  -0.80000,
,,,0.000080360000,  -0.80000,
,,,0.000080380000,  -1.20000,
,,,0.000080400000,  -1.20000,
,,,0.000080420000,  -0.80000,
,,,0.000080440000,  -1.20000,
,,,0.000080460000,  -1.20000,
,,,0.000080480000,  -0.80000,
,,,0.000080500000,  -1.20000,
,,,0.000080520000,  -1.20000,
,,,0.000080540000,  -1.20000,
,,,0.000080560000,  -0.80000,
,,,0.000080580000,  -1.20000,
,,,0.000080600000,  -1.20000,
,,,0.000080620000,  -0.80000,
,,,0.000080640000,  -1.20000,
,,,0.000080660000,  -1.20000,
,,,0.000080680000,  -1.20000,
,,,0.000080700000,  -1.20000,
,,,0.000080720000,  -0.80000,
,,,0.000080740000,  -0.80000,
,,,0.000080760000,  -0.80000,
,,,0.000080780000,  -0.80000,
,,,0.000080800000,  -0.80000,
,,,0.000080820000,  -0.80000,
,,,0.000080840000,  -0.80000,
,,,0.000080860000,  -0.80000,
,,,0.000080880000,  -0.80000,
,,,0.000080900000,  -1.20000,
,,,0.000080920000,  -0.80000,
,,,0.000080940000,  -1.20000,
,,,0.000080960000,  -0.80000,
,,,0.000080980000,  -1.20000,
